# t_sec, x, y, z, vx, vy, vz, moon_x, moon_y, moon_z, dist_sm
0.000000000e+00,6.578136300000e+03,0.000000000000e+00,0.000000000000e+00,-0.000000000000e+00,9.600428529247e+00,5.212607388926e+00,-2.317169037554e+05,3.067093681550e+05,0.000000000000e+00,3.884007757832e+05
3.045518895e+01,6.573859654733e+03,2.923195154044e+02,1.587164423871e+02,-2.807294956277e-01,9.594190908545e+00,5.209210332528e+00,-2.317417941747e+05,3.066905620209e+05,0.000000000000e+00,3.881678233207e+05
6.046427098e+01,6.561300323248e+03,5.799880912020e+02,3.149070229422e+02,-5.559637748042e-01,9.575918130019e+00,5.199258897216e+00,-2.317663185068e+05,3.066720293829e+05,0.000000000000e+00,3.879336164935e+05
9.383151438e+01,6.537685811434e+03,8.989799279491e+02,4.881032397336e+02,-8.587602984589e-01,9.541743126648e+00,5.180647378510e+00,-2.317935854900e+05,3.066514205506e+05,0.000000000000e+00,3.876681416774e+05
1.262000531e+02,6.505198642151e+03,1.207112540462e+03,6.554013059654e+02,-1.147643937937e+00,9.495112260824e+00,5.155253189787e+00,-2.318200346026e+05,3.066314262382e+05,0.000000000000e+00,3.874059340663e+05
1.577383142e+02,6.464642926651e+03,1.505694281902e+03,8.175111252752e+02,-1.423099084064e+00,9.437516530424e+00,5.123888921695e+00,-2.318458036163e+05,3.066119426009e+05,0.000000000000e+00,3.871464322698e+05
1.886398960e+02,6.416585264696e+03,1.796314342128e+03,9.752951648897e+02,-1.686030383385e+00,9.370137459584e+00,5.087198664748e+00,-2.318710508293e+05,3.065928501895e+05,0.000000000000e+00,3.868887139482e+05
2.190763484e+02,6.361424524745e+03,2.080372227447e+03,1.129512956413e+03,-1.937264444173e+00,9.293939591407e+00,5.045708355793e+00,-2.318959164853e+05,3.065740431241e+05,0.000000000000e+00,3.866319075824e+05
2.491916392e+02,6.299444564588e+03,2.359015036774e+03,1.280787024383e+03,-2.177464109275e+00,9.209741449559e+00,4.999864405802e+00,-2.319205182607e+05,3.065554325235e+05,0.000000000000e+00,3.863752729092e+05
2.828370357e+02,6.221815482455e+03,2.667167087497e+03,1.448076613479e+03,-2.435139687802e+00,9.106345554553e+00,4.943571385855e+00,-2.319480020826e+05,3.065346380589e+05,0.000000000000e+00,3.860859992792e+05
3.163731771e+02,6.136009177193e+03,2.970708160184e+03,1.612857430025e+03,-2.680075028196e+00,8.994641916390e+00,4.882759791950e+00,-2.319753948022e+05,3.065139086670e+05,0.000000000000e+00,3.857954336019e+05
3.499232724e+02,6.042154648796e+03,3.270499060029e+03,1.775596536928e+03,-2.912716150217e+00,8.875458129382e+00,4.817881114543e+00,-2.320027970658e+05,3.064931682006e+05,0.000000000000e+00,3.855029686794e+05
3.835956363e+02,5.940324444714e+03,3.567252994265e+03,1.936680883526e+03,-3.133430641453e+00,8.749553432146e+00,4.749349542589e+00,-2.320302973285e+05,3.064723496853e+05,0.000000000000e+00,3.852080803428e+05
4.137069998e+02,5.843139833524e+03,3.828962048405e+03,2.078736740993e+03,-3.319857458359e+00,8.632570699644e+00,4.685679502453e+00,-2.320548877354e+05,3.064537307297e+05,0.000000000000e+00,3.849435585732e+05
4.440532566e+02,5.739675831482e+03,4.089095862266e+03,2.219932325661e+03,-3.497299875758e+00,8.511304975351e+00,4.619683591961e+00,-2.320796684561e+05,3.064349645346e+05,0.000000000000e+00,3.846764782517e+05
4.746922551e+02,5.629911860054e+03,4.347963086291e+03,2.360435057235e+03,-3.665937311483e+00,8.386199814697e+00,4.551603687234e+00,-2.321046866896e+05,3.064160152745e+05,0.000000000000e+00,3.844065805290e+05
5.056785351e+02,5.513812091542e+03,4.605833302715e+03,2.500391153421e+03,-3.825940110219e+00,8.257677770339e+00,4.481670164443e+00,-2.321299869218e+05,3.063968491543e+05,0.000000000000e+00,3.841336283302e+05
5.370653043e+02,5.391322723868e+03,4.862953523930e+03,2.639934584524e+03,-3.977479722209e+00,8.126136970120e+00,4.410100038401e+00,-2.321556125391e+05,3.063774331875e+05,0.000000000000e+00,3.838573916890e+05
5.689030788e+02,5.262380897102e+03,5.119536879974e+03,2.779180933932e+03,-4.120721490081e+00,7.991960513416e+00,4.337102076727e+00,-2.321816047190e+05,3.063577360376e+05,0.000000000000e+00,3.835776619978e+05
6.012408960e+02,5.126913591470e+03,5.375772930611e+03,2.918232995389e+03,-4.255831208213e+00,7.855514455467e+00,4.262875704504e+00,-2.322080034201e+05,3.063377272679e+05,0.000000000000e+00,3.832942432065e+05
6.341277267e+02,4.984834368270e+03,5.631838828731e+03,3.057186831190e+03,-4.382980630071e+00,7.717144196750e+00,4.187609042773e+00,-2.322348485353e+05,3.063173764673e+05,0.000000000000e+00,3.830069410509e+05
6.676118154e+02,4.836048213545e+03,5.887893827531e+03,3.196128791223e+03,-4.502343776484e+00,7.577179230907e+00,4.111481494784e+00,-2.322621793523e+05,3.062966536587e+05,0.000000000000e+00,3.827155702835e+05
7.017399739e+02,4.680456973010e+03,6.144074180091e+03,3.335132745907e+03,-4.614094702858e+00,7.435937646288e+00,4.034666197485e+00,-2.322900339775e+05,3.062755297355e+05,0.000000000000e+00,3.824199619601e+05
7.321684392e+02,4.538643843491e+03,6.368441685911e+03,3.456870000952e+03,-4.705776702419e+00,7.311536901590e+00,3.967015356206e+00,-2.323148673774e+05,3.062566936337e+05,0.000000000000e+00,3.821576891600e+05
7.631590838e+02,4.391455998088e+03,6.593089798072e+03,3.578754816763e+03,-4.791895406430e+00,7.186575455060e+00,3.899064671578e+00,-2.323401580153e+05,3.062375074569e+05,0.000000000000e+00,3.818919239700e+05
7.947435008e+02,4.238814408347e+03,6.818088613325e+03,3.700825188776e+03,-4.872575800048e+00,7.061237012588e+00,3.830914043113e+00,-2.323659315847e+05,3.062179515293e+05,0.000000000000e+00,3.816225620264e+05
8.269541188e+02,4.080633743828e+03,7.043507116027e+03,3.823118509130e+03,-4.947946956639e+00,6.935694093785e+00,3.762657258654e+00,-2.323922144523e+05,3.061980056466e+05,0.000000000000e+00,3.813494960796e+05
8.598233244e+02,3.916827122446e+03,7.269406804491e+03,3.945668108614e+03,-5.018139295877e+00,6.810111956673e+00,3.694384130808e+00,-2.324190329421e+05,3.061776496191e+05,0.000000000000e+00,3.810726238813e+05
8.933840340e+02,3.747303859221e+03,7.495845701425e+03,4.068505432459e+03,-5.083285660374e+00,6.684646713327e+00,3.626179474721e+00,-2.324464138008e+05,3.061568629169e+05,0.000000000000e+00,3.807918436662e+05
9.276694244e+02,3.571971279326e+03,7.722876460635e+03,4.191659013211e+03,-5.143520372951e+00,6.559446704017e+00,3.558123857503e+00,-2.324743839784e+05,3.061356248362e+05,0.000000000000e+00,3.805070567398e+05
9.627129712e+02,3.390735018021e+03,7.950546680665e+03,4.315154640966e+03,-5.198979095141e+00,6.434652612349e+00,3.490293663036e+00,-2.325029706580e+05,3.061139144750e+05,0.000000000000e+00,3.802181674139e+05
9.933798001e+02,3.230615848289e+03,8.146237015222e+03,4.421299497271e+03,-5.242818159014e+00,6.328108881030e+00,3.432386949722e+00,-2.325279853783e+05,3.060949134107e+05,0.000000000000e+00,3.799672087265e+05
1.024650168e+03,3.066026878259e+03,8.342454138215e+03,4.527726521522e+03,-5.283335719985e+00,6.222040214236e+00,3.374741822648e+00,-2.325534908024e+05,3.060755362907e+05,0.000000000000e+00,3.797131096335e+05
1.056546297e+03,2.896903859329e+03,8.539223145130e+03,4.634449307615e+03,-5.320619474140e+00,6.116520492496e+00,3.317398356015e+00,-2.325795049597e+05,3.060557692198e+05,0.000000000000e+00,3.794558108909e+05
1.089090508e+03,2.723182719126e+03,8.736565991679e+03,4.741479746180e+03,-5.354757102076e+00,6.011620227146e+00,3.260394785484e+00,-2.326060459540e+05,3.060355982327e+05,0.000000000000e+00,3.791952558637e+05
1.122305073e+03,2.544800543095e+03,8.934500734205e+03,4.848827612750e+03,-5.385836123256e+00,5.907407047230e+00,3.203767773566e+00,-2.326331318431e+05,3.060150093850e+05,0.000000000000e+00,3.789313917200e+05
1.156213696e+03,2.361687767668e+03,9.133050298698e+03,4.956505323513e+03,-5.413945095310e+00,5.803941212448e+00,3.147549972395e+00,-2.326607818441e+05,3.059939878359e+05,0.000000000000e+00,3.786641578007e+05
1.190838706e+03,2.173783415150e+03,9.332225933223e+03,5.064518961058e+03,-5.439171011915e+00,5.701284395671e+00,3.091774796667e+00,-2.326890140466e+05,3.059725195863e+05,0.000000000000e+00,3.783935078757e+05
1.226203843e+03,1.981020242057e+03,9.532043668523e+03,5.172877201496e+03,-5.461601637770e+00,5.599491170307e+00,3.036471799002e+00,-2.327178476812e+05,3.059505897537e+05,0.000000000000e+00,3.781193881914e+05
1.256257910e+03,1.816621759084e+03,9.699061496667e+03,5.263445769229e+03,-5.478221773879e+00,5.515358998141e+00,2.990766051715e+00,-2.327423495100e+05,3.059319511665e+05,0.000000000000e+00,3.778882636261e+05
1.286856424e+03,1.648764758485e+03,9.866540720242e+03,5.354262023079e+03,-5.493011486200e+00,5.431890685520e+00,2.945422924685e+00,-2.327672936704e+05,3.059129729144e+05,0.000000000000e+00,3.776546657809e+05
1.318013542e+03,1.477410512267e+03,1.003448748873e+04,5.445329287333e+03,-5.506020800121e+00,5.349112490955e+00,2.900456622693e+00,-2.327926916194e+05,3.058936461069e+05,0.000000000000e+00,3.774185661863e+05
1.349744646e+03,1.302514393799e+03,1.020291281592e+04,5.536653523567e+03,-5.517299779150e+00,5.267046338865e+00,2.855878995122e+00,-2.328185558071e+05,3.058739610884e+05,0.000000000000e+00,3.771799289872e+05
1.382063603e+03,1.124040986026e+03,1.037181797477e+04,5.628235411330e+03,-5.526897446929e+00,5.185717017783e+00,2.811703446281e+00,-2.328448974466e+05,3.058539091349e+05,0.000000000000e+00,3.769387316017e+05
1.414984861e+03,9.419526398348e+02,1.054120585940e+04,5.720076509116e+03,-5.534862681052e+00,5.105146594803e+00,2.767941901421e+00,-2.328717282170e+05,3.058334811580e+05,0.000000000000e+00,3.766949488407e+05
1.448524061e+03,7.562060657014e+02,1.071108393198e+04,5.812180851950e+03,-5.541244152434e+00,5.025353152070e+00,2.724604120862e+00,-2.328990607663e+05,3.058126673213e+05,0.000000000000e+00,3.764485485209e+05
1.482696035e+03,5.667634588862e+02,1.088145391210e+04,5.904549361010e+03,-5.546089802553e+00,4.946355740640e+00,2.681700390873e+00,-2.329269070770e+05,3.057914582842e+05,0.000000000000e+00,3.761995063290e+05
1.517516146e+03,3.735851097396e+02,1.105231871597e+04,5.997183606054e+03,-5.549447147897e+00,4.868171119778e+00,2.639239752813e+00,-2.329552795600e+05,3.057698443685e+05,0.000000000000e+00,3.759477958786e+05
1.552999181e+03,1.766355903214e+02,1.122367701127e+04,6.090082853328e+03,-5.551363128584e+00,4.790816300599e+00,2.597231384723e+00,-2.329841901500e+05,3.057478162476e+05,0.000000000000e+00,3.756933967505e+05
1.589162116e+03,-2.413157879191e+01,1.139553656808e+04,6.183251303553e+03,-5.551884211731e+00,4.714302577521e+00,2.555681360236e+00,-2.330136525603e+05,3.057253632273e+05,0.000000000000e+00,3.754362746794e+05
1.626020676e+03,-2.287548003120e+02,1.156789754464e+04,6.276689030465e+03,-5.551056124045e+00,4.638643162446e+00,2.514596794606e+00,-2.330436794788e+05,3.057024753825e+05,0.000000000000e+00,3.751764063185e+05
1.663590457e+03,-4.372705984609e+02,1.174075816950e+04,6.370395061539e+03,-5.548924013062e+00,4.563850571666e+00,2.473984425645e+00,-2.330742834819e+05,3.056791428596e+05,0.000000000000e+00,3.749137710072e+05
1.694170424e+03,-6.069184515489e+02,1.187941156512e+04,6.445555848169e+03,-5.546309245769e+00,4.504645367601e+00,2.441837055049e+00,-2.330991919206e+05,3.056601490643e+05,0.000000000000e+00,3.747016468319e+05
1.725224394e+03,-7.791024717499e+02,1.201838439427e+04,6.520888149891e+03,-5.542910818290e+00,4.446006321687e+00,2.409998008755e+00,-2.331244848680e+05,3.056408587788e+05,0.000000000000e+00,3.744877249882e+05
1.756761862e+03,-9.538480492422e+02,1.215768061823e+04,6.596394107345e+03,-5.538750777372e+00,4.387935838100e+00,2.378468563093e+00,-2.331501699822e+05,3.056212660095e+05,0.000000000000e+00,3.742719870430e+05
1.788790918e+03,-1.131172284952e+03,1.229729736068e+04,6.672072154625e+03,-5.533851035127e+00,4.330438667439e+00,2.347251268711e+00,-2.331762537761e+05,3.056013656300e+05,0.000000000000e+00,3.740544249898e+05
1.821321735e+03,-1.311103275857e+03,1.243724022588e+04,6.747925322505e+03,-5.528232882721e+00,4.273515561870e+00,2.316346505690e+00,-2.332027444542e+05,3.055811512169e+05,0.000000000000e+00,3.738350174818e+05
1.854362000e+03,-1.493654851674e+03,1.257750349245e+04,6.823950502726e+03,-5.521917711833e+00,4.217171415754e+00,2.285756903376e+00,-2.332296481963e+05,3.055606178849e+05,0.000000000000e+00,3.736137607624e+05
1.887921010e+03,-1.678849185235e+03,1.271808784633e+04,6.900148059917e+03,-5.514926355151e+00,4.161408010106e+00,2.255483401147e+00,-2.332569724857e+05,3.055397597479e+05,0.000000000000e+00,3.733906409778e+05
1.922007777e+03,-1.866706360741e+03,1.285899222255e+04,6.976517409544e+03,-5.507279387550e+00,4.106227368168e+00,2.225527070276e+00,-2.332847245746e+05,3.055185710888e+05,0.000000000000e+00,3.731656469336e+05
1.956631936e+03,-2.057249320293e+03,1.300021754995e+04,7.053059047561e+03,-5.498996930986e+00,4.051630292214e+00,2.195888319604e+00,-2.333129122157e+05,3.054970458015e+05,0.000000000000e+00,3.729387641428e+05
1.991802786e+03,-2.250498609083e+03,1.314176280570e+04,7.129772411966e+03,-5.490098862343e+00,3.997617927998e+00,2.166567744863e+00,-2.333415428868e+05,3.054751779821e+05,0.000000000000e+00,3.727099811230e+05
2.027529430e+03,-2.446473124653e+03,1.328362566479e+04,7.206656234911e+03,-5.480604804533e+00,3.944191491411e+00,2.137565980271e+00,-2.333706239010e+05,3.054529618453e+05,0.000000000000e+00,3.724792884309e+05
2.063822519e+03,-2.645199683627e+03,1.342580937821e+04,7.283712270331e+03,-5.470533645930e+00,3.891349715235e+00,2.108882312572e+00,-2.334001638279e+05,3.054303906377e+05,0.000000000000e+00,3.722466674373e+05
2.100691304e+03,-2.846696835019e+03,1.356831106898e+04,7.360938950890e+03,-5.459904325733e+00,3.839093267750e+00,2.080517079629e+00,-2.334301700935e+05,3.054074584717e+05,0.000000000000e+00,3.720121093713e+05
2.138145546e+03,-3.050985359346e+03,1.371112937555e+04,7.438335530440e+03,-5.448735333886e+00,3.787421872340e+00,2.052470106831e+00,-2.334606505368e+05,3.053841591355e+05,0.000000000000e+00,3.717756029274e+05
2.176193944e+03,-3.258079654247e+03,1.385425844460e+04,7.515898828567e+03,-5.437045180537e+00,3.736336491436e+00,2.024741892544e+00,-2.334916121255e+05,3.053604870756e+05,0.000000000000e+00,3.715371442266e+05
2.214847171e+03,-3.468004307684e+03,1.399769944296e+04,7.593629469099e+03,-5.424851469445e+00,3.685835209521e+00,1.997331373467e+00,-2.335230634315e+05,3.053364355028e+05,0.000000000000e+00,3.712967176881e+05
2.254118581e+03,-3.680797783900e+03,1.414146264001e+04,7.671533008114e+03,-5.412170593197e+00,3.635912701285e+00,1.970235636149e+00,-2.335550152024e+05,3.053119959546e+05,0.000000000000e+00,3.710542921503e+05
2.294015188e+03,-3.896463547684e+03,1.428553442746e+04,7.749602062378e+03,-5.399020658059e+00,3.586571680000e+00,1.943456130649e+00,-2.335874730230e+05,3.052871639076e+05,0.000000000000e+00,3.708098765216e+05
2.324354930e+03,-4.060114636944e+03,1.439379254999e+04,7.808263425849e+03,-5.388860214316e+00,3.549945501373e+00,1.923577922490e+00,-2.336121541040e+05,3.052682778392e+05,0.000000000000e+00,3.706252473773e+05
2.355057652e+03,-4.225407841654e+03,1.450222631950e+04,7.867019001492e+03,-5.378451918293e+00,3.513643311334e+00,1.903875891757e+00,-2.336371289115e+05,3.052491637892e+05,0.000000000000e+00,3.704394814274e+05
2.386126203e+03,-4.392343415139e+03,1.461082930199e+04,7.925865299059e+03,-5.367803136305e+00,3.477666083706e+00,1.884350557916e+00,-2.336623997067e+05,3.052298199116e+05,0.000000000000e+00,3.702525837258e+05
2.417566981e+03,-4.560940498032e+03,1.471960735615e+04,7.984805489055e+03,-5.356919925636e+00,3.442010622912e+00,1.865000177779e+00,-2.336879716364e+05,3.052102421487e+05,0.000000000000e+00,3.700645381810e+05
2.449383112e+03,-4.731200461061e+03,1.482855477004e+04,8.043836472435e+03,-5.345809370367e+00,3.406677479131e+00,1.845825041174e+00,-2.337138471846e+05,3.051904284773e+05,0.000000000000e+00,3.698753486089e+05
2.481581062e+03,-4.903142352657e+03,1.493767713596e+04,8.102961275126e+03,-5.334477295677e+00,3.371663450825e+00,1.826823402032e+00,-2.337400315499e+05,3.051703747926e+05,0.000000000000e+00,3.696849991925e+05
2.514165180e+03,-5.076773664467e+03,1.504697256421e+04,8.162178868941e+03,-5.322930166186e+00,3.336967713527e+00,1.807994804480e+00,-2.337665282070e+05,3.051500783058e+05,0.000000000000e+00,3.694934870299e+05
2.547139458e+03,-5.252099806001e+03,1.515643787526e+04,8.221487526874e+03,-5.311174484004e+00,3.302589760634e+00,1.789338965271e+00,-2.337933403391e+05,3.051295364482e+05,0.000000000000e+00,3.693008115040e+05
2.580507704e+03,-5.429125040493e+03,1.526606922898e+04,8.280885164042e+03,-5.299216729961e+00,3.268529190681e+00,1.770855658332e+00,-2.338204709786e+05,3.051087467631e+05,0.000000000000e+00,3.691069732187e+05
2.614275099e+03,-5.607860717087e+03,1.537586718820e+04,8.340372081054e+03,-5.287062803428e+00,3.234784152158e+00,1.752543870846e+00,-2.338479242703e+05,3.050877059379e+05,0.000000000000e+00,3.689119650119e+05
2.648448278e+03,-5.788325645655e+03,1.548583677015e+04,8.399950991686e+03,-5.274717981545e+00,3.201351404478e+00,1.734401836387e+00,-2.338757055419e+05,3.050664097492e+05,0.000000000000e+00,3.687157716880e+05
2.683031101e+03,-5.970523725700e+03,1.559597379844e+04,8.459619628696e+03,-5.262188450384e+00,3.168230475506e+00,1.716429290984e+00,-2.339038178616e+05,3.050448557012e+05,0.000000000000e+00,3.685183943505e+05
2.718028150e+03,-6.154462487321e+03,1.570627634064e+04,8.519376940574e+03,-5.249480048443e+00,3.135420129635e+00,1.698625556497e+00,-2.339322648825e+05,3.050230408460e+05,0.000000000000e+00,3.683198301358e+05
2.753445263e+03,-6.340155843236e+03,1.581674625057e+04,8.579223926977e+03,-5.236598069258e+00,3.102917956329e+00,1.680989317388e+00,-2.339610512768e+05,3.050009614501e+05,0.000000000000e+00,3.681200693275e+05
2.789288225e+03,-6.527617174735e+03,1.592738495400e+04,8.639161355519e+03,-5.223547736504e+00,3.070721653299e+00,1.663519317020e+00,-2.339901816718e+05,3.049786138096e+05,0.000000000000e+00,3.679191028737e+05
2.825560058e+03,-6.716845210904e+03,1.603818522835e+04,8.699185308632e+03,-5.210335194330e+00,3.038831374504e+00,1.646215631673e+00,-2.340196584471e+05,3.049559959409e+05,0.000000000000e+00,3.677169374357e+05
2.862266861e+03,-6.907854563449e+03,1.614914920979e+04,8.759296938734e+03,-5.196965381423e+00,3.007244498423e+00,1.629076831762e+00,-2.340494864810e+05,3.049331039392e+05,0.000000000000e+00,3.675135626643e+05
2.899413578e+03,-7.100653582257e+03,1.626027531519e+04,8.819495383280e+03,-5.183443573036e+00,2.975959439644e+00,1.612102050038e+00,-2.340796697098e+05,3.049099346177e+05,0.000000000000e+00,3.673089749468e+05
2.937004936e+03,-7.295249299696e+03,1.637156120195e+04,8.879779368301e+03,-5.169775039028e+00,2.944974773416e+00,1.595290506556e+00,-2.341102118932e+05,3.048864849207e+05,0.000000000000e+00,3.671031720734e+05
2.975048172e+03,-7.491661486529e+03,1.648301174199e+04,8.940151527856e+03,-5.155964056183e+00,2.914287043114e+00,1.578640319071e+00,-2.341411188263e+05,3.048627502250e+05,0.000000000000e+00,3.668961384224e+05
3.013547432e+03,-7.689893690036e+03,1.659462249907e+04,9.000609453684e+03,-5.142015944756e+00,2.883895346452e+00,1.562150991394e+00,-2.341723937905e+05,3.048387278323e+05,0.000000000000e+00,3.666878755586e+05
3.052508272e+03,-7.889956530758e+03,1.670639305061e+04,9.061152911667e+03,-5.127935433120e+00,2.853797628853e+00,1.545821402263e+00,-2.342040412108e+05,3.048144141613e+05,0.000000000000e+00,3.664783775955e+05
3.091935713e+03,-8.091857669221e+03,1.681832129311e+04,9.121780757129e+03,-5.113727363887e+00,2.823992254255e+00,1.529650657613e+00,-2.342360650767e+05,3.047898059604e+05,0.000000000000e+00,3.662676417726e+05
3.131836073e+03,-8.295611151309e+03,1.693040862716e+04,9.182493743381e+03,-5.099396037489e+00,2.794476624536e+00,1.513637341549e+00,-2.342684704247e+05,3.047648991680e+05,0.000000000000e+00,3.660556586975e+05
3.172215276e+03,-8.501228769926e+03,1.704265512568e+04,9.243291904455e+03,-5.084945821836e+00,2.765248484141e+00,1.497780224173e+00,-2.343012619728e+05,3.047396899617e+05,0.000000000000e+00,3.658424213963e+05
3.213077492e+03,-8.708713152761e+03,1.715505585282e+04,9.304172561361e+03,-5.070381638266e+00,2.736306844681e+00,1.482078763180e+00,-2.343344430089e+05,3.047141756133e+05,0.000000000000e+00,3.656279324089e+05
3.254428370e+03,-8.918074264208e+03,1.726760989118e+04,9.365135211688e+03,-5.055707802175e+00,2.707649629314e+00,1.466531825861e+00,-2.343680180208e+05,3.046883524669e+05,0.000000000000e+00,3.654121866607e+05
3.296275751e+03,-9.129332893060e+03,1.738032204404e+04,9.426182451385e+03,-5.040927783906e+00,2.679273306523e+00,1.451137490462e+00,-2.344019932740e+05,3.046622154932e+05,0.000000000000e+00,3.651951680053e+05
3.338622298e+03,-9.342483425955e+03,1.749318298209e+04,9.487309221802e+03,-5.026046814454e+00,2.651177886597e+00,1.435895756811e+00,-2.344363708248e+05,3.046357628948e+05,0.000000000000e+00,3.649768874594e+05
3.381476331e+03,-9.557548554899e+03,1.760619841332e+04,9.548518608703e+03,-5.011068060130e+00,2.623359585780e+00,1.420804566564e+00,-2.344711573208e+05,3.046089893365e+05,0.000000000000e+00,3.647573270182e+05
3.424843901e+03,-9.774539249601e+03,1.771936772283e+04,9.609810273148e+03,-4.995995424837e+00,2.595816206421e+00,1.405862721978e+00,-2.345063575645e+05,3.045818908960e+05,0.000000000000e+00,3.645364807779e+05
3.468730727e+03,-9.993464578884e+03,1.783268927158e+04,9.671183321444e+03,-4.980832861950e+00,2.568545782737e+00,1.391069151206e+00,-2.345419760864e+05,3.045544638541e+05,0.000000000000e+00,3.643143447997e+05
3.513141536e+03,-1.021432843947e+04,1.794615875948e+04,9.732635418738e+03,-4.965584598925e+00,2.541546955731e+00,1.376423111672e+00,-2.345780166061e+05,3.045267051100e+05,0.000000000000e+00,3.640909203846e+05
3.558082465e+03,-1.043714156754e+04,1.805977542634e+04,9.794166147277e+03,-4.950254307039e+00,2.514817488862e+00,1.361923384856e+00,-2.346144839883e+05,3.044986106748e+05,0.000000000000e+00,3.638662018983e+05
3.588342193e+03,-1.058677949438e+04,1.813560509195e+04,9.835232185015e+03,-4.939989796394e+00,2.497145490587e+00,1.352337098650e+00,-2.346390363923e+05,3.044796916066e+05,0.000000000000e+00,3.637156602281e+05
3.618841763e+03,-1.073728989263e+04,1.821149861404e+04,9.876332322500e+03,-4.929691598888e+00,2.479591784312e+00,1.342815064262e+00,-2.346637818584e+05,3.044606205799e+05,0.000000000000e+00,3.635645411347e+05
3.649583460e+03,-1.088867805592e+04,1.828745680950e+04,9.917467000280e+03,-4.919360599556e+00,2.462155457207e+00,1.333356785035e+00,-2.346887222027e+05,3.044413961189e+05,0.000000000000e+00,3.634128408493e+05
3.680569559e+03,-1.104094916820e+04,1.836348041198e+04,9.958636613777e+03,-4.908997677378e+00,2.444835621267e+00,1.323961777803e+00,-2.347138592336e+05,3.044220167525e+05,0.000000000000e+00,3.632605557360e+05
3.711802782e+03,-1.119411053131e+04,1.843957117761e+04,9.999842112082e+03,-4.898603554508e+00,2.427631163566e+00,1.314629437422e+00,-2.347391951206e+05,3.044024807292e+05,0.000000000000e+00,3.631076800696e+05
3.743282056e+03,-1.134815081371e+04,1.851572162637e+04,1.004107944263e+04,-4.888180200743e+00,2.410543048318e+00,1.305360285478e+00,-2.347647289546e+05,3.043827886706e+05,0.000000000000e+00,3.629542267077e+05
3.775012187e+03,-1.150308743613e+04,1.859193852137e+04,1.008235226592e+04,-4.877727622845e+00,2.393569029671e+00,1.296153102325e+00,-2.347904645949e+05,3.043629375192e+05,0.000000000000e+00,3.628001798427e+05
3.806992408e+03,-1.165891052227e+04,1.866821515130e+04,1.012365694572e+04,-4.867247657920e+00,2.376709875118e+00,1.287008302872e+00,-2.348164013801e+05,3.043429277031e+05,0.000000000000e+00,3.626455508447e+05
3.839226785e+03,-1.181563372101e+04,1.874455635449e+04,1.016499610011e+04,-4.856740543137e+00,2.359963784355e+00,1.277924909203e+00,-2.348425425663e+05,3.043227566269e+05,0.000000000000e+00,3.624903277132e+05
3.871717371e+03,-1.197326079423e+04,1.882096208134e+04,1.020636970022e+04,-4.846207170221e+00,2.343330050433e+00,1.268902536490e+00,-2.348688897776e+05,3.043024229523e+05,0.000000000000e+00,3.623345082977e+05
3.904465101e+03,-1.213179003709e+04,1.889742963968e+04,1.024777628626e+04,-4.835648781091e+00,2.326808535970e+00,1.259941108867e+00,-2.348954437301e+05,3.042819260404e+05,0.000000000000e+00,3.621780958470e+05
3.937473209e+03,-1.229123082666e+04,1.897396168306e+04,1.028921729308e+04,-4.825065865258e+00,2.310397945356e+00,1.251039922246e+00,-2.349222070031e+05,3.042612638125e+05,0.000000000000e+00,3.620210826762e+05
3.970742162e+03,-1.245157912053e+04,1.905055440599e+04,1.033069065804e+04,-4.814459790445e+00,2.294098370949e+00,1.242199025406e+00,-2.349491799328e+05,3.042404359202e+05,0.000000000000e+00,3.618634743308e+05
4.004273368e+03,-1.261283540318e+04,1.912720621026e+04,1.037219551372e+04,-4.803831606388e+00,2.277909417734e+00,1.233418202780e+00,-2.349763636167e+05,3.042194414258e+05,0.000000000000e+00,3.617052718714e+05
4.038071602e+03,-1.277501627184e+04,1.920392311899e+04,1.041373511944e+04,-4.793181290721e+00,2.261829090888e+00,1.224696371097e+00,-2.350037618815e+05,3.041982772823e+05,0.000000000000e+00,3.615464605820e+05
4.072137571e+03,-1.293811869611e+04,1.928070180856e+04,1.045530767344e+04,-4.782510102738e+00,2.245857372562e+00,1.216033519408e+00,-2.350313752547e+05,3.041769429886e+05,0.000000000000e+00,3.613870450166e+05
4.106472168e+03,-1.310214053040e+04,1.935753941953e+04,1.049691162536e+04,-4.771819225207e+00,2.229994130272e+00,1.207429574595e+00,-2.350592044129e+05,3.041554379273e+05,0.000000000000e+00,3.612270288274e+05
4.141077153e+03,-1.326708377154e+04,1.943443506087e+04,1.053854649069e+04,-4.761109554304e+00,2.214238813954e+00,1.198884237064e+00,-2.350872507382e+05,3.041337609348e+05,0.000000000000e+00,3.610664116036e+05
4.175958246e+03,-1.343296917019e+04,1.951139652529e+04,1.058021648662e+04,-4.750380761727e+00,2.198589111202e+00,1.190396251391e+00,-2.351155188182e+05,3.041119083674e+05,0.000000000000e+00,3.609051747206e+05
4.211114513e+03,-1.359978572873e+04,1.958841681909e+04,1.062191782428e+04,-4.739634565806e+00,2.183045732429e+00,1.181966001678e+00,-2.351440078466e+05,3.040898807488e+05,0.000000000000e+00,3.607433304584e+05
4.246548803e+03,-1.376754041953e+04,1.966549730618e+04,1.066365123998e+04,-4.728871507312e+00,2.167607679939e+00,1.173592945605e+00,-2.351727200835e+05,3.040676762310e+05,0.000000000000e+00,3.605808736150e+05
4.282261409e+03,-1.393622807428e+04,1.974263377256e+04,1.070541444999e+04,-4.718092892907e+00,2.152275071283e+00,1.165277145736e+00,-2.352016557178e+05,3.040452945658e+05,0.000000000000e+00,3.604178107460e+05
4.318256797e+03,-1.410586317978e+04,1.981983099463e+04,1.074721003818e+04,-4.707298760222e+00,2.137046234441e+00,1.157017694060e+00,-2.352308183165e+05,3.040227328904e+05,0.000000000000e+00,3.602541294056e+05
4.354534603e+03,-1.427643738699e+04,1.989708332642e+04,1.078903494554e+04,-4.696490590906e+00,2.121921561354e+00,1.148814801988e+00,-2.352602075334e+05,3.039999913674e+05,0.000000000000e+00,3.600898392075e+05
4.391099978e+03,-1.444796824512e+04,1.997439686131e+04,1.083089246883e+04,-4.685668211865e+00,2.106899140901e+00,1.140667431873e+00,-2.352898274896e+05,3.039770667006e+05,0.000000000000e+00,3.599249248136e+05
4.427954330e+03,-1.462045561818e+04,2.005176964863e+04,1.087278154966e+04,-4.674832562556e+00,2.091978645898e+00,1.132575405143e+00,-2.353196792729e+05,3.039539579392e+05,0.000000000000e+00,3.597593879478e+05
4.465096766e+03,-1.479388861413e+04,2.012919497054e+04,1.091469854883e+04,-4.663985238592e+00,2.077160649419e+00,1.124539031476e+00,-2.353497621062e+05,3.039306655745e+05,0.000000000000e+00,3.595932406112e+05
4.502531943e+03,-1.496828224353e+04,2.020667770437e+04,1.095664610459e+04,-4.653126199295e+00,2.062443494674e+00,1.116557411219e+00,-2.353800797070e+05,3.039071866165e+05,0.000000000000e+00,3.594264699656e+05
4.540263265e+03,-1.514364553368e+04,2.028421998171e+04,1.099862536862e+04,-4.642255775931e+00,2.047826071684e+00,1.108629941301e+00,-2.354106347759e+05,3.038835188595e+05,0.000000000000e+00,3.592590689653e+05
4.578289511e+03,-1.531996598989e+04,2.036181443084e+04,1.104063234776e+04,-4.631375620280e+00,2.033309056849e+00,1.100756987472e+00,-2.354414262685e+05,3.038596629970e+05,0.000000000000e+00,3.590910510991e+05
4.616616886e+03,-1.549726551462e+04,2.043946883542e+04,1.108267125348e+04,-4.620485247499e+00,2.018890284735e+00,1.092937374291e+00,-2.354724591515e+05,3.038356150637e+05,0.000000000000e+00,3.589223970648e+05
4.655246537e+03,-1.567554247927e+04,2.051718058475e+04,1.112474067003e+04,-4.609585618497e+00,2.004569545032e+00,1.085170986654e+00,-2.355037342968e+05,3.038113742642e+05,0.000000000000e+00,3.587531100147e+05
4.694178167e+03,-1.585478858568e+04,2.059494421644e+04,1.116683763797e+04,-4.598678082936e+00,1.990347135621e+00,1.077457985058e+00,-2.355352514033e+05,3.037869407107e+05,0.000000000000e+00,3.585831993903e+05
4.733414839e+03,-1.603501101583e+04,2.067276102539e+04,1.120896285596e+04,-4.587763031365e+00,1.976222105748e+00,1.069797852859e+00,-2.355670128912e+05,3.037623124048e+05,0.000000000000e+00,3.584126599270e+05
4.772960840e+03,-1.621622246829e+04,2.075063463319e+04,1.125111828205e+04,-4.576840516746e+00,1.962193097777e+00,1.062189852777e+00,-2.355990221713e+05,3.037374865767e+05,0.000000000000e+00,3.582414811842e+05
4.812815612e+03,-1.639841336320e+04,2.082855907268e+04,1.129330068363e+04,-4.565911925887e+00,1.948260485189e+00,1.054634186341e+00,-2.356312787294e+05,3.037124634985e+05,0.000000000000e+00,3.580696737790e+05
4.852982752e+03,-1.658159311649e+04,2.090653654191e+04,1.133551124815e+04,-4.554977489385e+00,1.934423169430e+00,1.047130256803e+00,-2.356637854140e+05,3.036872408323e+05,0.000000000000e+00,3.578972303834e+05
4.893465390e+03,-1.676576891430e+04,2.098456824093e+04,1.137775062271e+04,-4.544037567151e+00,1.920680242549e+00,1.039677570795e+00,-2.356965446953e+05,3.036618165306e+05,0.000000000000e+00,3.577241458078e+05
4.934264253e+03,-1.695093694431e+04,2.106265070575e+04,1.142001692976e+04,-4.533093162310e+00,1.907031618804e+00,1.032276080843e+00,-2.357295570959e+05,3.036361900555e+05,0.000000000000e+00,3.575504252028e+05
4.975383509e+03,-1.713710897759e+04,2.114078704788e+04,1.146231185105e+04,-4.522144345743e+00,1.893476061541e+00,1.024925115356e+00,-2.357628259230e+05,3.036103587047e+05,0.000000000000e+00,3.573760590958e+05
5.016823973e+03,-1.732428152169e+04,2.121897394495e+04,1.150463358567e+04,-4.511192079658e+00,1.880013457786e+00,1.017624612115e+00,-2.357963517703e+05,3.035843218808e+05,0.000000000000e+00,3.572010523327e+05
5.058588318e+03,-1.751245944562e+04,2.129721159036e+04,1.154698223578e+04,-4.500236823220e+00,1.866643082633e+00,1.010374177072e+00,-2.358301367317e+05,3.035580778189e+05,0.000000000000e+00,3.570254019232e+05
5.100680748e+03,-1.770165442976e+04,2.137550297134e+04,1.158935941572e+04,-4.489278634623e+00,1.853363744028e+00,1.003173162869e+00,-2.358641841399e+05,3.035316237890e+05,0.000000000000e+00,3.568490985502e+05
5.143103470e+03,-1.789186906636e+04,2.145384727000e+04,1.163176468015e+04,-4.478318095168e+00,1.840174907151e+00,9.960212785696e-01,-2.358984957098e+05,3.035049583151e+05,0.000000000000e+00,3.566721414013e+05
5.185856489e+03,-1.808309606175e+04,2.153223962545e+04,1.167419539541e+04,-4.467356341458e+00,1.827076709867e+00,9.889185980183e-01,-2.359330713744e+05,3.034780813038e+05,0.000000000000e+00,3.564945388384e+05
5.228942865e+03,-1.827534178340e+04,2.161068081365e+04,1.171665197890e+04,-4.456393711473e+00,1.814068338422e+00,9.818646790387e-01,-2.359679135368e+05,3.034509907400e+05,0.000000000000e+00,3.563162865062e+05
5.272363959e+03,-1.846860496209e+04,2.168916848712e+04,1.175913315743e+04,-4.445430970041e+00,1.801149499249e+00,9.748593615413e-01,-2.360030232253e+05,3.034236856749e+05,0.000000000000e+00,3.561373871370e+05
5.316123552e+03,-1.866289503896e+04,2.176770464651e+04,1.180164001122e+04,-4.434468265024e+00,1.788319183737e+00,9.679020977115e-01,-2.360384034222e+05,3.033961636374e+05,0.000000000000e+00,3.559578335497e+05
5.360226961e+03,-1.885822813696e+04,2.184629392239e+04,1.184417504376e+04,-4.423505369007e+00,1.775575972429e+00,9.609921169749e-01,-2.360740583506e+05,3.033684211876e+05,0.000000000000e+00,3.557776124461e+05
5.404673262e+03,-1.905459266447e+04,2.192492977118e+04,1.188673471071e+04,-4.412543604432e+00,1.762920264002e+00,9.541296346484e-01,-2.361099871884e+05,3.033404588081e+05,0.000000000000e+00,3.555967361171e+05
5.449465048e+03,-1.925199258811e+04,2.200361194240e+04,1.192931887381e+04,-4.401583405914e+00,1.750351428267e+00,9.473143081563e-01,-2.361461919536e+05,3.033122747695e+05,0.000000000000e+00,3.554152024727e+05
5.494605859e+03,-1.945043597027e+04,2.208234179624e+04,1.197192826647e+04,-4.390624974993e+00,1.737868583731e+00,9.405456586677e-01,-2.361826754284e+05,3.032838667444e+05,0.000000000000e+00,3.552330056740e+05
5.540097746e+03,-1.964992424406e+04,2.216111804057e+04,1.201456218658e+04,-4.379668873828e+00,1.725471275460e+00,9.338234386612e-01,-2.362194391900e+05,3.032552333411e+05,0.000000000000e+00,3.550501459865e+05
5.585943930e+03,-1.985046392710e+04,2.223994138560e+04,1.205722101572e+04,-4.368715377275e+00,1.713158735130e+00,9.271472306967e-01,-2.362564857615e+05,3.032263724277e+05,0.000000000000e+00,3.548666190198e+05
5.632144376e+03,-2.005204724243e+04,2.231880693336e+04,1.209990210033e+04,-4.357765530389e+00,1.700931068305e+00,9.205170911880e-01,-2.362938150313e+05,3.031972839225e+05,0.000000000000e+00,3.546824334570e+05
5.678703601e+03,-2.025468626053e+04,2.239771757205e+04,1.214260700067e+04,-4.346819287859e+00,1.688787168591e+00,9.139324194050e-01,-2.363314305659e+05,3.031679648754e+05,0.000000000000e+00,3.544975798297e+05
5.725625549e+03,-2.045839042077e+04,2.247667510352e+04,1.218533668897e+04,-4.335876748076e+00,1.676726112600e+00,9.073927138635e-01,-2.363693354669e+05,3.031384126945e+05,0.000000000000e+00,3.543120511195e+05
5.772909371e+03,-2.066314830624e+04,2.255567325255e+04,1.222808776640e+04,-4.324939120077e+00,1.664748209574e+00,9.008981414403e-01,-2.364075289613e+05,3.031086278059e+05,0.000000000000e+00,3.541258592977e+05
5.820561378e+03,-2.086897948691e+04,2.263471771631e+04,1.227086331315e+04,-4.314005946342e+00,1.652851949823e+00,8.944478827723e-01,-2.364460160603e+05,3.030786061226e+05,0.000000000000e+00,3.539389881444e+05
5.868583024e+03,-2.107588240367e+04,2.271380601316e+04,1.231366198332e+04,-4.303077894197e+00,1.641037070821e+00,8.880417947364e-01,-2.364847978488e+05,3.030483466155e+05,0.000000000000e+00,3.537514406747e+05
5.916975155e+03,-2.128385287661e+04,2.279293469629e+04,1.235648190872e+04,-4.292155754990e+00,1.629303446035e+00,8.816798079507e-01,-2.365238749194e+05,3.030178486378e+05,0.000000000000e+00,3.535632222498e+05
5.965742922e+03,-2.149290517446e+04,2.287210733725e+04,1.239932501909e+04,-4.281239343209e+00,1.617649909119e+00,8.753612892542e-01,-2.365632513400e+05,3.029871088271e+05,0.000000000000e+00,3.533743215351e+05
6.014888985e+03,-2.170304276506e+04,2.295132336358e+04,1.244219100162e+04,-4.270329038423e+00,1.606075917008e+00,8.690859434431e-01,-2.366029291663e+05,3.029561253877e+05,0.000000000000e+00,3.531847369986e+05
6.064414879e+03,-2.191426424847e+04,2.303058037467e+04,1.248507855425e+04,-4.259425463830e+00,1.594581192745e+00,8.628536196034e-01,-2.366429095415e+05,3.029248972332e+05,0.000000000000e+00,3.529944714944e+05
6.114321226e+03,-2.212656434347e+04,2.310987455149e+04,1.252798560739e+04,-4.248529428627e+00,1.583165657058e+00,8.566642740073e-01,-2.366831928726e+05,3.028934238501e+05,0.000000000000e+00,3.528035313419e+05
6.164612560e+03,-2.233995437342e+04,2.318920828811e+04,1.257091345351e+04,-4.237640880082e+00,1.571828334497e+00,8.505173770403e-01,-2.367237827227e+05,3.028617022561e+05,0.000000000000e+00,3.526119079172e+05
6.215293391e+03,-2.255444541690e+04,2.326858382811e+04,1.261386330348e+04,-4.226759780545e+00,1.560568285617e+00,8.444124186244e-01,-2.367646826325e+05,3.028297294816e+05,0.000000000000e+00,3.524195928641e+05
6.266364287e+03,-2.277003179105e+04,2.334799719734e+04,1.265683300379e+04,-4.215886937697e+00,1.549385457212e+00,8.383493691902e-01,-2.368058929598e+05,3.027975050417e+05,0.000000000000e+00,3.522265928666e+05
6.317828469e+03,-2.298671900719e+04,2.342744857307e+04,1.269982264722e+04,-4.205022582324e+00,1.538279206019e+00,8.323278792608e-01,-2.368474162028e+05,3.027650267750e+05,0.000000000000e+00,3.520329045643e+05
6.369690451e+03,-2.320451791245e+04,2.350694005581e+04,1.274283336714e+04,-4.194166676081e+00,1.527248628245e+00,8.263474581185e-01,-2.368892558999e+05,3.027322917020e+05,0.000000000000e+00,3.518385198539e+05
6.421949416e+03,-2.342341690837e+04,2.358646555513e+04,1.278586186500e+04,-4.183320291891e+00,1.516293957375e+00,8.204082316486e-01,-2.369314112863e+05,3.026993002071e+05,0.000000000000e+00,3.516434506633e+05
6.474613814e+03,-2.364344316702e+04,2.366603306381e+04,1.282891246218e+04,-4.172482574763e+00,1.505413488227e+00,8.145092746694e-01,-2.369738890727e+05,3.026660468202e+05,0.000000000000e+00,3.514476743718e+05
6.527681193e+03,-2.386457817269e+04,2.374563400305e+04,1.287198051378e+04,-4.161654921718e+00,1.494607793484e+00,8.086508969803e-01,-2.370166871722e+05,3.026325329536e+05,0.000000000000e+00,3.512512090507e+05
6.581155940e+03,-2.408683196860e+04,2.382527014364e+04,1.291506697467e+04,-4.150837312178e+00,1.483876026793e+00,8.028326390400e-01,-2.370598090142e+05,3.025987556983e+05,0.000000000000e+00,3.510540473416e+05
6.635040919e+03,-2.431020815648e+04,2.390494091500e+04,1.295817153285e+04,-4.140030037998e+00,1.473217665565e+00,7.970542168500e-01,-2.371032567964e+05,3.025647131054e+05,0.000000000000e+00,3.508561876270e+05
6.689340538e+03,-2.453471665564e+04,2.398464797777e+04,1.300129508344e+04,-4.129233082413e+00,1.462631894413e+00,7.913151876798e-01,-2.371470339608e+05,3.025304022468e+05,0.000000000000e+00,3.506576227105e+05
6.744056721e+03,-2.476035701069e+04,2.406438928702e+04,1.304443651672e+04,-4.118446924753e+00,1.452118395768e+00,7.856153786984e-01,-2.371911419418e+05,3.024958217635e+05,0.000000000000e+00,3.504583545892e+05
6.799190057e+03,-2.498712328084e+04,2.414416089264e+04,1.308759369227e+04,-4.107672293935e+00,1.441677097295e+00,7.799547500309e-01,-2.372355811002e+05,3.024609711352e+05,0.000000000000e+00,3.502583900764e+05
6.854746960e+03,-2.521503340262e+04,2.422396724148e+04,1.313076901250e+04,-4.096908778201e+00,1.431306829221e+00,7.743326668460e-01,-2.372803564860e+05,3.024258461604e+05,0.000000000000e+00,3.500577149319e+05
6.910729686e+03,-2.544408812471e+04,2.430380670456e+04,1.317396159266e+04,-4.086156781176e+00,1.421007224166e+00,7.687489293311e-01,-2.373254697986e+05,3.023904452605e+05,0.000000000000e+00,3.498563300949e+05
6.967139444e+03,-2.567428388077e+04,2.438367617130e+04,1.321716974649e+04,-4.075416898569e+00,1.410778102331e+00,7.632034393704e-01,-2.373709218896e+05,3.023547675187e+05,0.000000000000e+00,3.496542402792e+05
7.023981147e+03,-2.590563217811e+04,2.446357776455e+04,1.326039461897e+04,-4.064689015827e+00,1.400618614054e+00,7.576957357046e-01,-2.374167165947e+05,3.023188096718e+05,0.000000000000e+00,3.494514369620e+05
7.081257170e+03,-2.613813408131e+04,2.454350996891e+04,1.330363538675e+04,-4.053973501984e+00,1.390528379754e+00,7.522256119260e-01,-2.374628557017e+05,3.022825700598e+05,0.000000000000e+00,3.492479207993e+05
7.138970942e+03,-2.637179487533e+04,2.462347271986e+04,1.334689201139e+04,-4.043270525353e+00,1.380506837790e+00,7.467927629347e-01,-2.375093418448e+05,3.022460463537e+05,0.000000000000e+00,3.490436887522e+05
7.197123301e+03,-2.660660932212e+04,2.470346235971e+04,1.339016251069e+04,-4.032580728662e+00,1.370553876405e+00,7.413971275271e-01,-2.375561755711e+05,3.022092378602e+05,0.000000000000e+00,3.488387469717e+05
7.255720547e+03,-2.684259416350e+04,2.478348271589e+04,1.343344895148e+04,-4.021903748368e+00,1.360668454103e+00,7.360381404805e-01,-2.376033618215e+05,3.021721404284e+05,0.000000000000e+00,3.486330824264e+05
7.314763968e+03,-2.707974584757e+04,2.486353069376e+04,1.347674965610e+04,-4.011240140389e+00,1.350850393567e+00,7.307157050647e-01,-2.376509015016e+05,3.021347530747e+05,0.000000000000e+00,3.484266998026e+05
7.374258063e+03,-2.731807366945e+04,2.494360754363e+04,1.352006529722e+04,-4.000589875504e+00,1.341098984007e+00,7.254294353539e-01,-2.376987980983e+05,3.020970727806e+05,0.000000000000e+00,3.482195925989e+05
7.434202538e+03,-2.755756766725e+04,2.502370804890e+04,1.356339304936e+04,-3.989953778575e+00,1.331414302708e+00,7.201793726467e-01,-2.377470512368e+05,3.020590995620e+05,0.000000000000e+00,3.480117710438e+05
7.464345701e+03,-2.767775736107e+04,2.506376839043e+04,1.358506212483e+04,-3.984640920685e+00,1.326596663725e+00,7.175677444863e-01,-2.377713131029e+05,3.020400017635e+05,0.000000000000e+00,3.479075882052e+05
7.494603585e+03,-2.779824378110e+04,2.510383567369e+04,1.360673478265e+04,-3.979331515174e+00,1.321795375253e+00,7.149649881194e-01,-2.377956657643e+05,3.020208293209e+05,0.000000000000e+00,3.478032228742e+05
7.524976698e+03,-2.791902782891e+04,2.514390995927e+04,1.362841105513e+04,-3.974025569156e+00,1.317010362115e+00,7.123710627204e-01,-2.378201096112e+05,3.020015818907e+05,0.000000000000e+00,3.476986744706e+05
7.555465205e+03,-2.804010904418e+04,2.518399085571e+04,1.365009073006e+04,-3.968723149253e+00,1.312241603208e+00,7.097859567772e-01,-2.378446447586e+05,3.019822593459e+05,0.000000000000e+00,3.475939435929e+05
7.586068082e+03,-2.816148225017e+04,2.522407641809e+04,1.367177275494e+04,-3.963424526875e+00,1.307489260896e+00,7.072097582327e-01,-2.378692703639e+05,3.019628623135e+05,0.000000000000e+00,3.474890349129e+05
7.616787888e+03,-2.828315648999e+04,2.526416939832e+04,1.369345861782e+04,-3.958129352215e+00,1.302752940685e+00,7.046422531635e-01,-2.378939884700e+05,3.019433891475e+05,0.000000000000e+00,3.473839408108e+05
7.647624238e+03,-2.840512910487e+04,2.530426867936e+04,1.371514771400e+04,-3.952837786735e+00,1.298032707620e+00,7.020834767581e-01,-2.379187987474e+05,3.019238400700e+05,0.000000000000e+00,3.472786637849e+05
7.678577005e+03,-2.852739847345e+04,2.534437349307e+04,1.373683962752e+04,-3.947549945131e+00,1.293328584306e+00,6.995334411983e-01,-2.379437010758e+05,3.019042151385e+05,0.000000000000e+00,3.471732054314e+05
7.709645752e+03,-2.864996176008e+04,2.538448268023e+04,1.375853373093e+04,-3.942265992968e+00,1.288640637984e+00,6.969921828624e-01,-2.379686950855e+05,3.018845146067e+05,0.000000000000e+00,3.470675683879e+05
7.740834202e+03,-2.877283251837e+04,2.542460043610e+04,1.378023229284e+04,-3.936985390510e+00,1.283968311765e+00,6.944593997996e-01,-2.379937837528e+05,3.018647360906e+05,0.000000000000e+00,3.469617411735e+05
7.772140049e+03,-2.889600052197e+04,2.546472317881e+04,1.380193337543e+04,-3.931708622000e+00,1.279311956933e+00,6.919352823641e-01,-2.380189652034e+05,3.018448810292e+05,0.000000000000e+00,3.468557327989e+05
7.803563964e+03,-2.901946729072e+04,2.550485117127e+04,1.382363712041e+04,-3.926435664792e+00,1.274671475324e+00,6.894197772724e-01,-2.380442399588e+05,3.018249489728e+05,0.000000000000e+00,3.467495421500e+05
7.835107875e+03,-2.914323925757e+04,2.554498626415e+04,1.384534452825e+04,-3.921166287713e+00,1.270046586861e+00,6.869127326307e-01,-2.380696095499e+05,3.018049386752e+05,0.000000000000e+00,3.466431638945e+05
7.866769381e+03,-2.926730586830e+04,2.558512480057e+04,1.386705362059e+04,-3.915900982315e+00,1.265437646059e+00,6.844143405437e-01,-2.380950720261e+05,3.017848516359e+05,0.000000000000e+00,3.465366072992e+05
7.898552160e+03,-2.939168040499e+04,2.562527084100e+04,1.388876659307e+04,-3.910639227179e+00,1.260844120322e+00,6.819243122336e-01,-2.381206303272e+05,3.017646854961e+05,0.000000000000e+00,3.464298611540e+05
7.930454263e+03,-2.951635409155e+04,2.566542131206e+04,1.391048178295e+04,-3.905381436245e+00,1.256266295846e+00,6.794428027715e-01,-2.381462828660e+05,3.017444414684e+05,0.000000000000e+00,3.463229331915e+05
7.962476017e+03,-2.964132707185e+04,2.570557602999e+04,1.393219909035e+04,-3.900127643884e+00,1.251704126438e+00,6.769697870467e-01,-2.381720298848e+05,3.017241193218e+05,0.000000000000e+00,3.462158234803e+05
7.994618682e+03,-2.976660313503e+04,2.574573597881e+04,1.395391904698e+04,-3.894877731526e+00,1.247157433930e+00,6.745051684117e-01,-2.381978723790e+05,3.017037182305e+05,0.000000000000e+00,3.461085289672e+05
8.026883272e+03,-2.989218507090e+04,2.578590181306e+04,1.397564200634e+04,-3.889631623797e+00,1.242626079118e+00,6.720488713396e-01,-2.382238111416e+05,3.016832375276e+05,0.000000000000e+00,3.460010474625e+05
8.059268348e+03,-3.001806614008e+04,2.582607114277e+04,1.399736667534e+04,-3.884389642490e+00,1.238110265782e+00,6.696010062240e-01,-2.382498449968e+05,3.016626781009e+05,0.000000000000e+00,3.458933849293e+05
8.091775876e+03,-3.014425284508e+04,2.586624580966e+04,1.401909404954e+04,-3.879151556548e+00,1.233609720990e+00,6.671614250490e-01,-2.382759755057e+05,3.016420386763e+05,0.000000000000e+00,3.457855360001e+05
8.124406182e+03,-3.027074528463e+04,2.590642560564e+04,1.404082401589e+04,-3.873917402409e+00,1.229124403421e+00,6.647301053495e-01,-2.383022029080e+05,3.016213190230e+05,0.000000000000e+00,3.456775007896e+05
8.157159413e+03,-3.039754287995e+04,2.594661010882e+04,1.406255634570e+04,-3.868687243978e+00,1.224654295452e+00,6.623070375048e-01,-2.383285273030e+05,3.016005190208e+05,0.000000000000e+00,3.455692799896e+05
8.190036057e+03,-3.052464636177e+04,2.598679931351e+04,1.408429103539e+04,-3.863461090611e+00,1.220199333028e+00,6.598921867259e-01,-2.383549490620e+05,3.015796383340e+05,0.000000000000e+00,3.454608731735e+05
8.223038134e+03,-3.065206236085e+04,2.602699507202e+04,1.410602908616e+04,-3.858238710126e+00,1.215759247494e+00,6.574854073188e-01,-2.383814697861e+05,3.015586756547e+05,0.000000000000e+00,3.453522748883e+05
8.256162205e+03,-3.077977644995e+04,2.606719259811e+04,1.412776790910e+04,-3.853020732299e+00,1.211334502790e+00,6.550869506994e-01,-2.384080866924e+05,3.015376331400e+05,0.000000000000e+00,3.452434976253e+05
8.289412992e+03,-3.090780566620e+04,2.610739701740e+04,1.414951027562e+04,-3.847806499529e+00,1.206924470439e+00,6.526964761312e-01,-2.384348035528e+05,3.015165077649e+05,0.000000000000e+00,3.451345270696e+05
8.322786591e+03,-3.103613381535e+04,2.614760300775e+04,1.417125330699e+04,-3.842596709530e+00,1.202529670131e+00,6.503142652480e-01,-2.384616172098e+05,3.014953019828e+05,0.000000000000e+00,3.450253772008e+05
8.356286948e+03,-3.116477491087e+04,2.618781472622e+04,1.419299925082e+04,-3.837390830663e+00,1.198149582984e+00,6.479400367218e-01,-2.384885308125e+05,3.014740132597e+05,0.000000000000e+00,3.449160362927e+05
8.389912998e+03,-3.129372368612e+04,2.622803028458e+04,1.421474708543e+04,-3.832189114559e+00,1.193784351772e+00,6.455738678785e-01,-2.385155434841e+05,3.014526422450e+05,0.000000000000e+00,3.448065090219e+05
8.423664966e+03,-3.142297982858e+04,2.626824935038e+04,1.423649663051e+04,-3.826991610777e+00,1.189433948696e+00,6.432157435836e-01,-2.385426553821e+05,3.014311887699e+05,0.000000000000e+00,3.446967958478e+05
8.457543538e+03,-3.155254480324e+04,2.630847214415e+04,1.425824800481e+04,-3.821798297114e+00,1.185098286238e+00,6.408656163326e-01,-2.385698670374e+05,3.014096523699e+05,0.000000000000e+00,3.445868957212e+05
8.491551305e+03,-3.168242732137e+04,2.634870112504e+04,1.428000253760e+04,-3.816608862597e+00,1.180777037453e+00,6.385233088414e-01,-2.385971805077e+05,3.013880313711e+05,0.000000000000e+00,3.444768014553e+05
8.525684561e+03,-3.181261205479e+04,2.638893130815e+04,1.430175753268e+04,-3.811423956125e+00,1.176470674788e+00,6.361890771326e-01,-2.386245927952e+05,3.013663281014e+05,0.000000000000e+00,3.443665262384e+05
8.559945744e+03,-3.194310713274e+04,2.642916497693e+04,1.432351422434e+04,-3.806243288564e+00,1.172178889574e+00,6.338627538289e-01,-2.386521058346e+05,3.013445409838e+05,0.000000000000e+00,3.442560633729e+05
8.594336285e+03,-3.207391681679e+04,2.646940320438e+04,1.434527319227e+04,-3.801066727268e+00,1.167901505270e+00,6.315442431742e-01,-2.386797207525e+05,3.013226690800e+05,0.000000000000e+00,3.441454094498e+05
8.628854630e+03,-3.220503401422e+04,2.650964357173e+04,1.436703312796e+04,-3.795894588464e+00,1.163638716448e+00,6.292336505695e-01,-2.387074362792e+05,3.013007133497e+05,0.000000000000e+00,3.440345706638e+05
8.663504155e+03,-3.233647035525e+04,2.654988940748e+04,1.438879583075e+04,-3.790726449330e+00,1.159390108740e+00,6.269307513476e-01,-2.387352551023e+05,3.012786716169e+05,0.000000000000e+00,3.439235373812e+05
8.698282708e+03,-3.246821647350e+04,2.659013760131e+04,1.441055961819e+04,-3.785562714084e+00,1.155155949120e+00,6.246356901549e-01,-2.387631754701e+05,3.012565452226e+05,0.000000000000e+00,3.438123177134e+05
8.733192774e+03,-3.260028058926e+04,2.663039042434e+04,1.443232571781e+04,-3.780403095792e+00,1.150935937107e+00,6.223483040569e-01,-2.387911993552e+05,3.012343325561e+05,0.000000000000e+00,3.437009049180e+05
8.768231868e+03,-3.273265210474e+04,2.667064440959e+04,1.445409225435e+04,-3.775248042865e+00,1.146730374241e+00,6.200687564349e-01,-2.388193247383e+05,3.012120351704e+05,0.000000000000e+00,3.435893081296e+05
8.803402436e+03,-3.286533907581e+04,2.671090177366e+04,1.447586042584e+04,-3.770097275020e+00,1.142538966618e+00,6.177968879200e-01,-2.388475535602e+05,3.011896514794e+05,0.000000000000e+00,3.434775207477e+05
8.838704520e+03,-3.299834045625e+04,2.675116195947e+04,1.449762993050e+04,-3.764950867186e+00,1.138361711091e+00,6.155326967435e-01,-2.388758858303e+05,3.011671814272e+05,0.000000000000e+00,3.433655438499e+05
8.874137881e+03,-3.313165415255e+04,2.679142409784e+04,1.451940029780e+04,-3.759808933664e+00,1.134198636208e+00,6.132761983169e-01,-2.389043213336e+05,3.011446251357e+05,0.000000000000e+00,3.432533793913e+05
8.909704502e+03,-3.326528641578e+04,2.683168983777e+04,1.454117241880e+04,-3.754671266976e+00,1.130049510526e+00,6.110272671290e-01,-2.389328616366e+05,3.011219813135e+05,0.000000000000e+00,3.431410223077e+05
8.945403241e+03,-3.339923175442e+04,2.687195728580e+04,1.456294526913e+04,-3.749538111585e+00,1.125914468366e+00,6.087859759232e-01,-2.389615057998e+05,3.010992506565e+05,0.000000000000e+00,3.430284774112e+05
8.981236062e+03,-3.353349632021e+04,2.691222805272e+04,1.458471971919e+04,-3.744409264762e+00,1.121793283651e+00,6.065522020979e-01,-2.389902553730e+05,3.010764318852e+05,0.000000000000e+00,3.429157397275e+05
9.017202312e+03,-3.366807645914e+04,2.695250080232e+04,1.460649504592e+04,-3.739284899141e+00,1.117686032882e+00,6.043259870574e-01,-2.390191098092e+05,3.010535253838e+05,0.000000000000e+00,3.428028125207e+05
9.053302823e+03,-3.380297406816e+04,2.699277586473e+04,1.462827142723e+04,-3.734164974791e+00,1.113592621897e+00,6.021072797014e-01,-2.390480697499e+05,3.010305305926e+05,0.000000000000e+00,3.426896943922e+05
9.089537570e+03,-3.393818783925e+04,2.703305261214e+04,1.465004852313e+04,-3.729049573335e+00,1.109513054126e+00,5.998960818282e-01,-2.390771351499e+05,3.010074474968e+05,0.000000000000e+00,3.425763866320e+05
9.125909775e+03,-3.407372857014e+04,2.707333401483e+04,1.467182793898e+04,-3.723938319567e+00,1.105446969836e+00,5.976921983948e-01,-2.391063085698e+05,3.009842740113e+05,0.000000000000e+00,3.424628803917e+05
9.162416553e+03,-3.420958427729e+04,2.711361626740e+04,1.469360761671e+04,-3.718831698034e+00,1.101394694104e+00,5.954958055379e-01,-2.391355876697e+05,3.009610119432e+05,0.000000000000e+00,3.423491859047e+05
9.199060681e+03,-3.434576406525e+04,2.715390182929e+04,1.471538888549e+04,-3.713729398204e+00,1.097355920045e+00,5.933067368606e-01,-2.391649746504e+05,3.009376594919e+05,0.000000000000e+00,3.422352957464e+05
9.235839630e+03,-3.448225731429e+04,2.719418732118e+04,1.473716991763e+04,-3.708631848976e+00,1.093330926777e+00,5.911251435876e-01,-2.391944674583e+05,3.009142182373e+05,0.000000000000e+00,3.421212189911e+05
9.272756224e+03,-3.461907328923e+04,2.723447524211e+04,1.475895206370e+04,-3.703538734680e+00,1.089319404770e+00,5.889508578896e-01,-2.392240683329e+05,3.008906863468e+05,0.000000000000e+00,3.420069480859e+05
9.309809803e+03,-3.475620830714e+04,2.727476426729e+04,1.478073460684e+04,-3.698450223357e+00,1.085321426964e+00,5.867839192400e-01,-2.392537767180e+05,3.008670642097e+05,0.000000000000e+00,3.418924863013e+05
9.347002596e+03,-3.489366938258e+04,2.731505621478e+04,1.480251852941e+04,-3.693366085847e+00,1.081336754496e+00,5.846241981140e-01,-2.392835943753e+05,3.008433503717e+05,0.000000000000e+00,3.417778279785e+05
9.384333453e+03,-3.503145101992e+04,2.735534923031e+04,1.482430282828e+04,-3.688286556394e+00,1.077365512545e+00,5.824717622995e-01,-2.393135203555e+05,3.008195455337e+05,0.000000000000e+00,3.416629778981e+05
9.421803867e+03,-3.516955748854e+04,2.739564432113e+04,1.484608804743e+04,-3.683211507950e+00,1.073407543477e+00,5.803265262983e-01,-2.393435558287e+05,3.007956487107e+05,0.000000000000e+00,3.415479326957e+05
9.459412845e+03,-3.530798389002e+04,2.743593981826e+04,1.486787328392e+04,-3.678141150349e+00,1.069462952808e+00,5.781885472409e-01,-2.393736999724e+05,3.007716605027e+05,0.000000000000e+00,3.414326966450e+05
9.497162515e+03,-3.544673681255e+04,2.747623739889e+04,1.488965944389e+04,-3.673075271999e+00,1.065531518207e+00,5.760577045645e-01,-2.394039544649e+05,3.007475795190e+05,0.000000000000e+00,3.413172644549e+05
9.535051376e+03,-3.558580949914e+04,2.751653486102e+04,1.491144533629e+04,-3.668014148893e+00,1.061613396365e+00,5.739340831368e-01,-2.394343180768e+05,3.007234066831e+05,0.000000000000e+00,3.412016419394e+05
9.573080641e+03,-3.572520515989e+04,2.755683289963e+04,1.493323133623e+04,-3.662957692471e+00,1.057708461100e+00,5.718176145069e-01,-2.394647917516e+05,3.006991411883e+05,0.000000000000e+00,3.410858266184e+05
9.611250095e+03,-3.586492177153e+04,2.759713069430e+04,1.495501699957e+04,-3.657906004207e+00,1.053816733515e+00,5.697083100548e-01,-2.394953752904e+05,3.006747831370e+05,0.000000000000e+00,3.409698203616e+05
9.649561191e+03,-3.600496340344e+04,2.763742918204e+04,1.497680283227e+04,-3.652858965013e+00,1.049938065056e+00,5.676060892054e-01,-2.395260698286e+05,3.006503315689e+05,0.000000000000e+00,3.408536199797e+05
9.688014319e+03,-3.614533023690e+04,2.767772817488e+04,1.499858873210e+04,-3.647816596756e+00,1.046072416384e+00,5.655109305789e-01,-2.395568756524e+05,3.006257861988e+05,0.000000000000e+00,3.407372255145e+05
9.726610547e+03,-3.628602490348e+04,2.771802818633e+04,1.502037497602e+04,-3.642778833402e+00,1.042219681243e+00,5.634227765265e-01,-2.395877935876e+05,3.006011463115e+05,0.000000000000e+00,3.406206349772e+05
9.765350987e+03,-3.642705018845e+04,2.775832976761e+04,1.504216186141e+04,-3.637745604270e+00,1.038379750708e+00,5.613415679546e-01,-2.396188244969e+05,3.005764111615e+05,0.000000000000e+00,3.405038462566e+05
9.804236867e+03,-3.656840927849e+04,2.779863357782e+04,1.506394974391e+04,-3.632716825319e+00,1.034552506598e+00,5.592672407527e-01,-2.396499693350e+05,3.005515799289e+05,0.000000000000e+00,3.403868569144e+05
9.843263604e+03,-3.671008425509e+04,2.783893427193e+04,1.508573573343e+04,-3.627693160736e+00,1.030738399108e+00,5.572000388642e-01,-2.396812244015e+05,3.005266555056e+05,0.000000000000e+00,3.402696819680e+05
9.882436497e+03,-3.685209311087e+04,2.787923673269e+04,1.510752246890e+04,-3.622673998893e+00,1.026936908809e+00,5.551396807060e-01,-2.397125939136e+05,3.005016344701e+05,0.000000000000e+00,3.401523067233e+05
9.921754764e+03,-3.699443171467e+04,2.791953953946e+04,1.512930918169e+04,-3.617659514183e+00,1.023148114294e+00,5.530862088183e-01,-2.397440772126e+05,3.004765172879e+05,0.000000000000e+00,3.400347347922e+05
9.961219103e+03,-3.713710132561e+04,2.795984280423e+04,1.515109593170e+04,-3.612649689752e+00,1.019371949268e+00,5.510395872124e-01,-2.397756748302e+05,3.004513034748e+05,0.000000000000e+00,3.399169653287e+05
1.000082616e+04,-3.728008856833e+04,2.800014251673e+04,1.517288055046e+04,-3.607645020319e+00,1.015608732132e+00,5.489999883998e-01,-2.398073840520e+05,3.004259951371e+05,0.000000000000e+00,3.397990095572e+05
1.004058197e+04,-3.742341393548e+04,2.804044421466e+04,1.519466603085e+04,-3.602644814513e+00,1.011857889417e+00,5.469671015133e-01,-2.398392096741e+05,3.004005883864e+05,0.000000000000e+00,3.396808507607e+05
1.008048504e+04,-3.756707078701e+04,2.808074578025e+04,1.521645122740e+04,-3.597649331863e+00,1.008119563735e+00,5.449410037887e-01,-2.398711504797e+05,3.003750841324e+05,0.000000000000e+00,3.395624946117e+05
1.012053489e+04,-3.771105609562e+04,2.812104612385e+04,1.523823555044e+04,-3.592658703490e+00,1.004393800436e+00,5.429217197486e-01,-2.399032060494e+05,3.003494826485e+05,0.000000000000e+00,3.394439437938e+05
1.016073207e+04,-3.785537056548e+04,2.816134520523e+04,1.526001897760e+04,-3.587672930076e+00,1.000680547253e+00,5.409092210098e-01,-2.399353767931e+05,3.003237835456e+05,0.000000000000e+00,3.393251979142e+05
1.020107904e+04,-3.800002172409e+04,2.820164488196e+04,1.528180251230e+04,-3.582691777667e+00,9.969795781468e-01,5.389033850065e-01,-2.399676646457e+05,3.002979852155e+05,0.000000000000e+00,3.392062509717e+05
1.024157447e+04,-3.814500352829e+04,2.824194322533e+04,1.530358511134e+04,-3.577715480352e+00,9.932910155842e-01,5.369042780578e-01,-2.400000685160e+05,3.002720884670e+05,0.000000000000e+00,3.390871081280e+05
1.028221963e+04,-3.829031922821e+04,2.828224089720e+04,1.532536713181e+04,-3.572743951723e+00,9.896147440089e-01,5.349118374790e-01,-2.400325893874e+05,3.002460924508e+05,0.000000000000e+00,3.389677669021e+05
1.032301476e+04,-3.843596840700e+04,2.832253753852e+04,1.534714837896e+04,-3.567777231299e+00,9.859507415977e-01,5.329260513867e-01,-2.400652274249e+05,3.002199969713e+05,0.000000000000e+00,3.388482278269e+05
1.036396137e+04,-3.858195510972e+04,2.836283402233e+04,1.536892932402e+04,-3.562815206638e+00,9.822988748800e-01,5.309468473882e-01,-2.400979837952e+05,3.001938010310e+05,0.000000000000e+00,3.387284877754e+05
1.040505843e+04,-3.872827441213e+04,2.840312874494e+04,1.539070909949e+04,-3.557858070097e+00,9.786592350273e-01,5.289742748405e-01,-2.401308576536e+05,3.001675052409e+05,0.000000000000e+00,3.386085509776e+05
1.044630692e+04,-3.887492846409e+04,2.844342205746e+04,1.541248789446e+04,-3.552905773007e+00,9.750317358606e-01,5.270082869817e-01,-2.401638497422e+05,3.001411089421e+05,0.000000000000e+00,3.384884158592e+05
1.048770686e+04,-3.902191604552e+04,2.848371338360e+04,1.543426539678e+04,-3.547958380528e+00,9.714163749525e-01,5.250488824410e-01,-2.401969600464e+05,3.001146120809e+05,0.000000000000e+00,3.383680836075e+05
1.052926084e+04,-3.916924506299e+04,2.852400464407e+04,1.545604264390e+04,-3.543015651242e+00,9.678129265052e-01,5.230959387887e-01,-2.402301906103e+05,3.000880129551e+05,0.000000000000e+00,3.382475479416e+05
1.057096802e+04,-3.931691121721e+04,2.856429441386e+04,1.547781886491e+04,-3.538077754326e+00,9.642214649833e-01,5.211494963274e-01,-2.402635407292e+05,3.000613120618e+05,0.000000000000e+00,3.381268125730e+05
1.061282554e+04,-3.946490306095e+04,2.860457933623e+04,1.549959224485e+04,-3.533145094576e+00,9.606422347780e-01,5.192096874531e-01,-2.402970080761e+05,3.000345111978e+05,0.000000000000e+00,3.380058870418e+05
1.065483779e+04,-3.961323484514e+04,2.864486305509e+04,1.552136475254e+04,-3.528217219119e+00,9.570748576923e-01,5.172763071421e-01,-2.403305961333e+05,3.000076075072e+05,0.000000000000e+00,3.378847598855e+05
1.069700568e+04,-3.976190842945e+04,2.868514582569e+04,1.554313652520e+04,-3.523294090572e+00,9.535192586432e-01,5.153493146483e-01,-2.403643055893e+05,2.999806003704e+05,0.000000000000e+00,3.377634297788e+05
1.073932778e+04,-3.991091749546e+04,2.872542569130e+04,1.556490650459e+04,-3.518375941482e+00,9.499755573755e-01,5.134287748142e-01,-2.403981352769e+05,2.999534906538e+05,0.000000000000e+00,3.376419020672e+05
1.078180588e+04,-4.006026698454e+04,2.876570374497e+04,1.558667528075e+04,-3.513462631507e+00,9.464436046336e-01,5.115146066952e-01,-2.404320865832e+05,2.999262771770e+05,0.000000000000e+00,3.375201729076e+05
1.082444004e+04,-4.020995579706e+04,2.880597944466e+04,1.560844256003e+04,-3.508554219846e+00,9.429233953509e-01,5.096068074914e-01,-2.404661595252e+05,2.998989598568e+05,0.000000000000e+00,3.373982433853e+05
1.086723170e+04,-4.035998762906e+04,2.884625353769e+04,1.563020874560e+04,-3.503650608402e+00,9.394148119478e-01,5.077053134260e-01,-2.405003552130e+05,2.998715377331e+05,0.000000000000e+00,3.372761106798e+05
1.091018003e+04,-4.051035829778e+04,2.888652465539e+04,1.565197309704e+04,-3.498751956560e+00,9.359179213847e-01,5.058101607349e-01,-2.405346729617e+05,2.998440112845e+05,0.000000000000e+00,3.371537783846e+05
1.095328513e+04,-4.066106679817e+04,2.892679228837e+04,1.567373533834e+04,-3.493858318568e+00,9.324327150715e-01,5.039213447087e-01,-2.405691128087e+05,2.998163804104e+05,0.000000000000e+00,3.370312475011e+05
1.099654925e+04,-4.081211968161e+04,2.896705794244e+04,1.569549628259e+04,-3.488969503750e+00,9.289590105296e-01,5.020387663991e-01,-2.406036765205e+05,2.997886436222e+05,0.000000000000e+00,3.369085128900e+05
1.103997061e+04,-4.096350935203e+04,2.900731934987e+04,1.571725470350e+04,-3.484085779507e+00,9.254969511795e-01,5.001625034797e-01,-2.406383626280e+05,2.997608020267e+05,0.000000000000e+00,3.367855809085e+05
1.108355114e+04,-4.111524129159e+04,2.904757772848e+04,1.573901125851e+04,-3.479206989874e+00,9.220463798959e-01,4.982924707427e-01,-2.406731726559e+05,2.997328543282e+05,0.000000000000e+00,3.366624472876e+05
1.112729065e+04,-4.126731342230e+04,2.908783228440e+04,1.576076551785e+04,-3.474333222760e+00,9.186073127482e-01,4.964286768437e-01,-2.407081063977e+05,2.997048006196e+05,0.000000000000e+00,3.365391138981e+05
1.117119300e+04,-4.141973783355e+04,2.912808596675e+04,1.578251907453e+04,-3.469464113047e+00,9.151794469538e-01,4.945709576377e-01,-2.407431669058e+05,2.996766383757e+05,0.000000000000e+00,3.364155711260e+05
1.121525455e+04,-4.157250058272e+04,2.916833484489e+04,1.580426980365e+04,-3.464600127834e+00,9.117630662394e-01,4.927194668365e-01,-2.407783512475e+05,2.996483698780e+05,0.000000000000e+00,3.362918304607e+05
1.125947773e+04,-4.172560868085e+04,2.920858052473e+04,1.582601857229e+04,-3.459741064187e+00,9.083579825902e-01,4.908741024935e-01,-2.408136613095e+05,2.996199935363e+05,0.000000000000e+00,3.361678864054e+05
1.130386246e+04,-4.187906053485e+04,2.924882234191e+04,1.584776502072e+04,-3.454886993481e+00,9.049642011452e-01,4.890348673409e-01,-2.408490969987e+05,2.995915093505e+05,0.000000000000e+00,3.360437404351e+05
1.134841015e+04,-4.203285967135e+04,2.928906097472e+04,1.586950951471e+04,-3.450037824952e+00,9.015816138867e-01,4.872017027868e-01,-2.408846594051e+05,2.995629163687e+05,0.000000000000e+00,3.359193898826e+05
1.139312037e+04,-4.218700324967e+04,2.932929543349e+04,1.589125151869e+04,-3.445193668735e+00,8.982102533096e-01,4.853746263892e-01,-2.409203481480e+05,2.995342148207e+05,0.000000000000e+00,3.357948372300e+05
1.143799176e+04,-4.234148524771e+04,2.936952390880e+04,1.591299005415e+04,-3.440354732971e+00,8.948502194490e-01,4.835536923083e-01,-2.409561621057e+05,2.995054055327e+05,0.000000000000e+00,3.356700875213e+05
1.148302817e+04,-4.249631752748e+04,2.940974924746e+04,1.593472665869e+04,-3.435520665567e+00,8.915012236129e-01,4.817387440383e-01,-2.409921043035e+05,2.994764859941e+05,0.000000000000e+00,3.355451313586e+05
1.152822922e+04,-4.265149743164e+04,2.944997050929e+04,1.595646082349e+04,-3.430691570054e+00,8.881632941747e-01,4.799297969038e-01,-2.410281744044e+05,2.994474563981e+05,0.000000000000e+00,3.354199710736e+05
1.157359580e+04,-4.280702666430e+04,2.949018788781e+04,1.597819265233e+04,-3.425867413497e+00,8.848363651127e-01,4.781268150734e-01,-2.410643730843e+05,2.994183161223e+05,0.000000000000e+00,3.352946054771e+05
1.161912849e+04,-4.296290583583e+04,2.953040129135e+04,1.599992209491e+04,-3.421048197098e+00,8.815203943312e-01,4.763297756820e-01,-2.411007007661e+05,2.993890647470e+05,0.000000000000e+00,3.351690342632e+05
1.166482729e+04,-4.311913353567e+04,2.957061010801e+04,1.602164881979e+04,-3.416233984157e+00,8.782153825701e-01,4.745386790787e-01,-2.411371574022e+05,2.993597022312e+05,0.000000000000e+00,3.350432587527e+05
1.171069306e+04,-4.327571136542e+04,2.961081450255e+04,1.604337291523e+04,-3.411424744730e+00,8.749212666309e-01,4.727534909628e-01,-2.411737436478e+05,2.993302279672e+05,0.000000000000e+00,3.349172778396e+05
1.175672633e+04,-4.343263973233e+04,2.965101433106e+04,1.606509430267e+04,-3.406620485706e+00,8.716380089014e-01,4.709741908991e-01,-2.412104598804e+05,2.993006415701e+05,0.000000000000e+00,3.347910913803e+05
1.180292723e+04,-4.358991772268e+04,2.969120911221e+04,1.608681272123e+04,-3.401821254068e+00,8.683655992845e-01,4.692007733643e-01,-2.412473061690e+05,2.992709429033e+05,0.000000000000e+00,3.346647002924e+05
1.184929548e+04,-4.374754299696e+04,2.973139800447e+04,1.610852771543e+04,-3.397027139424e+00,8.651040566080e-01,4.674332485104e-01,-2.412842822468e+05,2.992411321002e+05,0.000000000000e+00,3.345381066351e+05
1.189583282e+04,-4.390552007393e+04,2.977158191517e+04,1.613023977473e+04,-3.392238022574e+00,8.618532578248e-01,4.656715496030e-01,-2.413213894567e+05,2.992112079964e+05,0.000000000000e+00,3.344113069592e+05
1.194254005e+04,-4.406385028423e+04,2.981176093341e+04,1.615194894645e+04,-3.387453881984e+00,8.586131469347e-01,4.639156462429e-01,-2.413586283968e+05,2.991811700265e+05,0.000000000000e+00,3.342843003798e+05
1.198941568e+04,-4.422252724267e+04,2.985193319477e+04,1.617365422245e+04,-3.382674928342e+00,8.553838250555e-01,4.621655931774e-01,-2.413959978489e+05,2.991510190899e+05,0.000000000000e+00,3.341570921973e+05
1.203646131e+04,-4.438155492089e+04,2.989209946358e+04,1.619535601488e+04,-3.377901059131e+00,8.521651813353e-01,4.604213302817e-01,-2.414334990313e+05,2.991207541203e+05,0.000000000000e+00,3.340296794035e+05
1.208367920e+04,-4.454093959476e+04,2.993226107533e+04,1.621705504449e+04,-3.373132104262e+00,8.489570603840e-01,4.586827732951e-01,-2.414711337117e+05,2.990903736064e+05,0.000000000000e+00,3.339020571523e+05
1.213106742e+04,-4.470067339052e+04,2.997241579854e+04,1.623875010482e+04,-3.368368317104e+00,8.457595919789e-01,4.569499924964e-01,-2.415089003183e+05,2.990598787318e+05,0.000000000000e+00,3.337742319282e+05
1.217862905e+04,-4.486076521130e+04,3.001256562369e+04,1.626044227046e+04,-3.363609449765e+00,8.425725692906e-01,4.552228757490e-01,-2.415468012443e+05,2.990292674784e+05,0.000000000000e+00,3.336461967863e+05
1.222636143e+04,-4.502120473697e+04,3.005270771691e+04,1.628213000951e+04,-3.358855826146e+00,8.393961688596e-01,4.535015186735e-01,-2.415848343341e+05,2.989985415010e+05,0.000000000000e+00,3.335179601579e+05
1.227427164e+04,-4.518201438523e+04,3.009284743147e+04,1.630381621336e+04,-3.354106800630e+00,8.362299198511e-01,4.517856660644e-01,-2.416230051959e+05,2.989676961815e+05,0.000000000000e+00,3.333895043102e+05
1.232235504e+04,-4.534317711804e+04,3.013298025484e+04,1.632549844315e+04,-3.349362895453e+00,8.330741315243e-01,4.500754854653e-01,-2.416613100818e+05,2.989367344599e+05,0.000000000000e+00,3.332608430412e+05
1.237061333e+04,-4.550469719920e+04,3.017310700116e+04,1.634717713790e+04,-3.344624002031e+00,8.299286920232e-01,4.483709162088e-01,-2.416997502961e+05,2.989056551938e+05,0.000000000000e+00,3.331319731250e+05
1.241904335e+04,-4.566656269887e+04,3.021322446654e+04,1.636885056586e+04,-3.339890485911e+00,8.267938040161e-01,4.466720680738e-01,-2.417383232872e+05,2.988744603580e+05,0.000000000000e+00,3.330029042513e+05
1.246765133e+04,-4.582879301468e+04,3.025333721254e+04,1.639052119057e+04,-3.335161796158e+00,8.236690633048e-01,4.449787219684e-01,-2.417770339689e+05,2.988431458896e+05,0.000000000000e+00,3.328736211284e+05
1.251643476e+04,-4.599137831776e+04,3.029344255515e+04,1.641218756115e+04,-3.330438236670e+00,8.205546321469e-01,4.432909657725e-01,-2.418158802920e+05,2.988117133557e+05,0.000000000000e+00,3.327441317706e+05
1.256539368e+04,-4.615431738312e+04,3.033353994890e+04,1.643384938206e+04,-3.325719858575e+00,8.174505051346e-01,4.416087965052e-01,-2.418548622551e+05,2.987801626674e+05,0.000000000000e+00,3.326144373260e+05
1.261452818e+04,-4.631760908300e+04,3.037362887569e+04,1.645550637258e+04,-3.321006709462e+00,8.143566744607e-01,4.399322098854e-01,-2.418939798788e+05,2.987484937174e+05,0.000000000000e+00,3.324845388622e+05
1.266384327e+04,-4.648126865975e+04,3.041371282541e+04,1.647716041713e+04,-3.316298366031e+00,8.112728241862e-01,4.382610346520e-01,-2.419332371118e+05,2.987167032166e+05,0.000000000000e+00,3.323544244328e+05
1.271333755e+04,-4.664528996708e+04,3.045379003325e+04,1.649881056146e+04,-3.311595022754e+00,8.081990443194e-01,4.365953195319e-01,-2.419726327817e+05,2.986847920211e+05,0.000000000000e+00,3.322240991084e+05
1.276301055e+04,-4.680967006204e+04,3.049385952936e+04,1.652045628073e+04,-3.306896780101e+00,8.051353627269e-01,4.349350795767e-01,-2.420121664796e+05,2.986527603687e+05,0.000000000000e+00,3.320935654040e+05
1.281286468e+04,-4.697441543025e+04,3.053392264153e+04,1.654209829136e+04,-3.302203468997e+00,8.020816317206e-01,4.332802347030e-01,-2.420518400652e+05,2.986206066584e+05,0.000000000000e+00,3.319628183476e+05
1.286289718e+04,-4.713951556051e+04,3.057397656470e+04,1.656373507714e+04,-3.297515404343e+00,7.990380186527e-01,4.316308755509e-01,-2.420916513056e+05,2.985883326055e+05,0.000000000000e+00,3.318318664553e+05
1.291310922e+04,-4.730497286042e+04,3.061402164171e+04,1.658536682244e+04,-3.292832531825e+00,7.960044503733e-01,4.299869624301e-01,-2.421316010761e+05,2.985559374059e+05,0.000000000000e+00,3.317007079853e+05
1.296350100e+04,-4.747078660186e+04,3.065405745435e+04,1.660699330044e+04,-3.288154886070e+00,7.929809116775e-01,4.283484870513e-01,-2.421716894966e+05,2.985234208674e+05,0.000000000000e+00,3.315693436821e+05
1.301407522e+04,-4.763696421866e+04,3.069408555036e+04,1.662861534632e+04,-3.283482272048e+00,7.899672394147e-01,4.267153609524e-01,-2.422119186638e+05,2.984907811930e+05,0.000000000000e+00,3.314377678280e+05
1.306483271e+04,-4.780350700398e+04,3.073410598727e+04,1.665023299023e+04,-3.278814669010e+00,7.869633837769e-01,4.250875570931e-01,-2.422522891945e+05,2.984580177848e+05,0.000000000000e+00,3.313059795750e+05
1.311577346e+04,-4.797041342968e+04,3.077411814480e+04,1.667184589620e+04,-3.274152135091e+00,7.839693458729e-01,4.234650760251e-01,-2.422928010222e+05,2.984251305986e+05,0.000000000000e+00,3.311739803076e+05
1.316689981e+04,-4.813768972042e+04,3.081412325877e+04,1.669345473084e+04,-3.269494512082e+00,7.809849882122e-01,4.218478431925e-01,-2.423334559643e+05,2.983921180601e+05,0.000000000000e+00,3.310417652802e+05
1.321820914e+04,-4.830532584907e+04,3.085411867869e+04,1.671505806154e+04,-3.264842094062e+00,7.780104632417e-01,4.202359411578e-01,-2.423742518887e+05,2.983589818011e+05,0.000000000000e+00,3.309093425915e+05
1.326970244e+04,-4.847332358618e+04,3.089410458230e+04,1.673665598341e+04,-3.260194845390e+00,7.750457118442e-01,4.186293378360e-01,-2.424151895277e+05,2.983257211275e+05,0.000000000000e+00,3.307767110097e+05
1.332138173e+04,-4.864168811501e+04,3.093408195332e+04,1.675824902687e+04,-3.255552636859e+00,7.720906158048e-01,4.170279691170e-01,-2.424562704493e+05,2.982923346649e+05,0.000000000000e+00,3.306438666131e+05
1.337324653e+04,-4.881041635807e+04,3.097404980991e+04,1.677983666064e+04,-3.250915567525e+00,7.691452026472e-01,4.154318498671e-01,-2.424974942088e+05,2.982588226733e+05,0.000000000000e+00,3.305108120007e+05
1.342529862e+04,-4.897951265924e+04,3.101400892957e+04,1.680141930374e+04,-3.246283532112e+00,7.662093701758e-01,4.138409246577e-01,-2.425388621747e+05,2.982251839383e+05,0.000000000000e+00,3.303775439175e+05
1.347754136e+04,-4.914898642926e+04,3.105396127363e+04,1.682299801453e+04,-3.241656288523e+00,7.632829305246e-01,4.122550916356e-01,-2.425803769633e+05,2.981914162285e+05,0.000000000000e+00,3.302440551257e+05
1.352997021e+04,-4.931882149383e+04,3.109390277305e+04,1.684457059432e+04,-3.237034292888e+00,7.603661374929e-01,4.106744882855e-01,-2.426220349238e+05,2.981575224096e+05,0.000000000000e+00,3.301103585382e+05
1.358258820e+04,-4.948902616119e+04,3.113383513302e+04,1.686613796313e+04,-3.232417332307e+00,7.574588217364e-01,4.090990227915e-01,-2.426638384016e+05,2.981235004695e+05,0.000000000000e+00,3.299764477814e+05
1.363539322e+04,-4.965959217065e+04,3.117375616738e+04,1.688769893927e+04,-3.227805643815e+00,7.545610976678e-01,4.075287571045e-01,-2.427057856758e+05,2.980893517043e+05,0.000000000000e+00,3.298423295199e+05
1.368839043e+04,-4.983053470021e+04,3.121366917527e+04,1.690925530360e+04,-3.223198830656e+00,7.516726816457e-01,4.059635374718e-01,-2.427478807909e+05,2.980550727157e+05,0.000000000000e+00,3.297079919884e+05
1.374157641e+04,-5.000184120332e+04,3.125357097237e+04,1.693080533535e+04,-3.218597244662e+00,7.487937601998e-01,4.044034649243e-01,-2.427901209703e+05,2.980206656580e+05,0.000000000000e+00,3.295734452164e+05
1.379495616e+04,-5.017352634245e+04,3.129346471803e+04,1.695235073980e+04,-3.214000505705e+00,7.459240616772e-01,4.028483922065e-01,-2.428325101440e+05,2.979861272226e+05,0.000000000000e+00,3.294386778581e+05
1.384852107e+04,-5.034556093155e+04,3.133334338730e+04,1.697388772205e+04,-3.209409406798e+00,7.430640466680e-01,4.012985688605e-01,-2.428750414138e+05,2.979514629235e+05,0.000000000000e+00,3.293037129827e+05
1.390227963e+04,-5.051797080294e+04,3.137321272864e+04,1.699541938567e+04,-3.204823269448e+00,7.402132579755e-01,3.997537470858e-01,-2.429177214724e+05,2.979166671985e+05,0.000000000000e+00,3.291685304802e+05
1.395623140e+04,-5.069075300662e+04,3.141307180170e+04,1.701694522178e+04,-3.200242185761e+00,7.373717196794e-01,3.982139398828e-01,-2.429605499075e+05,2.978817402740e+05,0.000000000000e+00,3.290331328337e+05
1.401037766e+04,-5.086391017379e+04,3.145292095620e+04,1.703846541827e+04,-3.195666099314e+00,7.345393637096e-01,3.966791103165e-01,-2.430035276893e+05,2.978466812482e+05,0.000000000000e+00,3.288975181501e+05
1.406471876e+04,-5.103744188929e+04,3.149275983818e+04,1.705997978293e+04,-3.191095034451e+00,7.317161722988e-01,3.951492487107e-01,-2.430466550342e+05,2.978114898332e+05,0.000000000000e+00,3.287616869237e+05
1.411925087e+04,-5.121133444832e+04,3.153258505531e+04,1.708148648281e+04,-3.186529363485e+00,7.289023419451e-01,3.936244614975e-01,-2.430899288490e+05,2.977761684424e+05,0.000000000000e+00,3.286256500403e+05
1.417398310e+04,-5.138561538019e+04,3.157240265554e+04,1.710298878294e+04,-3.181968376453e+00,7.260974024863e-01,3.921044938525e-01,-2.431333563043e+05,2.977407111099e+05,0.000000000000e+00,3.284893861303e+05
1.422890927e+04,-5.156026351272e+04,3.161220754019e+04,1.712448392887e+04,-3.177412640846e+00,7.233016707611e-01,3.905895174192e-01,-2.431769324477e+05,2.977051217653e+05,0.000000000000e+00,3.283529119171e+05
1.428403259e+04,-5.173528752082e+04,3.165200143592e+04,1.714597285199e+04,-3.172861941942e+00,7.205149823132e-01,3.890794430323e-01,-2.432206597613e+05,2.976693982680e+05,0.000000000000e+00,3.282162207821e+05
1.433934976e+04,-5.191067544309e+04,3.169178137600e+04,1.716745394925e+04,-3.168316601655e+00,7.177375015439e-01,3.875743597307e-01,-2.432645355728e+05,2.976335426872e+05,0.000000000000e+00,3.280793222240e+05
1.439486343e+04,-5.208643422066e+04,3.173154869239e+04,1.718892793889e+04,-3.163776450144e+00,7.149690918141e-01,3.860741934231e-01,-2.433085619326e+05,2.975975532330e+05,0.000000000000e+00,3.279422109774e+05
1.445058110e+04,-5.226258600110e+04,3.177130813045e+04,1.721039738228e+04,-3.159240928779e+00,7.122093812202e-01,3.845787425318e-01,-2.433527447172e+05,2.975614249842e+05,0.000000000000e+00,3.278048699353e+05
1.450649298e+04,-5.243909838616e+04,3.181105212087e+04,1.723185819104e+04,-3.154710883691e+00,7.094588529377e-01,3.830882688352e-01,-2.433970761242e+05,2.975251642033e+05,0.000000000000e+00,3.276673245203e+05
1.456260704e+04,-5.261599494041e+04,3.185078572073e+04,1.725331309484e+04,-3.150185720717e+00,7.067171142100e-01,3.816025594558e-01,-2.434415623918e+05,2.974887656706e+05,0.000000000000e+00,3.275295565255e+05
1.461892135e+04,-5.279326811923e+04,3.189050697412e+04,1.727476103646e+04,-3.145665645224e+00,7.039842583848e-01,3.801216649295e-01,-2.434862019507e+05,2.974522305507e+05,0.000000000000e+00,3.273915719916e+05
1.467543469e+04,-5.297091249642e+04,3.193021441515e+04,1.729620122332e+04,-3.141150806089e+00,7.012603438683e-01,3.786456168578e-01,-2.435309937565e+05,2.974155595795e+05,0.000000000000e+00,3.272533752975e+05
1.473215307e+04,-5.314894547747e+04,3.196991167512e+04,1.731763561505e+04,-3.136640772721e+00,6.985450799683e-01,3.771742576712e-01,-2.435759425260e+05,2.973787487743e+05,0.000000000000e+00,3.271149530648e+05
1.478907266e+04,-5.332735347711e+04,3.200959546312e+04,1.733906243364e+04,-3.132135901281e+00,6.958386505030e-01,3.757076869301e-01,-2.436210451598e+05,2.973418005516e+05,0.000000000000e+00,3.269763160191e+05
1.484619573e+04,-5.350614207576e+04,3.204926676589e+04,1.736048221077e+04,-3.127636061650e+00,6.931409464144e-01,3.742458454898e-01,-2.436663033952e+05,2.973047133661e+05,0.000000000000e+00,3.268374599808e+05
1.490351941e+04,-5.368530078474e+04,3.208892300614e+04,1.738189355380e+04,-3.123141527772e+00,6.904521009336e-01,3.727888054982e-01,-2.437117149020e+05,2.972674890054e+05,0.000000000000e+00,3.266983932485e+05
1.496105107e+04,-5.386485103490e+04,3.212856866931e+04,1.740329888341e+04,-3.118651773084e+00,6.877717686754e-01,3.713363797490e-01,-2.437572854424e+05,2.972301226218e+05,0.000000000000e+00,3.265590993453e+05
1.501878780e+04,-5.404478221960e+04,3.216820114701e+04,1.742469679015e+04,-3.114167074973e+00,6.851000854868e-01,3.698886418079e-01,-2.438030126605e+05,2.971926160214e+05,0.000000000000e+00,3.264195866639e+05
1.507672544e+04,-5.422507984556e+04,3.220781700145e+04,1.744608541683e+04,-3.109687803558e+00,6.824372410450e-01,3.684456944095e-01,-2.438488931971e+05,2.971549718355e+05,0.000000000000e+00,3.262798665885e+05
1.513486733e+04,-5.440575282740e+04,3.224741795106e+04,1.746746569016e+04,-3.105213745362e+00,6.797830774841e-01,3.670074519614e-01,-2.438949296418e+05,2.971171878149e+05,0.000000000000e+00,3.261399323529e+05
1.519322006e+04,-5.458682001984e+04,3.228700786632e+04,1.748883969863e+04,-3.100744444608e+00,6.771372948673e-01,3.655737518856e-01,-2.439411271346e+05,2.970792596132e+05,0.000000000000e+00,3.259997695123e+05
1.525177785e+04,-5.476826195328e+04,3.232658222916e+04,1.751020500186e+04,-3.096280392694e+00,6.745001546242e-01,3.641447357982e-01,-2.439874810435e+05,2.970411909047e+05,0.000000000000e+00,3.258593932949e+05
1.531054820e+04,-5.495010030981e+04,3.236614550643e+04,1.753156401023e+04,-3.091821067035e+00,6.718713187654e-01,3.627202205017e-01,-2.440339972448e+05,2.970029767338e+05,0.000000000000e+00,3.257187870830e+05
1.536952283e+04,-5.513230785943e+04,3.240569151640e+04,1.755291338524e+04,-3.087367145391e+00,6.692511574251e-01,3.613004065169e-01,-2.440806691073e+05,2.969646224185e+05,0.000000000000e+00,3.255779720844e+05
1.542870859e+04,-5.531490426971e+04,3.244522427716e+04,1.757425529500e+04,-3.082918155866e+00,6.666393633444e-01,3.598851272985e-01,-2.441275019997e+05,2.969261234169e+05,0.000000000000e+00,3.254369332459e+05
1.548810205e+04,-5.549787737468e+04,3.248474089879e+04,1.759558817818e+04,-3.078474404424e+00,6.640360869419e-01,3.584744643076e-01,-2.441744931369e+05,2.968874818872e+05,0.000000000000e+00,3.252956801143e+05
1.554771030e+04,-5.568124744617e+04,3.252424549754e+04,1.761691425575e+04,-3.074035409015e+00,6.614410170819e-01,3.570682488987e-01,-2.442216480646e+05,2.968486931361e+05,0.000000000000e+00,3.251541971937e+05
1.560752730e+04,-5.586499432877e+04,3.256373346986e+04,1.763823104133e+04,-3.069601667632e+00,6.588544162706e-01,3.556666232707e-01,-2.442689619395e+05,2.968097610137e+05,0.000000000000e+00,3.250125001880e+05
1.566755608e+04,-5.604912572205e+04,3.260320621959e+04,1.765953929161e+04,-3.065173002885e+00,6.562761519499e-01,3.542695155455e-01,-2.443164370781e+05,2.967706834805e+05,0.000000000000e+00,3.248705833030e+05
1.572780178e+04,-5.623365585073e+04,3.264266652845e+04,1.768084050698e+04,-3.060749083390e+00,6.537060031901e-01,3.528768059584e-01,-2.443640774934e+05,2.967314570968e+05,0.000000000000e+00,3.247284357311e+05
1.578825384e+04,-5.641855079847e+04,3.268210689223e+04,1.770213063538e+04,-3.056330730499e+00,6.511444184113e-01,3.514887374510e-01,-2.444118747648e+05,2.966920886609e+05,0.000000000000e+00,3.245860837412e+05
1.584892634e+04,-5.660385203003e+04,3.272153589901e+04,1.772341431152e+04,-3.051916962248e+00,6.485907999803e-01,3.501049861312e-01,-2.444598399512e+05,2.966525689271e+05,0.000000000000e+00,3.244434955550e+05
1.590980928e+04,-5.678952738983e+04,3.276094644295e+04,1.774468769842e+04,-3.047508554340e+00,6.460455688638e-01,3.487257800641e-01,-2.445079650739e+05,2.966129043306e+05,0.000000000000e+00,3.243006960665e+05
1.597090572e+04,-5.697558469148e+04,3.280033993869e+04,1.776595155854e+04,-3.043105328020e+00,6.435085930958e-01,3.473510476925e-01,-2.445562524908e+05,2.965730927911e+05,0.000000000000e+00,3.241576794002e+05
1.603221954e+04,-5.716203416476e+04,3.283971829461e+04,1.778720692074e+04,-3.038707049824e+00,6.409797102772e-01,3.459807009683e-01,-2.446047051992e+05,2.965331316976e+05,0.000000000000e+00,3.240144378368e+05
1.609375644e+04,-5.734889150153e+04,3.287908454743e+04,1.780845542287e+04,-3.034313360968e+00,6.384586874220e-01,3.446146135939e-01,-2.446533276327e+05,2.964930172504e+05,0.000000000000e+00,3.238709594794e+05
1.615551015e+04,-5.753613598866e+04,3.291843406054e+04,1.782969456095e+04,-3.029924759086e+00,6.359457832460e-01,3.432529257142e-01,-2.447021147552e+05,2.964527534605e+05,0.000000000000e+00,3.237272603866e+05
1.621748328e+04,-5.772377395381e+04,3.295776790277e+04,1.785092491062e+04,-3.025541104612e+00,6.334408905082e-01,3.418955791698e-01,-2.447510685618e+05,2.964123385385e+05,0.000000000000e+00,3.235833358463e+05
1.627967451e+04,-5.791179984073e+04,3.299708464840e+04,1.787214570110e+04,-3.021162535977e+00,6.309440611152e-01,3.405426020405e-01,-2.448001879503e+05,2.963717732503e+05,0.000000000000e+00,3.234391902634e+05
1.634207820e+04,-5.810019495972e+04,3.303638014797e+04,1.789335469154e+04,-3.016789494103e+00,6.284555184114e-01,3.391941153038e-01,-2.448494683732e+05,2.963310612092e+05,0.000000000000e+00,3.232948380932e+05
1.640470861e+04,-5.828900083100e+04,3.307566280300e+04,1.791455641524e+04,-3.012421023284e+00,6.259746914869e-01,3.378498095486e-01,-2.448989210387e+05,2.962901930103e+05,0.000000000000e+00,3.231502476616e+05
1.646755574e+04,-5.847818562865e+04,3.311492572606e+04,1.793574715358e+04,-3.008057868842e+00,6.235019770515e-01,3.365098996957e-01,-2.449485379632e+05,2.962491751038e+05,0.000000000000e+00,3.230054434856e+05
1.653062459e+04,-5.866776283190e+04,3.315417146368e+04,1.795692827970e+04,-3.003699726611e+00,6.210371755240e-01,3.351742775487e-01,-2.449983230251e+05,2.962080041371e+05,0.000000000000e+00,3.228604153800e+05
1.659391520e+04,-5.885773095085e+04,3.319339944771e+04,1.797809948566e+04,-2.999346638685e+00,6.185802840944e-01,3.338429415374e-01,-2.450482761831e+05,2.961666799957e+05,0.000000000000e+00,3.227151646223e+05
1.665742806e+04,-5.904808985881e+04,3.323260939407e+04,1.799926061685e+04,-2.994998615438e+00,6.161312820327e-01,3.325158803807e-01,-2.450983977531e+05,2.961252022691e+05,0.000000000000e+00,3.225696914449e+05
1.672116271e+04,-5.923883655228e+04,3.327180042916e+04,1.802041120049e+04,-2.990655732405e+00,6.136901852731e-01,3.311931026657e-01,-2.451486872922e+05,2.960835711736e+05,0.000000000000e+00,3.224239982753e+05
1.678512501e+04,-5.942998691715e+04,3.331097555249e+04,1.804155285402e+04,-2.986317636052e+00,6.112567690904e-01,3.298744865708e-01,-2.451991493436e+05,2.960417827962e+05,0.000000000000e+00,3.222780731185e+05
1.684931268e+04,-5.962153251419e+04,3.335013276487e+04,1.806268449717e+04,-2.981984526676e+00,6.088311202164e-01,3.285600790463e-01,-2.452497820387e+05,2.959998385303e+05,0.000000000000e+00,3.221319225588e+05
1.691373009e+04,-5.981348470483e+04,3.338927411757e+04,1.808380723556e+04,-2.977656156147e+00,6.064130743249e-01,3.272497909997e-01,-2.453005887417e+05,2.959577354336e+05,0.000000000000e+00,3.219855380696e+05
1.697837025e+04,-6.000582106528e+04,3.342839477588e+04,1.810491845876e+04,-2.973333037589e+00,6.040028923131e-01,3.259437637578e-01,-2.453515638728e+05,2.959154779750e+05,0.000000000000e+00,3.218389368856e+05
1.704323257e+04,-6.019853818800e+04,3.346749380498e+04,1.812601766100e+04,-2.969015252093e+00,6.016005927332e-01,3.246420073261e-01,-2.454027068715e+05,2.958730664662e+05,0.000000000000e+00,3.216921217215e+05
1.710832947e+04,-6.039167136982e+04,3.350657810015e+04,1.814710856186e+04,-2.964702016602e+00,5.992057145727e-01,3.233442718436e-01,-2.454540274641e+05,2.958304926840e+05,0.000000000000e+00,3.215450658227e+05
1.717365405e+04,-6.058519847885e+04,3.354564290714e+04,1.816818859437e+04,-2.960393834372e+00,5.968185125103e-01,3.220506952677e-01,-2.455055201361e+05,2.957877610428e+05,0.000000000000e+00,3.213977861823e+05
1.723920739e+04,-6.077912103134e+04,3.358468827302e+04,1.818925778256e+04,-2.956090678227e+00,5.944389460438e-01,3.207612556030e-01,-2.455571856471e+05,2.957448707537e+05,0.000000000000e+00,3.212502817743e+05
1.730498995e+04,-6.097343875538e+04,3.362371388355e+04,1.821031595549e+04,-2.951792560724e+00,5.920669968151e-01,3.194759428541e-01,-2.456090242816e+05,2.957018214206e+05,0.000000000000e+00,3.211025529328e+05
1.737100262e+04,-6.116815266819e+04,3.366271968352e+04,1.823136308197e+04,-2.947499465786e+00,5.897026307688e-01,3.181947385190e-01,-2.456610366688e+05,2.956586123602e+05,0.000000000000e+00,3.209545990108e+05
1.743724263e+04,-6.136325291462e+04,3.370170344646e+04,1.825239795923e+04,-2.943211616005e+00,5.873459450803e-01,3.169176952075e-01,-2.457132205297e+05,2.956152453053e+05,0.000000000000e+00,3.208064276164e+05
1.750371355e+04,-6.155874845597e+04,3.374066671189e+04,1.827342141660e+04,-2.938928819466e+00,5.849968089188e-01,3.156447419768e-01,-2.457655786144e+05,2.955717178086e+05,0.000000000000e+00,3.206580320617e+05
1.757042581e+04,-6.175466821034e+04,3.377961496386e+04,1.829443641162e+04,-2.934650451490e+00,5.826548557678e-01,3.143756801706e-01,-2.458181190412e+05,2.955280229539e+05,0.000000000000e+00,3.205093905344e+05
1.763736928e+04,-6.195098076511e+04,3.381854168064e+04,1.831543942392e+04,-2.930377206430e+00,5.803204418284e-01,3.131107027594e-01,-2.458708337588e+05,2.954841672692e+05,0.000000000000e+00,3.203605270022e+05
1.770455239e+04,-6.214770912754e+04,3.385745115423e+04,1.833643276779e+04,-2.926108590783e+00,5.779932733943e-01,3.118496505411e-01,-2.459237293135e+05,2.954401451403e+05,0.000000000000e+00,3.202114241483e+05
1.777196176e+04,-6.234481245465e+04,3.389633505061e+04,1.835741194523e+04,-2.921845496035e+00,5.756738118243e-01,3.105927734700e-01,-2.459767950830e+05,2.953959652411e+05,0.000000000000e+00,3.200621130454e+05
1.783960893e+04,-6.254232288959e+04,3.393519946193e+04,1.837838024175e+04,-2.917587231164e+00,5.733616562645e-01,3.093398542821e-01,-2.460300400762e+05,2.953516199044e+05,0.000000000000e+00,3.199125694554e+05
1.790748761e+04,-6.274022039517e+04,3.397404018781e+04,1.839933538969e+04,-2.913334233449e+00,5.710570197950e-01,3.080910083941e-01,-2.460834592531e+05,2.953071131585e+05,0.000000000000e+00,3.197628086661e+05
1.797561355e+04,-6.293854919556e+04,3.401286563259e+04,1.842028192178e+04,-2.909085560065e+00,5.687593680939e-01,3.068459462170e-01,-2.461370649263e+05,2.952624345721e+05,0.000000000000e+00,3.196127973394e+05
1.804397326e+04,-6.313726828181e+04,3.405166749089e+04,1.844121535568e+04,-2.904842097264e+00,5.664691572170e-01,3.056049148322e-01,-2.461908463885e+05,2.952175928947e+05,0.000000000000e+00,3.194625666232e+05
1.811257240e+04,-6.333639246620e+04,3.409044839792e+04,1.846213711160e+04,-2.900603533618e+00,5.641861950272e-01,3.043678100753e-01,-2.462448080118e+05,2.951725843083e+05,0.000000000000e+00,3.193121054324e+05
1.818141293e+04,-6.353592571690e+04,3.412920885580e+04,1.848304745888e+04,-2.896369791276e+00,5.619104162744e-01,3.031345965398e-01,-2.462989512452e+05,2.951274074286e+05,0.000000000000e+00,3.191614108909e+05
1.825048983e+04,-6.373585180708e+04,3.416794545138e+04,1.850394455470e+04,-2.892141219743e+00,5.596419851702e-01,3.019053631614e-01,-2.463532720530e+05,2.950820654475e+05,0.000000000000e+00,3.190104953677e+05
1.831981364e+04,-6.393619951166e+04,3.420666349003e+04,1.852483125958e+04,-2.887917216699e+00,5.573805554527e-01,3.006799222568e-01,-2.464077786280e+05,2.950365513485e+05,0.000000000000e+00,3.188593372612e+05
1.838937394e+04,-6.413693707248e+04,3.424535656714e+04,1.854570411694e+04,-2.883698457533e+00,5.551264655467e-01,2.994584571659e-01,-2.464624627030e+05,2.949908718560e+05,0.000000000000e+00,3.187079606488e+05
1.845918121e+04,-6.433809299155e+04,3.428402991235e+04,1.856656594636e+04,-2.879484348553e+00,5.528793750474e-01,2.982407833788e-01,-2.465173324144e+05,2.949450199940e+05,0.000000000000e+00,3.185563441498e+05
1.852923392e+04,-6.453966111135e+04,3.432268206137e+04,1.858741595630e+04,-2.875275026135e+00,5.506393343154e-01,2.970269281366e-01,-2.465723864665e+05,2.948989966620e+05,0.000000000000e+00,3.184044925295e+05
1.859952158e+04,-6.474160961628e+04,3.436130666168e+04,1.860825071854e+04,-2.871071158100e+00,5.484066751911e-01,2.958170712119e-01,-2.466276165335e+05,2.948528086402e+05,0.000000000000e+00,3.182524298574e+05
1.867005183e+04,-6.494395878548e+04,3.439990734929e+04,1.862907219289e+04,-2.866872324423e+00,5.461811507588e-01,2.946110787551e-01,-2.466830285197e+05,2.948064508120e+05,0.000000000000e+00,3.181001409569e+05
1.874083013e+04,-6.514672261375e+04,3.443848652620e+04,1.864988167342e+04,-2.862678240064e+00,5.439625873198e-01,2.934088565918e-01,-2.467386266342e+05,2.947599194712e+05,0.000000000000e+00,3.179476154066e+05
1.881185729e+04,-6.534990161674e+04,3.447704401254e+04,1.867067906144e+04,-2.858488900975e+00,5.417509606719e-01,2.922103915581e-01,-2.467944114034e+05,2.947132139896e+05,0.000000000000e+00,3.177948529360e+05
1.888313318e+04,-6.555349371271e+04,3.451557913691e+04,1.869146399315e+04,-2.854304356367e+00,5.395462747558e-01,2.910156857405e-01,-2.468503826401e+05,2.946663343350e+05,0.000000000000e+00,3.176418552255e+05
1.895465415e+04,-6.575748675664e+04,3.455408933525e+04,1.871223508395e+04,-2.850124860590e+00,5.373486411549e-01,2.898247995564e-01,-2.469065373825e+05,2.946192828003e+05,0.000000000000e+00,3.174886315075e+05
1.902642403e+04,-6.596188994039e+04,3.459257608019e+04,1.873299312647e+04,-2.845950229589e+00,5.351579406524e-01,2.886376683543e-01,-2.469628785368e+05,2.945720567617e+05,0.000000000000e+00,3.173351749803e+05
1.909844142e+04,-6.616669759260e+04,3.463103803906e+04,1.875373740031e+04,-2.841780583650e+00,5.329742141271e-01,2.874543142371e-01,-2.470194049176e+05,2.945246570224e+05,0.000000000000e+00,3.171814900046e+05
1.917071313e+04,-6.637192730987e+04,3.466947824328e+04,1.877446953876e+04,-2.837615569972e+00,5.307972550258e-01,2.862746252253e-01,-2.470761217665e+05,2.944770789940e+05,0.000000000000e+00,3.170275634839e+05
1.924324005e+04,-6.657757985558e+04,3.470789654964e+04,1.879518946283e+04,-2.833455180114e+00,5.286270378062e-01,2.850985874281e-01,-2.471330296895e+05,2.944293219713e+05,0.000000000000e+00,3.168733949620e+05
1.931601626e+04,-6.678363664251e+04,3.474628921322e+04,1.881589515109e+04,-2.829299795260e+00,5.264637396887e-01,2.839262968318e-01,-2.471901239288e+05,2.943813897516e+05,0.000000000000e+00,3.167189984780e+05
1.938904256e+04,-6.699009828915e+04,3.478465609035e+04,1.883658652441e+04,-2.825149406217e+00,5.243073337800e-01,2.827577388139e-01,-2.472474050321e+05,2.943332816807e+05,0.000000000000e+00,3.165643736619e+05
1.946232496e+04,-6.719698000757e+04,3.482299973781e+04,1.885726495993e+04,-2.821003711819e+00,5.221576420708e-01,2.815928168617e-01,-2.473048776051e+05,2.942849936927e+05,0.000000000000e+00,3.164095092216e+05
1.953586014e+04,-6.740427065058e+04,3.486131781692e+04,1.887792919469e+04,-2.816862940307e+00,5.200147615821e-01,2.804315835015e-01,-2.473625389388e+05,2.942365278644e+05,0.000000000000e+00,3.162544136027e+05
1.960964377e+04,-6.761195634037e+04,3.489960750848e+04,1.889857770668e+04,-2.812727371236e+00,5.178788149626e-01,2.792741051483e-01,-2.474203855474e+05,2.941878869287e+05,0.000000000000e+00,3.160990972748e+05
1.968368782e+04,-6.782006900222e+04,3.493787443172e+04,1.891921352446e+04,-2.808596372778e+00,5.157494544953e-01,2.781201933230e-01,-2.474784267076e+05,2.941390628841e+05,0.000000000000e+00,3.159435364569e+05
1.975800009e+04,-6.802862871410e+04,3.497612197430e+04,1.893983847294e+04,-2.804469555008e+00,5.136264594529e-01,2.769697283621e-01,-2.475366684321e+05,2.940900504634e+05,0.000000000000e+00,3.157877162617e+05
1.983256129e+04,-6.823757957749e+04,3.501433960749e+04,1.896044687272e+04,-2.800348029091e+00,5.115103807047e-01,2.758230087355e-01,-2.475950955051e+05,2.940408622655e+05,0.000000000000e+00,3.156316785521e+05
1.990737219e+04,-6.844692203053e+04,3.505252717474e+04,1.898103863775e+04,-2.796231786135e+00,5.094011913370e-01,2.746800198094e-01,-2.476537084131e+05,2.939914976819e+05,0.000000000000e+00,3.154754230691e+05
1.998244846e+04,-6.865669821651e+04,3.509069209641e+04,1.900161776749e+04,-2.792120001069e+00,5.072984475875e-01,2.735405210554e-01,-2.477125193434e+05,2.939419462421e+05,0.000000000000e+00,3.153189184460e+05
2.005779211e+04,-6.886691187754e+04,3.512883475306e+04,1.902218446523e+04,-2.788012608223e+00,5.052020963191e-01,2.724044836273e-01,-2.477715297580e+05,2.938922064999e+05,0.000000000000e+00,3.151621620033e+05
2.013338992e+04,-6.907752435452e+04,3.516694785572e+04,1.904273479887e+04,-2.783910367244e+00,5.031125047231e-01,2.712721064603e-01,-2.478307291992e+05,2.938422870599e+05,0.000000000000e+00,3.150051826610e+05
2.020925281e+04,-6.928856427366e+04,3.520503631799e+04,1.906327141600e+04,-2.779812723763e+00,5.010293696670e-01,2.701432252330e-01,-2.478901261023e+05,2.937921805988e+05,0.000000000000e+00,3.148479591676e+05
2.028537727e+04,-6.950002013188e+04,3.524309778514e+04,1.908379304510e+04,-2.775719905755e+00,4.989527868752e-01,2.690178917695e-01,-2.479497176288e+05,2.937418892971e+05,0.000000000000e+00,3.146905001853e+05
2.036176766e+04,-6.971190216868e+04,3.528113382295e+04,1.910430052852e+04,-2.771631719381e+00,4.968826378581e-01,2.678960418080e-01,-2.480095070627e+05,2.936914101681e+05,0.000000000000e+00,3.145327981791e+05
2.043841482e+04,-6.992418329060e+04,3.531913930300e+04,1.912479109938e+04,-2.767548690069e+00,4.948191681239e-01,2.667778083437e-01,-2.480694871483e+05,2.936407491238e+05,0.000000000000e+00,3.143748733941e+05
2.051532398e+04,-7.013687618484e+04,3.535711624284e+04,1.914526584363e+04,-2.763470575013e+00,4.927622340716e-01,2.656631135067e-01,-2.481296618522e+05,2.935899026008e+05,0.000000000000e+00,3.142167164618e+05
2.059250289e+04,-7.035000050892e+04,3.539506787552e+04,1.916572650241e+04,-2.759397001312e+00,4.907116277243e-01,2.645518445392e-01,-2.481900371360e+05,2.935388653423e+05,0.000000000000e+00,3.140583128504e+05
2.066994999e+04,-7.056355013860e+04,3.543299282432e+04,1.918617233154e+04,-2.755328091094e+00,4.886673911219e-01,2.634440241728e-01,-2.482506116726e+05,2.934876382477e+05,0.000000000000e+00,3.138996672026e+05
2.074766320e+04,-7.077751747608e+04,3.547088946407e+04,1.920660245292e+04,-2.751263992814e+00,4.866295790867e-01,2.623396820662e-01,-2.483113837074e+05,2.934362225788e+05,0.000000000000e+00,3.137407852445e+05
2.082563518e+04,-7.099188063245e+04,3.550875366364e+04,1.922701463761e+04,-2.747205123139e+00,4.845983800282e-01,2.612389202733e-01,-2.483723474080e+05,2.933846230514e+05,0.000000000000e+00,3.135816832946e+05
2.090388110e+04,-7.120667947330e+04,3.554659219793e+04,1.924741253595e+04,-2.743150729606e+00,4.825733974498e-01,2.601415238709e-01,-2.484335145069e+05,2.933328295124e+05,0.000000000000e+00,3.134223318369e+05
2.098239526e+04,-7.142189655110e+04,3.558440171094e+04,1.926779433681e+04,-2.739101145771e+00,4.805547787036e-01,2.590475726625e-01,-2.484948804431e+05,2.932808455961e+05,0.000000000000e+00,3.132627438973e+05
2.106117890e+04,-7.163753345934e+04,3.562218221191e+04,1.928816004319e+04,-2.735056344325e+00,4.785424905624e-01,2.579570485901e-01,-2.485564460702e+05,2.932286703529e+05,0.000000000000e+00,3.131029183665e+05
2.114023713e+04,-7.185360233264e+04,3.565993554673e+04,1.930851064812e+04,-2.731016101396e+00,4.765364024801e-01,2.568698808553e-01,-2.486182152597e+05,2.931763002718e+05,0.000000000000e+00,3.129428463281e+05
2.121956017e+04,-7.207007467046e+04,3.569765646752e+04,1.932884332078e+04,-2.726980952077e+00,4.745367605981e-01,2.557862027996e-01,-2.486801802623e+05,2.931237416941e+05,0.000000000000e+00,3.127825489639e+05
2.129914778e+04,-7.228694807463e+04,3.573534431072e+04,1.934915770162e+04,-2.722950940402e+00,4.725435664287e-01,2.547060151922e-01,-2.487423407727e+05,2.930709946531e+05,0.000000000000e+00,3.126220280996e+05
2.137902511e+04,-7.250428919607e+04,3.577301036776e+04,1.936945987480e+04,-2.718924832642e+00,4.705561912783e-01,2.536289772681e-01,-2.488047163120e+05,2.930180423470e+05,0.000000000000e+00,3.124612344838e+05
2.145917523e+04,-7.272205007658e+04,3.581064602339e+04,1.938974519448e+04,-2.714903523463e+00,4.685750588331e-01,2.525553185874e-01,-2.488672935450e+05,2.929648958555e+05,0.000000000000e+00,3.123002036854e+05
2.153959955e+04,-7.294023270186e+04,3.584825134996e+04,1.941001369761e+04,-2.710886978333e+00,4.666001329682e-01,2.514850195207e-01,-2.489300734450e+05,2.929115541161e+05,0.000000000000e+00,3.121389342994e+05
2.162030153e+04,-7.315884463745e+04,3.588582737423e+04,1.943026593551e+04,-2.706875060803e+00,4.646313278002e-01,2.504180334724e-01,-2.489930585975e+05,2.928580146935e+05,0.000000000000e+00,3.119774207999e+05
2.170127141e+04,-7.337785766258e+04,3.592336898324e+04,1.945049915044e+04,-2.702868289692e+00,4.626688786692e-01,2.493544879328e-01,-2.490562412692e+05,2.928042839250e+05,0.000000000000e+00,3.118156840911e+05
2.178251309e+04,-7.359728054032e+04,3.596087743099e+04,1.947071401626e+04,-2.698866503814e+00,4.607126869280e-01,2.482943293892e-01,-2.491196243746e+05,2.927503590970e+05,0.000000000000e+00,3.116537177441e+05
2.186404577e+04,-7.381716325246e+04,3.599836097213e+04,1.949091497956e+04,-2.694868795623e+00,4.587622908432e-01,2.472373075527e-01,-2.491832227717e+05,2.926962273230e+05,0.000000000000e+00,3.114914849352e+05
2.194585779e+04,-7.403747246672e+04,3.603581362385e+04,1.951109881380e+04,-2.690875776422e+00,4.568179710493e-01,2.461835744605e-01,-2.492470272492e+05,2.926418961930e+05,0.000000000000e+00,3.113290103339e+05
2.202794532e+04,-7.425819598283e+04,3.607323304396e+04,1.953126425460e+04,-2.686887668617e+00,4.548798171213e-01,2.451331786063e-01,-2.493110346780e+05,2.925873681275e+05,0.000000000000e+00,3.111663029897e+05
2.211031606e+04,-7.447935272862e+04,3.611062216878e+04,1.955141288221e+04,-2.682904131935e+00,4.529476452089e-01,2.440860202989e-01,-2.493752509556e+05,2.925326378557e+05,0.000000000000e+00,3.110033490033e+05
2.219296586e+04,-7.470092967066e+04,3.614797851854e+04,1.957154335814e+04,-2.678925403224e+00,4.510215519297e-01,2.430421518485e-01,-2.494396727095e+05,2.924777080028e+05,0.000000000000e+00,3.108401580325e+05
2.227590629e+04,-7.492295594108e+04,3.618530671747e+04,1.959165817203e+04,-2.674950962674e+00,4.491012678486e-01,2.420014271787e-01,-2.495043088313e+05,2.924225707339e+05,0.000000000000e+00,3.106767086821e+05
2.235912745e+04,-7.514540315463e+04,3.622260170589e+04,1.961175459513e+04,-2.670981321626e+00,4.471870223104e-01,2.409639705328e-01,-2.495691514796e+05,2.923672324829e+05,0.000000000000e+00,3.105130219072e+05
2.244263273e+04,-7.536827854952e+04,3.625986442512e+04,1.963183313248e+04,-2.667016352242e+00,4.452787354842e-01,2.399297385924e-01,-2.496342031751e+05,2.923116908458e+05,0.000000000000e+00,3.103490924284e+05
2.252642375e+04,-7.559158451262e+04,3.629709499563e+04,1.965189384674e+04,-2.663056014061e+00,4.433763700167e-01,2.388987110603e-01,-2.496994650308e+05,2.922559446159e+05,0.000000000000e+00,3.101849185393e+05
2.261050009e+04,-7.581531809833e+04,3.633429264844e+04,1.967193632130e+04,-2.659100361147e+00,4.414799340493e-01,2.378708922954e-01,-2.497649366021e+05,2.921999939154e+05,0.000000000000e+00,3.100205024528e+05
2.269486137e+04,-7.603947641740e+04,3.637145662975e+04,1.969196014775e+04,-2.655149445803e+00,4.395894347470e-01,2.368462861283e-01,-2.498306174570e+05,2.921438388552e+05,0.000000000000e+00,3.098558463344e+05
2.277951316e+04,-7.626407240598e+04,3.640858880416e+04,1.971196632844e+04,-2.651203041937e+00,4.377047463263e-01,2.358248243335e-01,-2.498965118053e+05,2.920874755746e+05,0.000000000000e+00,3.096909407271e+05
2.286446037e+04,-7.648911716330e+04,3.644569071021e+04,1.973195568989e+04,-2.647260958266e+00,4.358257604810e-01,2.348064481571e-01,-2.499626233368e+05,2.920309006502e+05,0.000000000000e+00,3.095257775365e+05
2.294969758e+04,-7.671459434556e+04,3.648275936087e+04,1.975192662041e+04,-2.643323484261e+00,4.339525981605e-01,2.337912230969e-01,-2.500289476809e+05,2.919741175543e+05,0.000000000000e+00,3.093603688076e+05
2.303521498e+04,-7.694047623294e+04,3.651978993749e+04,1.977187652166e+04,-2.639391103474e+00,4.320854713757e-01,2.327792640068e-01,-2.500954770896e+05,2.919171326581e+05,0.000000000000e+00,3.091947349028e+05
2.312102711e+04,-7.716679935481e+04,3.655678816129e+04,1.979180847358e+04,-2.635463180043e+00,4.302240604647e-01,2.317703975807e-01,-2.501622227334e+05,2.918599361288e+05,0.000000000000e+00,3.090288490654e+05
2.320713640e+04,-7.739356816568e+04,3.659375446504e+04,1.981172270688e+04,-2.631539639913e+00,4.283683136240e-01,2.307645956866e-01,-2.502291863608e+05,2.918025261940e+05,0.000000000000e+00,3.088627080774e+05
2.329352995e+04,-7.762074681197e+04,3.663068273081e+04,1.983161592337e+04,-2.627621104030e+00,4.265185071546e-01,2.297620080238e-01,-2.502963578018e+05,2.917449113029e+05,0.000000000000e+00,3.086963382368e+05
2.338022330e+04,-7.784837428049e+04,3.666757902077e+04,1.985149138637e+04,-2.623706900664e+00,4.246743066947e-01,2.287624533157e-01,-2.503637490033e+05,2.916870809361e+05,0.000000000000e+00,3.085297110217e+05
2.346720666e+04,-7.807642298602e+04,3.670443858088e+04,1.987134653248e+04,-2.619797505690e+00,4.228359195287e-01,2.277660438553e-01,-2.504313522246e+05,2.916290414602e+05,0.000000000000e+00,3.083628466580e+05
2.355449145e+04,-7.830492088501e+04,3.674126564707e+04,1.989118364102e+04,-2.615892441288e+00,4.210031041004e-01,2.267726486640e-01,-2.504991761800e+05,2.915707851160e+05,0.000000000000e+00,3.081957247205e+05
2.364206971e+04,-7.853384527968e+04,3.677805627513e+04,1.991100058493e+04,-2.611992097096e+00,4.191760266038e-01,2.257823577648e-01,-2.505672145623e+05,2.915123170408e+05,0.000000000000e+00,3.080283618416e+05
2.372994097e+04,-7.876319304164e+04,3.681480969442e+04,1.993079694670e+04,-2.608096525992e+00,4.173546945936e-01,2.247951751980e-01,-2.506354668573e+05,2.914536373992e+05,0.000000000000e+00,3.078607603258e+05
2.381812419e+04,-7.899301165685e+04,3.685153321657e+04,1.995057666196e+04,-2.604204924336e+00,4.155387161978e-01,2.238108885086e-01,-2.507039476379e+05,2.913947333752e+05,0.000000000000e+00,3.076928855070e+05
2.390660275e+04,-7.922325589060e+04,3.688821931405e+04,1.997033567369e+04,-2.600318061087e+00,4.137284342099e-01,2.228296834393e-01,-2.507726438681e+05,2.913356158924e+05,0.000000000000e+00,3.075247704623e+05
2.399538414e+04,-7.945394327140e+04,3.692487049984e+04,1.999007533283e+04,-2.596435641031e+00,4.119236945265e-01,2.218514764081e-01,-2.508415612052e+05,2.912762797966e+05,0.000000000000e+00,3.073564024127e+05
2.408446852e+04,-7.968507225109e+04,3.696148623735e+04,2.000979534780e+04,-2.592557692039e+00,4.101244939127e-01,2.208762656055e-01,-2.509106996236e+05,2.912167248192e+05,0.000000000000e+00,3.071877825130e+05
2.417385115e+04,-7.991662864482e+04,3.699806399989e+04,2.002949435524e+04,-2.588684452593e+00,4.083309265262e-01,2.199041020117e-01,-2.509800553081e+05,2.911569539570e+05,0.000000000000e+00,3.070189211273e+05
2.426353841e+04,-8.014862705494e+04,3.703460581462e+04,2.004917344428e+04,-2.584815678838e+00,4.065428630270e-01,2.189349154650e-01,-2.510496330611e+05,2.910969627802e+05,0.000000000000e+00,3.068498076203e+05
2.435352690e+04,-8.038105670670e+04,3.707110970258e+04,2.006883154659e+04,-2.580951551032e+00,4.047603704528e-01,2.179687422461e-01,-2.511194300825e+05,2.910367534094e+05,0.000000000000e+00,3.066804498595e+05
2.444382750e+04,-8.061394378390e+04,3.710757948397e+04,2.008847071672e+04,-2.577091635511e+00,4.029832328780e-01,2.170054652589e-01,-2.511894546752e+05,2.909763183834e+05,0.000000000000e+00,3.065108287842e+05
2.453443466e+04,-8.084727192604e+04,3.714401229831e+04,2.010808941156e+04,-2.573236205700e+00,4.012115605815e-01,2.160451442216e-01,-2.512597023666e+05,2.909156612605e+05,0.000000000000e+00,3.063409563304e+05
2.462533867e+04,-8.108101427965e+04,3.718040368386e+04,2.012768522592e+04,-2.569385704192e+00,3.994455404490e-01,2.150878803784e-01,-2.513301654935e+05,2.908547883618e+05,0.000000000000e+00,3.061708520472e+05
2.471655240e+04,-8.131520198330e+04,3.721675821725e+04,2.014726062155e+04,-2.565539617125e+00,3.976849204567e-01,2.141335370649e-01,-2.514008538672e+05,2.907936909131e+05,0.000000000000e+00,3.060004932721e+05
2.480807593e+04,-8.154983329424e+04,3.725307533683e+04,2.016681529329e+04,-2.561697974320e+00,3.959296986075e-01,2.131821131412e-01,-2.514717674033e+05,2.907323686813e+05,0.000000000000e+00,3.058298812818e+05
2.489992382e+04,-8.178494346520e+04,3.728936018563e+04,2.018635200745e+04,-2.557860202163e+00,3.941795979422e-01,2.122334584217e-01,-2.515429172182e+05,2.906708117396e+05,0.000000000000e+00,3.056589904644e+05
2.499205747e+04,-8.202043180227e+04,3.732559695456e+04,2.020586224934e+04,-2.554027942897e+00,3.924353511346e-01,2.112879700014e-01,-2.516142732633e+05,2.906090457817e+05,0.000000000000e+00,3.054878940000e+05
2.508451524e+04,-8.225639440600e+04,3.736180016604e+04,2.022535383531e+04,-2.550199630748e+00,3.906962292614e-01,2.103452527031e-01,-2.516858650797e+05,2.905470449327e+05,0.000000000000e+00,3.053165220522e+05
2.517728634e+04,-8.249280173245e+04,3.739796497692e+04,2.024482415488e+04,-2.546375748013e+00,3.889624366253e-01,2.094054172128e-01,-2.517576841641e+05,2.904848162372e+05,0.000000000000e+00,3.051448960912e+05
2.527037091e+04,-8.272965213198e+04,3.743409084594e+04,2.026427291384e+04,-2.542556321916e+00,3.872339701666e-01,2.084684618140e-01,-2.518297304581e+05,2.904223594309e+05,0.000000000000e+00,3.049730173118e+05
2.536376433e+04,-8.296693189404e+04,3.747017540364e+04,2.028369883374e+04,-2.538741572856e+00,3.855109139575e-01,2.075344320225e-01,-2.519020002250e+05,2.903596774393e+05,0.000000000000e+00,3.048008956519e+05
2.545747567e+04,-8.320466208258e+04,3.750622157038e+04,2.030310348389e+04,-2.534931161926e+00,3.837930994597e-01,2.066032364195e-01,-2.519745003189e+05,2.902967640003e+05,0.000000000000e+00,3.046285158212e+05
2.555150230e+04,-8.344283405047e+04,3.754222774395e+04,2.032248599888e+04,-2.531125228265e+00,3.820805742531e-01,2.056749007386e-01,-2.520472285488e+05,2.902336206935e+05,0.000000000000e+00,3.044558840819e+05
2.564584496e+04,-8.368144769098e+04,3.757819362328e+04,2.034184621373e+04,-2.527323773373e+00,3.803733237390e-01,2.047494170076e-01,-2.521201853234e+05,2.901702468423e+05,0.000000000000e+00,3.042830004978e+05
2.574049535e+04,-8.392048005145e+04,3.761411547959e+04,2.036118211844e+04,-2.523527160944e+00,3.786714955660e-01,2.038268652078e-01,-2.521933640526e+05,2.901066478518e+05,0.000000000000e+00,3.041098816729e+05
2.583547889e+04,-8.415999333326e+04,3.765000236520e+04,2.038049858266e+04,-2.519734403772e+00,3.769746323856e-01,2.029069973536e-01,-2.522667842307e+05,2.900428064509e+05,0.000000000000e+00,3.039364825462e+05
2.593078134e+04,-8.439994954101e+04,3.768584827586e+04,2.039979237143e+04,-2.515946105909e+00,3.752829901571e-01,2.019899521395e-01,-2.523404346763e+05,2.899787320259e+05,0.000000000000e+00,3.037628306215e+05
2.602641320e+04,-8.464037305804e+04,3.772165655220e+04,2.041906527975e+04,-2.512161883693e+00,3.735963830342e-01,2.010756287572e-01,-2.524143233319e+05,2.899144173319e+05,0.000000000000e+00,3.035889082412e+05
2.612234185e+04,-8.488117997836e+04,3.775741443563e+04,2.043831043775e+04,-2.508383054730e+00,3.719153826079e-01,2.001643370132e-01,-2.524884248341e+05,2.898498841207e+05,0.000000000000e+00,3.034147760634e+05
2.621860771e+04,-8.512246979345e+04,3.779313642784e+04,2.045753564740e+04,-2.504608055717e+00,3.702392781550e-01,1.992556915568e-01,-2.525627702314e+05,2.897851050228e+05,0.000000000000e+00,3.032403621088e+05
2.631518189e+04,-8.536416808406e+04,3.782881122280e+04,2.047673482084e+04,-2.500838050597e+00,3.685685717355e-01,1.983499645037e-01,-2.526373370418e+05,2.897200992897e+05,0.000000000000e+00,3.030657201435e+05
2.641207966e+04,-8.560631114908e+04,3.786444391538e+04,2.049591069705e+04,-2.497072470035e+00,3.669029956126e-01,1.974470106495e-01,-2.527121368895e+05,2.896548564563e+05,0.000000000000e+00,3.028908238941e+05
2.650932269e+04,-8.584895099278e+04,3.790004183671e+04,2.051506721801e+04,-2.493310508277e+00,3.652421797429e-01,1.965466293210e-01,-2.527871863174e+05,2.895893617413e+05,0.000000000000e+00,3.027156357876e+05
2.660689206e+04,-8.609203825536e+04,3.793559742210e+04,2.053420030954e+04,-2.489552933644e+00,3.635864497715e-01,1.956489969976e-01,-2.528624705384e+05,2.895236276942e+05,0.000000000000e+00,3.025401914497e+05
2.670479139e+04,-8.633557996557e+04,3.797111140504e+04,2.055331036315e+04,-2.485799637443e+00,3.619357434721e-01,1.947540798831e-01,-2.529379921846e+05,2.894576516688e+05,0.000000000000e+00,3.023644857749e+05
2.680302179e+04,-8.657957679663e+04,3.800658358419e+04,2.057239726726e+04,-2.482050609686e+00,3.602900423182e-01,1.938618678718e-01,-2.530137519250e+05,2.893914327288e+05,0.000000000000e+00,3.021885182456e+05
2.690157429e+04,-8.682400442588e+04,3.804201014000e+04,2.059145896346e+04,-2.478306222742e+00,3.586494952301e-01,1.929724416395e-01,-2.530897426539e+05,2.893249767362e+05,0.000000000000e+00,3.020123063587e+05
2.700046601e+04,-8.706890332247e+04,3.807739664388e+04,2.061049844626e+04,-2.474565856327e+00,3.570138162612e-01,1.920856460982e-01,-2.531659774090e+05,2.892582719345e+05,0.000000000000e+00,3.018358208995e+05
2.709969372e+04,-8.731426330787e+04,3.811274131116e+04,2.062951475203e+04,-2.470829667544e+00,3.553830605596e-01,1.912015110832e-01,-2.532424534966e+05,2.891913203175e+05,0.000000000000e+00,3.016590691726e+05
2.719924870e+04,-8.756006082479e+04,3.814804045704e+04,2.064850589497e+04,-2.467098014333e+00,3.537573702118e-01,1.903201135666e-01,-2.533191640289e+05,2.891241275571e+05,0.000000000000e+00,3.014820681016e+05
2.729913533e+04,-8.780630463007e+04,3.818329505776e+04,2.066747239704e+04,-2.463370761869e+00,3.521366721072e-01,1.894414138489e-01,-2.533961121850e+05,2.890566905116e+05,0.000000000000e+00,3.013048113255e+05
2.739934328e+04,-8.805296731995e+04,3.821850092111e+04,2.068641199970e+04,-2.459648321717e+00,3.505211305383e-01,1.885655009449e-01,-2.534732898368e+05,2.889890159492e+05,0.000000000000e+00,3.011273185058e+05
2.749989574e+04,-8.830010391744e+04,3.825366561358e+04,2.070532877012e+04,-2.455929862063e+00,3.489103704004e-01,1.876921714183e-01,-2.535507146524e+05,2.889210880141e+05,0.000000000000e+00,3.009495499925e+05
2.760077583e+04,-8.854767087402e+04,3.828878264440e+04,2.072421921323e+04,-2.452216037387e+00,3.473046613700e-01,1.868215714206e-01,-2.536283734478e+05,2.888529179050e+05,0.000000000000e+00,3.007715370562e+05
2.770200320e+04,-8.879571434235e+04,3.832385826447e+04,2.074308668811e+04,-2.448506154653e+00,3.457036900691e-01,1.859535309782e-01,-2.537062811616e+05,2.887844921375e+05,0.000000000000e+00,3.005932464546e+05
2.780356486e+04,-8.904420038875e+04,3.835888737157e+04,2.076192844672e+04,-2.444800721432e+00,3.441076620739e-01,1.850881614895e-01,-2.537844276043e+05,2.887158192852e+05,0.000000000000e+00,3.004147025248e+05
2.790546680e+04,-8.929314160564e+04,3.839387145147e+04,2.078074528478e+04,-2.441099548460e+00,3.425164820572e-01,1.842254112046e-01,-2.538628171922e+05,2.886468950937e+05,0.000000000000e+00,3.002358961539e+05
2.800773184e+04,-8.954259152230e+04,3.842881769400e+04,2.079954106574e+04,-2.437401842690e+00,3.409297965159e-01,1.833650883843e-01,-2.539414672775e+05,2.885777039151e+05,0.000000000000e+00,3.000567888514e+05
2.811030292e+04,-8.979240897370e+04,3.846370604798e+04,2.081830500169e+04,-2.433709693582e+00,3.393484879410e-01,1.825076714650e-01,-2.540203337954e+05,2.885082841419e+05,0.000000000000e+00,2.998774818964e+05
2.821323597e+04,-9.004272815065e+04,3.849855498374e+04,2.083704702309e+04,-2.430021114232e+00,3.377716911888e-01,1.816526912866e-01,-2.540994595491e+05,2.884385977238e+05,0.000000000000e+00,2.996978788892e+05
2.831650544e+04,-9.029348479155e+04,3.853335523900e+04,2.085576214488e+04,-2.426337052446e+00,3.361997985622e-01,1.808003604995e-01,-2.541788247077e+05,2.883686617339e+05,0.000000000000e+00,2.995180258774e+05
2.842013613e+04,-9.054473691827e+04,3.856811455450e+04,2.087445452623e+04,-2.422656656141e+00,3.346324335584e-01,1.799504748855e-01,-2.542584481142e+05,2.882984591748e+05,0.000000000000e+00,2.993378811803e+05
2.852410014e+04,-9.079641481312e+04,3.860282298146e+04,2.089311881331e+04,-2.418980946058e+00,3.330700177804e-01,1.791032629881e-01,-2.543383081463e+05,2.882280087175e+05,0.000000000000e+00,2.991574947123e+05
2.862841638e+04,-9.104856215318e+04,3.863748625675e+04,2.091175808748e+04,-2.415309282014e+00,3.315122655939e-01,1.782585698592e-01,-2.544184191198e+05,2.881572973440e+05,0.000000000000e+00,2.989768350836e+05
2.873308005e+04,-9.130116521910e+04,3.867210218841e+04,2.093037116631e+04,-2.411641863352e+00,3.299592486338e-01,1.774164342765e-01,-2.544987771506e+05,2.880863280839e+05,0.000000000000e+00,2.987959120476e+05
2.883809707e+04,-9.155423615597e+04,3.870667213599e+04,2.094895877703e+04,-2.407978513115e+00,3.284108790414e-01,1.765768085312e-01,-2.545793865764e+05,2.880150967057e+05,0.000000000000e+00,2.986147168257e+05
2.894344514e+04,-9.180771921077e+04,3.874118820739e+04,2.096751667260e+04,-2.404320034842e+00,3.268674828163e-01,1.757398693373e-01,-2.546602300864e+05,2.879436181136e+05,0.000000000000e+00,2.984332892374e+05
2.904914849e+04,-9.206167060356e+04,3.877565778158e+04,2.098604881674e+04,-2.400665613555e+00,3.253287025740e-01,1.749054228311e-01,-2.547413260592e+05,2.878718756628e+05,0.000000000000e+00,2.982515889427e+05
2.915521445e+04,-9.231610575464e+04,3.881008262879e+04,2.100455615718e+04,-2.397015028277e+00,3.237944329754e-01,1.740734118203e-01,-2.548226799114e+05,2.877998641466e+05,0.000000000000e+00,2.980696048305e+05
2.926164069e+04,-9.257101685495e+04,3.884446136483e+04,2.102303794572e+04,-2.393368392354e+00,3.222647095341e-01,1.732438554938e-01,-2.549042896432e+05,2.877275849158e+05,0.000000000000e+00,2.978873424084e+05
2.936840954e+04,-9.282635948014e+04,3.887878770491e+04,2.104149079983e+04,-2.389726339198e+00,3.207397849907e-01,1.724168908440e-01,-2.549861414979e+05,2.876550497454e+05,0.000000000000e+00,2.977048333399e+05
2.947551525e+04,-9.308211787225e+04,3.891305927636e+04,2.105991344043e+04,-2.386089087599e+00,3.192197370183e-01,1.715925599296e-01,-2.550682308531e+05,2.875822623345e+05,0.000000000000e+00,2.975220887638e+05
2.958300891e+04,-9.333841187042e+04,3.894729181592e+04,2.107831432267e+04,-2.382454933764e+00,3.177038414476e-01,1.707704699595e-01,-2.551505966659e+05,2.875091877159e+05,0.000000000000e+00,2.973390229626e+05
2.969086599e+04,-9.359518057933e+04,3.898147683020e+04,2.109668887673e+04,-2.378824745252e+00,3.161924490476e-01,1.699508110862e-01,-2.552332198954e+05,2.874358423402e+05,0.000000000000e+00,2.971556793610e+05
2.979906889e+04,-9.385238001230e+04,3.901560817140e+04,2.111503379419e+04,-2.375199141373e+00,3.146858048394e-01,1.691337161222e-01,-2.553160868528e+05,2.873622379405e+05,0.000000000000e+00,2.969720892550e+05
2.990764627e+04,-9.411007613528e+04,3.904969428778e+04,2.113335361173e+04,-2.371577190947e+00,3.131835094493e-01,1.683189684067e-01,-2.553992192709e+05,2.872883547863e+05,0.000000000000e+00,2.967882054503e+05
3.001656185e+04,-9.436818073377e+04,3.908372321976e+04,2.115164189759e+04,-2.367960131094e+00,3.116860632720e-01,1.675068392534e-01,-2.554825891572e+05,2.872142173318e+05,0.000000000000e+00,2.966040907757e+05
3.012584943e+04,-9.462677175535e+04,3.911770495966e+04,2.116990401796e+04,-2.364346865998e+00,3.101929997885e-01,1.666970755816e-01,-2.555662221491e+05,2.871398023549e+05,0.000000000000e+00,2.964196895038e+05
3.023548701e+04,-9.488579506173e+04,3.915163209337e+04,2.118813598430e+04,-2.360738150062e+00,3.087046183153e-01,1.658898396563e-01,-2.556501012116e+05,2.870651245806e+05,0.000000000000e+00,2.962350401211e+05
3.034550464e+04,-9.514531941791e+04,3.918551331876e+04,2.120634246650e+04,-2.357133023990e+00,3.072205110623e-01,1.650849102384e-01,-2.557342490964e+05,2.869901633142e+05,0.000000000000e+00,2.960500934900e+05
3.045588390e+04,-9.540529914793e+04,3.921934234901e+04,2.122452008186e+04,-2.353532122344e+00,3.057409275357e-01,1.642824225795e-01,-2.558186514917e+05,2.869149308575e+05,0.000000000000e+00,2.958648820483e+05
3.056661811e+04,-9.566571638064e+04,3.925311657593e+04,2.124266742482e+04,-2.349935688766e+00,3.042659551457e-01,1.634824240199e-01,-2.559033030547e+05,2.868394315391e+05,0.000000000000e+00,2.956794183901e+05
3.067769067e+04,-9.592653014584e+04,3.928683044115e+04,2.126078150492e+04,-2.346344281560e+00,3.027958092790e-01,1.626850313170e-01,-2.559881908907e+05,2.867636764385e+05,0.000000000000e+00,2.954937315331e+05
3.078915047e+04,-9.618785311265e+04,3.932049821786e+04,2.127886998678e+04,-2.342756346031e+00,3.013298411279e-01,1.618898924942e-01,-2.560733521379e+05,2.866876319706e+05,0.000000000000e+00,2.953077411235e+05
3.090097974e+04,-9.644964132022e+04,3.935411390743e+04,2.129692964293e+04,-2.339172486576e+00,2.998682863797e-01,1.610971353129e-01,-2.561587729801e+05,2.866113100094e+05,0.000000000000e+00,2.951214783305e+05
3.101317726e+04,-9.671188970363e+04,3.938767655615e+04,2.131495995663e+04,-2.335592770319e+00,2.984111604149e-01,1.603067680441e-01,-2.562444522450e+05,2.865347111498e+05,0.000000000000e+00,2.949349466194e+05
3.112576314e+04,-9.697464300317e+04,3.942119156124e+04,2.133296382273e+04,-2.332016586617e+00,2.969582033377e-01,1.595186496416e-01,-2.563304050544e+05,2.864578214060e+05,0.000000000000e+00,2.947481140388e+05
3.123869848e+04,-9.723780827921e+04,3.945464677030e+04,2.135093470868e+04,-2.328445197540e+00,2.955099158692e-01,1.587330516366e-01,-2.564166014808e+05,2.863806670937e+05,0.000000000000e+00,2.945610465265e+05
3.135203643e+04,-9.750150710789e+04,3.948805732295e+04,2.136888074234e+04,-2.324876951919e+00,2.940656168588e-01,1.579496044773e-01,-2.565030818383e+05,2.863032116610e+05,0.000000000000e+00,2.943736575203e+05
3.146574764e+04,-9.776566889044e+04,3.952141392594e+04,2.138679692710e+04,-2.321312806714e+00,2.926256829189e-01,1.571685123756e-01,-2.565898234991e+05,2.862254748912e+05,0.000000000000e+00,2.941859970609e+05
3.157981265e+04,-9.803024632027e+04,3.955471033278e+04,2.140467990356e+04,-2.317753394835e+00,2.911903572420e-01,1.563899071817e-01,-2.566768113813e+05,2.861474698457e+05,0.000000000000e+00,2.939980985851e+05
3.169426580e+04,-9.829531685215e+04,3.958795599881e+04,2.142253474555e+04,-2.314197670600e+00,2.897592061621e-01,1.556135535775e-01,-2.567640714217e+05,2.860691728008e+05,0.000000000000e+00,2.938099069228e+05
3.180908496e+04,-9.856082706941e+04,3.962114391699e+04,2.144035768522e+04,-2.310646348228e+00,2.883325055628e-01,1.548396011468e-01,-2.568515865218e+05,2.859905986239e+05,0.000000000000e+00,2.936214598394e+05
3.192429821e+04,-9.882683959801e+04,3.965428160214e+04,2.145815275351e+04,-2.307098588191e+00,2.869099067687e-01,1.540678606659e-01,-2.569393778161e+05,2.859117278593e+05,0.000000000000e+00,2.934327127272e+05
3.203989022e+04,-9.909331681329e+04,3.968736403821e+04,2.147591725188e+04,-2.303554891779e+00,2.854915998002e-01,1.532984351411e-01,-2.570274333953e+05,2.858325707162e+05,0.000000000000e+00,2.932436921281e+05
3.215585980e+04,-9.936025371712e+04,3.972039030285e+04,2.149365068033e+04,-2.300015322408e+00,2.840775984497e-01,1.525313319802e-01,-2.571157520894e+05,2.857531277651e+05,0.000000000000e+00,2.930544014162e+05
3.227222799e+04,-9.962769643571e+04,3.975336577500e+04,2.151135592211e+04,-2.296479267684e+00,2.826676471381e-01,1.517664124523e-01,-2.572043496672e+05,2.856733843260e+05,0.000000000000e+00,2.928648077208e+05
3.238896912e+04,-9.989558372091e+04,3.978628258454e+04,2.152902874665e+04,-2.292947535703e+00,2.812620569609e-01,1.510038452544e-01,-2.572932063370e+05,2.855933577184e+05,0.000000000000e+00,2.926749542920e+05
3.250609339e+04,-1.001639367791e+05,3.981914304448e+04,2.154667039101e+04,-2.289419842816e+00,2.798607033550e-01,1.502435627335e-01,-2.573823296060e+05,2.855130406945e+05,0.000000000000e+00,2.924848259149e+05
3.262361232e+04,-1.004327797432e+05,3.985194978844e+04,2.156428226408e+04,-2.285895870215e+00,2.784634487107e-01,1.494854901537e-01,-2.574717279911e+05,2.854324250769e+05,0.000000000000e+00,2.922944053164e+05
3.274149308e+04,-1.007020352912e+05,3.988469309316e+04,2.158185914125e+04,-2.282376626786e+00,2.770706813530e-01,1.487298381241e-01,-2.575613762493e+05,2.853515331387e+05,0.000000000000e+00,2.921037470689e+05
3.285977827e+04,-1.009717985782e+05,3.991738423113e+04,2.159940706876e+04,-2.278860865121e+00,2.756818962131e-01,1.479763325416e-01,-2.576513065423e+05,2.852703353611e+05,0.000000000000e+00,2.919127836012e+05
3.297844928e+04,-1.012420247723e+05,3.995001743860e+04,2.161692294753e+04,-2.275349168560e+00,2.742973130955e-01,1.472250925840e-01,-2.577415044368e+05,2.851888442605e+05,0.000000000000e+00,2.917215464685e+05
3.309751246e+04,-1.015127260954e+05,3.998259388137e+04,2.163440739819e+04,-2.271841375425e+00,2.729168571948e-01,1.464760775857e-01,-2.578319745038e+05,2.851070551976e+05,0.000000000000e+00,2.915300268275e+05
3.321698337e+04,-1.017839355764e+05,4.001511719549e+04,2.165186236693e+04,-2.268337057314e+00,2.715403495450e-01,1.457291903606e-01,-2.579227283023e+05,2.850249571969e+05,0.000000000000e+00,2.913382011261e+05
3.333685907e+04,-1.020556440765e+05,4.004758593131e+04,2.166928707016e+04,-2.264836333145e+00,2.701678268570e-01,1.449844507434e-01,-2.580137633097e+05,2.849425520044e+05,0.000000000000e+00,2.911460756473e+05
3.345709597e+04,-1.023277506595e+05,4.007998774293e+04,2.168667487734e+04,-2.261340498052e+00,2.687997853866e-01,1.442421279302e-01,-2.581050461742e+05,2.848598693032e+05,0.000000000000e+00,2.909537215465e+05
3.357772418e+04,-1.026003213597e+05,4.011233023139e+04,2.170402986259e+04,-2.257848696354e+00,2.674358783038e-01,1.435020336519e-01,-2.581965994925e+05,2.847768881256e+05,0.000000000000e+00,2.907610919133e+05
3.369876172e+04,-1.028733945524e+05,4.014461762221e+04,2.172135428784e+04,-2.254360434808e+00,2.660759024898e-01,1.427640576084e-01,-2.582884366653e+05,2.846935957921e+05,0.000000000000e+00,2.905681594238e+05
3.382019229e+04,-1.031469311280e+05,4.017684496363e+04,2.173864549066e+04,-2.250876211259e+00,2.647200416111e-01,1.420282993821e-01,-2.583805450497e+05,2.846100032322e+05,0.000000000000e+00,2.903749515025e+05
3.394201635e+04,-1.034209298513e+05,4.020901180804e+04,2.175590322557e+04,-2.247396037419e+00,2.633682892716e-01,1.412947554227e-01,-2.584729247150e+05,2.845261098551e+05,0.000000000000e+00,2.901814687993e+05
3.406424073e+04,-1.036954038563e+05,4.024111938774e+04,2.177312814829e+04,-2.243919743032e+00,2.620205685941e-01,1.405633839314e-01,-2.585655805818e+05,2.844419106573e+05,0.000000000000e+00,2.899877018169e+05
3.418685102e+04,-1.039703184994e+05,4.027316335411e+04,2.179031792056e+04,-2.240447762209e+00,2.606770368771e-01,1.398342701906e-01,-2.586585014346e+05,2.843574152991e+05,0.000000000000e+00,2.897936747799e+05
3.430988911e+04,-1.042457653515e+05,4.030515404878e+04,2.180747808436e+04,-2.236978936814e+00,2.593372357816e-01,1.391071653823e-01,-2.587517187397e+05,2.842725946152e+05,0.000000000000e+00,2.895993228399e+05
3.443332665e+04,-1.045216785288e+05,4.033708347198e+04,2.182460434265e+04,-2.233514096198e+00,2.580014758425e-01,1.383822379458e-01,-2.588452107324e+05,2.841874678463e+05,0.000000000000e+00,2.894046922668e+05
3.455716782e+04,-1.047980650623e+05,4.036895212639e+04,2.184169695943e+04,-2.230053148482e+00,2.566697110751e-01,1.376594628424e-01,-2.589389802899e+05,2.841020318238e+05,0.000000000000e+00,2.892097778639e+05
3.468140454e+04,-1.050749046609e+05,4.040075736963e+04,2.185875451191e+04,-2.226596343401e+00,2.553420268760e-01,1.369388863372e-01,-2.590330210146e+05,2.840162918286e+05,0.000000000000e+00,2.890145936968e+05
3.480605979e+04,-1.053522461969e+05,4.043250449586e+04,2.187577983364e+04,-2.223143067805e+00,2.540181774705e-01,1.362203749558e-01,-2.591273500128e+05,2.839302317038e+05,0.000000000000e+00,2.888191050681e+05
3.493112995e+04,-1.056300791741e+05,4.046419195894e+04,2.189277208938e+04,-2.219693451448e+00,2.526982028750e-01,1.355039503289e-01,-2.592219642438e+05,2.838438536477e+05,0.000000000000e+00,2.886233191424e+05
3.505659101e+04,-1.059083479920e+05,4.049581311420e+04,2.190972771027e+04,-2.216248180180e+00,2.513823549534e-01,1.347897490746e-01,-2.593168452609e+05,2.837571739427e+05,0.000000000000e+00,2.884272748454e+05
3.518247763e+04,-1.061871271769e+05,4.052737611529e+04,2.192665106252e+04,-2.212806327721e+00,2.500702696492e-01,1.340775735094e-01,-2.594120189747e+05,2.836701683496e+05,0.000000000000e+00,2.882309194183e+05
3.530875355e+04,-1.064663341510e+05,4.055887130268e+04,2.194353696102e+04,-2.209368909550e+00,2.487623237321e-01,1.333676280527e-01,-2.595074576881e+05,2.835828616194e+05,0.000000000000e+00,2.880343107640e+05
3.543545248e+04,-1.067460411403e+05,4.059030651989e+04,2.196038960517e+04,-2.205935031825e+00,2.474581666461e-01,1.326597223408e-01,-2.596031865777e+05,2.834952301516e+05,0.000000000000e+00,2.878373977568e+05
3.556255693e+04,-1.070262071647e+05,4.062167683801e+04,2.197720634647e+04,-2.202505194573e+00,2.461579783029e-01,1.319539539438e-01,-2.596991921263e+05,2.834072857373e+05,0.000000000000e+00,2.876402089842e+05
3.569007467e+04,-1.073068470503e+05,4.065298361012e+04,2.199398790426e+04,-2.199079211797e+00,2.448616778959e-01,1.312502789134e-01,-2.597954799060e+05,2.833190226942e+05,0.000000000000e+00,2.874427337382e+05
3.581801014e+04,-1.075879682182e+05,4.068422734312e+04,2.201073454412e+04,-2.195656989504e+00,2.435692198896e-01,1.305486724436e-01,-2.598920529689e+05,2.832304376362e+05,0.000000000000e+00,2.872449665259e+05
3.594637368e+04,-1.078695909227e+05,4.071540994988e+04,2.202744728495e+04,-2.192238279079e+00,2.422805008124e-01,1.298490782749e-01,-2.599889187968e+05,2.831415230991e+05,0.000000000000e+00,2.870468928300e+05
3.607514966e+04,-1.081516785311e+05,4.074652704619e+04,2.204412377065e+04,-2.188823522267e+00,2.409956774305e-01,1.291515814198e-01,-2.600860653032e+05,2.830522895776e+05,0.000000000000e+00,2.868485381391e+05
3.620435146e+04,-1.084342579590e+05,4.077758127907e+04,2.206076541349e+04,-2.185412389731e+00,2.397146159851e-01,1.284561091753e-01,-2.601835022646e+05,2.829627274913e+05,0.000000000000e+00,2.866498832440e+05
3.633396242e+04,-1.087172904035e+05,4.080856806952e+04,2.207736975336e+04,-2.182005345698e+00,2.384374808622e-01,1.277627506963e-01,-2.602812168011e+05,2.828728480793e+05,0.000000000000e+00,2.864509551336e+05
3.646402447e+04,-1.090008649464e+05,4.083949682436e+04,2.209394182424e+04,-2.178601316132e+00,2.371638601713e-01,1.270712822733e-01,-2.603792401999e+05,2.827826219429e+05,0.000000000000e+00,2.862516909153e+05
3.659449934e+04,-1.092848957105e+05,4.087035782913e+04,2.211047641425e+04,-2.175201330297e+00,2.358941298009e-01,1.263819078879e-01,-2.604775433100e+05,2.826920752889e+05,0.000000000000e+00,2.860521506485e+05
3.672541800e+04,-1.095694476482e+05,4.090115780608e+04,2.212697711834e+04,-2.171804607944e+00,2.346279889194e-01,1.256944641168e-01,-2.605761491328e+05,2.826011863087e+05,0.000000000000e+00,2.858522884076e+05
3.685671356e+04,-1.098543731363e+05,4.093188049251e+04,2.214343521778e+04,-2.168412904345e+00,2.333660813749e-01,1.250093004487e-01,-2.606750069802e+05,2.825100011254e+05,0.000000000000e+00,2.856522075616e+05
3.698845098e+04,-1.101398109097e+05,4.096254056928e+04,2.215985857090e+04,-2.165024560614e+00,2.321077794605e-01,1.243260759797e-01,-2.607741654500e+05,2.824184743141e+05,0.000000000000e+00,2.854518103642e+05
3.712061109e+04,-1.104257169836e+05,4.099313297450e+04,2.217624445941e+04,-2.161640096139e+00,2.308532667691e-01,1.236448903018e-01,-2.608736097856e+05,2.823266188609e+05,0.000000000000e+00,2.852511273895e+05
3.725321758e+04,-1.107121401375e+05,4.102366258730e+04,2.219259548972e+04,-2.158258930913e+00,2.296023191122e-01,1.229656215878e-01,-2.609733574803e+05,2.822344179675e+05,0.000000000000e+00,2.850501240888e+05
3.738624498e+04,-1.109990229268e+05,4.105412294966e+04,2.220890819613e+04,-2.154881739990e+00,2.283551769737e-01,1.222884003265e-01,-2.610733890501e+05,2.821418890025e+05,0.000000000000e+00,2.848488404591e+05
3.751970172e+04,-1.112863811445e+05,4.108451542904e+04,2.222518330423e+04,-2.151508332289e+00,2.271117600463e-01,1.216131828182e-01,-2.611737104960e+05,2.820490257841e+05,0.000000000000e+00,2.846472650908e+05
3.765361517e+04,-1.115742712276e+05,4.111484564040e+04,2.224142381359e+04,-2.148138043575e+00,2.258718146658e-01,1.209398312159e-01,-2.612743420623e+05,2.819558089132e+05,0.000000000000e+00,2.844453580766e+05
3.778796239e+04,-1.118626412860e+05,4.114510775995e+04,2.225762659848e+04,-2.144771479778e+00,2.246355550112e-01,1.202684617292e-01,-2.613752661550e+05,2.818622540220e+05,0.000000000000e+00,2.842431554876e+05
3.792274008e+04,-1.121514818600e+05,4.117530047575e+04,2.227379094946e+04,-2.141408746745e+00,2.234030104976e-01,1.195990902385e-01,-2.614764799680e+05,2.817683630636e+05,0.000000000000e+00,2.840406636181e+05
3.805795454e+04,-1.124408040237e+05,4.120542462510e+04,2.228991730775e+04,-2.138049710982e+00,2.221741227981e-01,1.189316849726e-01,-2.615779878875e+05,2.816741313162e+05,0.000000000000e+00,2.838378743616e+05
3.819360605e+04,-1.127306059546e+05,4.123547969207e+04,2.230600538998e+04,-2.134694389479e+00,2.209488888773e-01,1.182662441869e-01,-2.616797897857e+05,2.815795582384e+05,0.000000000000e+00,2.836347886502e+05
3.832972373e+04,-1.130209472855e+05,4.126547149929e+04,2.232205830528e+04,-2.131342090348e+00,2.197270475521e-01,1.176026259265e-01,-2.617819071598e+05,2.814846231747e+05,0.000000000000e+00,2.834313643571e+05
3.846630094e+04,-1.133118111872e+05,4.129539792005e+04,2.233807490737e+04,-2.127993008408e+00,2.185086618301e-01,1.169408643051e-01,-2.618843346681e+05,2.813893303866e+05,0.000000000000e+00,2.832276129393e+05
3.860327198e+04,-1.136030553982e+05,4.132524402684e+04,2.235404720008e+04,-2.124648774561e+00,2.172943151880e-01,1.162812761441e-01,-2.619870226872e+05,2.812937253894e+05,0.000000000000e+00,2.830236336812e+05
3.874067645e+04,-1.138947619828e+05,4.135501797584e+04,2.236997954162e+04,-2.121308436471e+00,2.160836513137e-01,1.156236678224e-01,-2.620900005862e+05,2.811977802059e+05,0.000000000000e+00,2.828193687206e+05
3.887855767e+04,-1.141870203284e+05,4.138472853147e+04,2.238587661405e+04,-2.117970968612e+00,2.148762900569e-01,1.149678327455e-01,-2.621933004667e+05,2.811014642266e+05,0.000000000000e+00,2.826147551076e+05
3.901688151e+04,-1.144797554732e+05,4.141436770506e+04,2.240173413493e+04,-2.114637225679e+00,2.136725323488e-01,1.143139342720e-01,-2.622968963893e+05,2.810048009279e+05,0.000000000000e+00,2.824098449643e+05
3.915563646e+04,-1.147729406699e+05,4.144393248265e+04,2.241755048432e+04,-2.111307506104e+00,2.124724765404e-01,1.136620257314e-01,-2.624007793777e+05,2.809077980085e+05,0.000000000000e+00,2.822046566303e+05
3.929482288e+04,-1.150665744008e+05,4.147342242253e+04,2.243332541871e+04,-2.107981819591e+00,2.112761164367e-01,1.130121036649e-01,-2.625049493652e+05,2.808104548602e+05,0.000000000000e+00,2.819991907746e+05
3.943448935e+04,-1.153607565611e+05,4.150284720814e+04,2.244906411001e+04,-2.104659031738e+00,2.100830354258e-01,1.123639416436e-01,-2.626094423260e+05,2.807127371553e+05,0.000000000000e+00,2.817933771178e+05
3.957461562e+04,-1.156554418636e+05,4.153220192699e+04,2.246476392218e+04,-2.101339653539e+00,2.088934091103e-01,1.117176349554e-01,-2.627142427456e+05,2.806146586667e+05,0.000000000000e+00,2.815872469691e+05
3.971517699e+04,-1.159505758727e+05,4.156148083477e+04,2.248042177517e+04,-2.098024292963e+00,2.077074463990e-01,1.110732969965e-01,-2.628193317705e+05,2.805162363353e+05,0.000000000000e+00,2.813808380087e+05
3.985617583e+04,-1.162461612277e+05,4.159068390306e+04,2.249603764628e+04,-2.094712912736e+00,2.065251244310e-01,1.104309152509e-01,-2.629247108124e+05,2.804174681510e+05,0.000000000000e+00,2.811741479800e+05
3.999768299e+04,-1.165423438212e+05,4.161982516436e+04,2.251161903053e+04,-2.091403877587e+00,2.053458515130e-01,1.097901681257e-01,-2.630304324529e+05,2.803183040824e+05,0.000000000000e+00,2.809670744769e+05
4.013961431e+04,-1.168389448539e+05,4.164888666536e+04,2.252715632006e+04,-2.088099182685e+00,2.041703305220e-01,1.091514374130e-01,-2.631364334177e+05,2.802188027385e+05,0.000000000000e+00,2.807597421054e+05
4.028199835e+04,-1.171360216744e+05,4.167787373797e+04,2.254265235785e+04,-2.084798181036e+00,2.029983218289e-01,1.085145928115e-01,-2.632427346705e+05,2.801189437421e+05,0.000000000000e+00,2.805521103513e+05
4.042481023e+04,-1.174335200338e+05,4.170678079952e+04,2.255810415174e+04,-2.081501467536e+00,2.018300272435e-01,1.078797438830e-01,-2.633493172697e+05,2.800187441826e+05,0.000000000000e+00,2.803442167005e+05
4.056814284e+04,-1.177316308021e+05,4.173562602336e+04,2.257352140716e+04,-2.078206925289e+00,2.006646887134e-01,1.072464785896e-01,-2.634562501567e+05,2.799181384858e+05,0.000000000000e+00,2.801359273597e+05
4.071192580e+04,-1.180302048030e+05,4.176439457654e+04,2.258889618695e+04,-2.074916202945e+00,1.995028820201e-01,1.066151097022e-01,-2.635634804091e+05,2.798171756606e+05,0.000000000000e+00,2.799273461479e+05
4.085616235e+04,-1.183292463313e+05,4.179308656260e+04,2.260422853822e+04,-2.071629246634e+00,1.983445792063e-01,1.059856219248e-01,-2.636710100613e+05,2.797158530603e+05,0.000000000000e+00,2.797184696259e+05
4.100088465e+04,-1.186288194813e+05,4.182170777888e+04,2.261952155015e+04,-2.068345348336e+00,1.971895226123e-01,1.053578751191e-01,-2.637788626972e+05,2.796141477003e+05,0.000000000000e+00,2.795092525920e+05
4.114603334e+04,-1.189287989295e+05,4.185024593689e+04,2.263476864830e+04,-2.065065875547e+00,1.960381844454e-01,1.047321258139e-01,-2.638869936944e+05,2.795121009168e+05,0.000000000000e+00,2.792997821226e+05
4.129165710e+04,-1.192292828783e+05,4.187871008017e+04,2.264997465609e+04,-2.061789747154e+00,1.948901761095e-01,1.041081627061e-01,-2.639954389296e+05,2.794096781151e+05,0.000000000000e+00,2.790899891888e+05
4.143777349e+04,-1.195303048439e+05,4.190710300441e+04,2.266514105765e+04,-2.058516595979e+00,1.937453613480e-01,1.034859116194e-01,-2.641042110644e+05,2.793068665430e+05,0.000000000000e+00,2.788798499483e+05
4.158436454e+04,-1.198318251416e+05,4.193542059079e+04,2.268026564349e+04,-2.055246851441e+00,1.926038827227e-01,1.028654499232e-01,-2.642132963205e+05,2.792036784275e+05,0.000000000000e+00,2.786693916567e+05
4.173140493e+04,-1.201337891663e+05,4.196365739254e+04,2.269534549571e+04,-2.051981099406e+00,1.914659361531e-01,1.022468840039e-01,-2.643226754416e+05,2.791001312206e+05,0.000000000000e+00,2.784586519613e+05
4.187890876e+04,-1.204362234717e+05,4.199181559105e+04,2.271038177068e+04,-2.048719045152e+00,1.903314100746e-01,1.016301531118e-01,-2.644323585267e+05,2.789962146051e+05,0.000000000000e+00,2.782476118549e+05
4.202690025e+04,-1.207391751384e+05,4.201989922308e+04,2.272537661476e+04,-2.045460176492e+00,1.892001182976e-01,1.010151559196e-01,-2.645423631794e+05,2.788919111116e+05,0.000000000000e+00,2.780362380143e+05
4.217538938e+04,-1.210426618389e+05,4.204790954067e+04,2.274033068659e+04,-2.042204301699e+00,1.880719869210e-01,1.004018521297e-01,-2.646526963887e+05,2.787872132903e+05,0.000000000000e+00,2.778245176420e+05
4.232434370e+04,-1.213466146152e+05,4.207583982404e+04,2.275524038912e+04,-2.038952156672e+00,1.869472630733e-01,9.979037597521e-02,-2.647633336229e+05,2.786821436133e+05,0.000000000000e+00,2.776124983658e+05
4.247376160e+04,-1.216510277115e+05,4.210368923415e+04,2.277010526543e+04,-2.035703795830e+00,1.858259569729e-01,9.918073290245e-02,-2.648742732750e+05,2.785767028254e+05,0.000000000000e+00,2.774001837066e+05
4.262365175e+04,-1.219559163052e+05,4.213145884337e+04,2.278492587877e+04,-2.032459050430e+00,1.847080019039e-01,9.857288652793e-02,-2.649855213707e+05,2.784708844097e+05,0.000000000000e+00,2.771875625808e+05
4.277400825e+04,-1.222612659163e+05,4.215914701603e+04,2.279970134692e+04,-2.029218067784e+00,1.835934401996e-01,9.796685975747e-02,-2.650970731212e+05,2.783646921263e+05,0.000000000000e+00,2.769746445836e+05
4.292488393e+04,-1.225671811070e+05,4.218676286183e+04,2.281443652110e+04,-2.025979735065e+00,1.824818817000e-01,9.736244032374e-02,-2.652089672803e+05,2.782580882457e+05,0.000000000000e+00,2.767613563071e+05
4.307621736e+04,-1.228735346681e+05,4.221429453901e+04,2.282912507283e+04,-2.022745394863e+00,1.813737795847e-01,9.675987452581e-02,-2.653211578583e+05,2.781511157496e+05,0.000000000000e+00,2.765477859378e+05
4.322806240e+04,-1.231804329889e+05,4.224175126286e+04,2.284377190872e+04,-2.019513919019e+00,1.802687394900e-01,9.615894779653e-02,-2.654336843417e+05,2.780437361582e+05,0.000000000000e+00,2.763338587941e+05
4.338038599e+04,-1.234878065942e+05,4.226912644930e+04,2.285837350619e+04,-2.016286035634e+00,1.791670029549e-01,9.555979136137e-02,-2.655465218070e+05,2.779359724041e+05,0.000000000000e+00,2.761196227897e+05
4.353321397e+04,-1.237957049286e+05,4.229642414540e+04,2.287293201368e+04,-2.013061221126e+00,1.780683836518e-01,9.496230376700e-02,-2.656596889420e+05,2.778278057921e+05,0.000000000000e+00,2.759050429395e+05
4.368654638e+04,-1.241041252749e+05,4.232364372515e+04,2.288744708661e+04,-2.009839501519e+00,1.769728833261e-01,9.436648583298e-02,-2.657731853156e+05,2.777192358610e+05,0.000000000000e+00,2.756901206136e+05
4.384031619e+04,-1.244129303756e+05,4.235077277422e+04,2.290191209536e+04,-2.006622302283e+00,1.758809781956e-01,9.377259645111e-02,-2.658869608920e+05,2.776103096565e+05,0.000000000000e+00,2.754749509162e+05
4.399456677e+04,-1.247222050196e+05,4.237781847216e+04,2.291633085878e+04,-2.003408729570e+00,1.747923559123e-01,9.318046562875e-02,-2.660010473496e+05,2.775009960503e+05,0.000000000000e+00,2.752594742141e+05
4.414939934e+04,-1.250321490990e+05,4.240479785769e+04,2.293071244886e+04,-2.000196707581e+00,1.737063071688e-01,9.258970741033e-02,-2.661155190542e+05,2.773912228577e+05,0.000000000000e+00,2.750435507072e+05
4.430465053e+04,-1.253424328946e+05,4.243168186657e+04,2.294504136189e+04,-1.996989649090e+00,1.726239785196e-01,9.200094533850e-02,-2.662302547728e+05,2.772811054573e+05,0.000000000000e+00,2.748274095456e+05
4.446043888e+04,-1.256532908267e+05,4.245849050360e+04,2.295932825023e+04,-1.993785123010e+00,1.715445412224e-01,9.141372848040e-02,-2.663453416665e+05,2.771705593539e+05,0.000000000000e+00,2.746108868694e+05
4.461673675e+04,-1.259646648291e+05,4.248521834814e+04,2.297357021343e+04,-1.990583726946e+00,1.704681900583e-01,9.082816265725e-02,-2.664607588340e+05,2.770596036986e+05,0.000000000000e+00,2.743940225689e+05
4.477347881e+04,-1.262764223071e+05,4.251185372028e+04,2.298776101776e+04,-1.987386815393e+00,1.693953720671e-01,9.024449095601e-02,-2.665764575944e+05,2.769482844439e+05,0.000000000000e+00,2.741769084162e+05
4.493074475e+04,-1.265887192176e+05,4.253840963179e+04,2.300190758528e+04,-1.984192781234e+00,1.683255398365e-01,8.966241543515e-02,-2.666924963097e+05,2.768365445748e+05,0.000000000000e+00,2.739594352195e+05
4.508853129e+04,-1.269015462117e+05,4.256488488635e+04,2.301600926688e+04,-1.981001718104e+00,1.672587180898e-01,8.908194940614e-02,-2.668088720879e+05,2.767243859423e+05,0.000000000000e+00,2.737416089147e+05
4.524681591e+04,-1.272148558661e+05,4.259127510302e+04,2.303006371773e+04,-1.977814105438e+00,1.661950599455e-01,8.850317604882e-02,-2.669255678306e+05,2.766118241115e+05,0.000000000000e+00,2.735234619383e+05
4.540561296e+04,-1.275286738866e+05,4.261758209239e+04,2.304407189078e+04,-1.974629676467e+00,1.651344690412e-01,8.792604279813e-02,-2.670425936409e+05,2.764988484271e+05,0.000000000000e+00,2.733049757997e+05
4.556490820e+04,-1.278429694586e+05,4.264380291942e+04,2.305803221182e+04,-1.971448738398e+00,1.640770403306e-01,8.735060119332e-02,-2.671599385529e+05,2.763854685623e+05,0.000000000000e+00,2.730861713537e+05
4.572469440e+04,-1.281577257401e+05,4.266993585552e+04,2.307194374951e+04,-1.968271454278e+00,1.630228202285e-01,8.677687636746e-02,-2.672775967713e+05,2.762716892195e+05,0.000000000000e+00,2.728670597174e+05
4.588500495e+04,-1.284730057994e+05,4.269598578533e+04,2.308580909259e+04,-1.965097181855e+00,1.619715883223e-01,8.620474823592e-02,-2.673955923952e+05,2.761574861698e+05,0.000000000000e+00,2.726475963762e+05
4.604582612e+04,-1.287887798849e+05,4.272194987854e+04,2.309962672263e+04,-1.961926216335e+00,1.609234354076e-01,8.563426607560e-02,-2.675139148361e+05,2.760428687162e+05,0.000000000000e+00,2.724278014249e+05
4.620715984e+04,-1.291050490338e+05,4.274782786532e+04,2.311339648422e+04,-1.958758541791e+00,1.598783490083e-01,8.506542296141e-02,-2.676325650088e+05,2.759278350345e+05,0.000000000000e+00,2.722076735191e+05
4.636899147e+04,-1.294217819157e+05,4.277361684485e+04,2.312711682222e+04,-1.955594465288e+00,1.588364229686e-01,8.449826984163e-02,-2.677515316654e+05,2.758123951001e+05,0.000000000000e+00,2.719872338346e+05
4.653135403e+04,-1.297390404329e+05,4.279932150133e+04,2.314079021670e+04,-1.952433362865e+00,1.577974446704e-01,8.393269084495e-02,-2.678708385829e+05,2.756965248909e+05,0.000000000000e+00,2.717664386540e+05
4.669424235e+04,-1.300568116293e+05,4.282494039929e+04,2.315441589146e+04,-1.949275359895e+00,1.567614486584e-01,8.336870463168e-02,-2.679904814481e+05,2.755802276166e+05,0.000000000000e+00,2.715452963551e+05
4.685767444e+04,-1.303751277696e+05,4.285047574219e+04,2.316799500549e+04,-1.946120132711e+00,1.557283222913e-01,8.280624973271e-02,-2.681104729805e+05,2.754634899187e+05,0.000000000000e+00,2.713237838399e+05
4.702159607e+04,-1.306938804755e+05,4.287591848356e+04,2.318152273581e+04,-1.942968749579e+00,1.546984082198e-01,8.224551255602e-02,-2.682307728464e+05,2.753463500724e+05,0.000000000000e+00,2.711019758735e+05
4.718601380e+04,-1.310130800560e+05,4.290126915242e+04,2.319499935227e+04,-1.939821098778e+00,1.536716619279e-01,8.168646874026e-02,-2.683513853900e+05,2.752288029245e+05,0.000000000000e+00,2.708798646183e+05
4.735095201e+04,-1.313327711805e+05,4.292653096912e+04,2.320842655479e+04,-1.936676732111e+00,1.526479297529e-01,8.112903448566e-02,-2.684723279803e+05,2.751108305917e+05,0.000000000000e+00,2.706574183236e+05
4.751646544e+04,-1.316530569765e+05,4.295171166642e+04,2.322180843976e+04,-1.933534633138e+00,1.516268746780e-01,8.057302612624e-02,-2.685936402218e+05,2.749923934082e+05,0.000000000000e+00,2.704345645623e+05
4.768249189e+04,-1.319738141329e+05,4.297680114506e+04,2.323513962647e+04,-1.930396008642e+00,1.506088826126e-01,8.001865365193e-02,-2.687152759851e+05,2.748735353799e+05,0.000000000000e+00,2.702113884567e+05
4.784901631e+04,-1.322950110046e+05,4.300179661775e+04,2.324841862177e+04,-1.927261159427e+00,1.495940434994e-01,7.946596591122e-02,-2.688372237410e+05,2.747542668117e+05,0.000000000000e+00,2.699879113375e+05
4.801607726e+04,-1.326167193079e+05,4.302670332897e+04,2.326164819913e+04,-1.924129378195e+00,1.485821211400e-01,7.891483413012e-02,-2.689595112154e+05,2.746345596002e+05,0.000000000000e+00,2.697640826141e+05
4.818367599e+04,-1.329389385850e+05,4.305152086365e+04,2.327482812456e+04,-1.921000664696e+00,1.475731088980e-01,7.836525454344e-02,-2.690821387801e+05,2.745144123530e+05,0.000000000000e+00,2.695399019073e+05
4.835181861e+04,-1.332616776887e+05,4.307624951864e+04,2.328795854191e+04,-1.917874928529e+00,1.465669711644e-01,7.781720760308e-02,-2.692051103556e+05,2.743938201899e+05,0.000000000000e+00,2.693153623534e+05
4.852050566e+04,-1.335849347980e+05,4.310088876475e+04,2.330103915624e+04,-1.914752183106e+00,1.455637058905e-01,7.727069203795e-02,-2.693284258036e+05,2.742727821971e+05,0.000000000000e+00,2.690904645082e+05
4.868969734e+04,-1.339086308991e+05,4.312543223779e+04,2.331406657563e+04,-1.911633184456e+00,1.445635489166e-01,7.672583617548e-02,-2.694520554827e+05,2.741513264534e+05,0.000000000000e+00,2.688652626247e+05
4.885944329e+04,-1.342328582187e+05,4.314988658063e+04,2.332704431258e+04,-1.908517037118e+00,1.435662061907e-01,7.618247967820e-02,-2.695760351260e+05,2.740294168256e+05,0.000000000000e+00,2.686396918138e+05
4.902973875e+04,-1.345576047547e+05,4.317425048961e+04,2.333997166071e+04,-1.905403852558e+00,1.425717072158e-01,7.564063845939e-02,-2.697003607075e+05,2.739070561965e+05,0.000000000000e+00,2.684137596939e+05
4.920057183e+04,-1.348828449277e+05,4.319852166930e+04,2.335284738785e+04,-1.902293870684e+00,1.415801221528e-01,7.510035059004e-02,-2.698250229718e+05,2.737842526119e+05,0.000000000000e+00,2.681874833223e+05
4.937197104e+04,-1.352086301239e+05,4.322270356218e+04,2.336567330554e+04,-1.899186595725e+00,1.405912867041e-01,7.456152638836e-02,-2.699500421695e+05,2.736609850393e+05,0.000000000000e+00,2.679608262026e+05
4.954390355e+04,-1.355348950149e+05,4.324679093482e+04,2.337844662336e+04,-1.896082645810e+00,1.396053912577e-01,7.402426943896e-02,-2.700753937758e+05,2.735372765765e+05,0.000000000000e+00,2.677338330328e+05
4.971635346e+04,-1.358616067837e+05,4.327078103836e+04,2.339116586995e+04,-1.892982324592e+00,1.386225251206e-01,7.348862826454e-02,-2.702010656597e+05,2.734131381561e+05,0.000000000000e+00,2.675065258860e+05
4.988936422e+04,-1.361888449526e+05,4.329467935759e+04,2.340383393894e+04,-1.889884870556e+00,1.376424401702e-01,7.295446749029e-02,-2.703270889190e+05,2.732885379898e+05,0.000000000000e+00,2.672788486692e+05
5.006292463e+04,-1.365165854361e+05,4.331848374546e+04,2.341644967708e+04,-1.886790506761e+00,1.366652007849e-01,7.242182204026e-02,-2.704534548243e+05,2.731634836020e+05,0.000000000000e+00,2.670508173664e+05
5.023701470e+04,-1.368447876969e+05,4.334219090779e+04,2.342901132404e+04,-1.883699608661e+00,1.356909188131e-01,7.189075272378e-02,-2.705801482477e+05,2.730379888848e+05,0.000000000000e+00,2.668224594025e+05
5.041165806e+04,-1.371734935050e+05,4.336580351065e+04,2.344152027782e+04,-1.880611775622e+00,1.347194612858e-01,7.136118690601e-02,-2.707071858154e+05,2.729120362826e+05,0.000000000000e+00,2.665937449281e+05
5.058686667e+04,-1.375027224268e+05,4.338932257136e+04,2.345397706180e+04,-1.877526818732e+00,1.337507626346e-01,7.083308867777e-02,-2.708345756332e+05,2.727856166325e+05,0.000000000000e+00,2.663646595336e+05
5.076260058e+04,-1.378323966342e+05,4.341274217624e+04,2.346637852884e+04,-1.874445460054e+00,1.327850429945e-01,7.030657789067e-02,-2.709622880902e+05,2.726587582178e+05,0.000000000000e+00,2.661352565733e+05
5.093890993e+04,-1.381626073000e+05,4.343606843971e+04,2.347872790143e+04,-1.871366840659e+00,1.318220267132e-01,6.978150409799e-02,-2.710903590180e+05,2.725314243303e+05,0.000000000000e+00,2.659054717964e+05
5.111580118e+04,-1.384933634750e+05,4.345930157841e+04,2.349102527760e+04,-1.868290872895e+00,1.308616807811e-01,6.925784912255e-02,-2.712187925069e+05,2.724036097248e+05,0.000000000000e+00,2.656752980857e+05
5.129321651e+04,-1.388245541937e+05,4.348243343554e+04,2.350326632432e+04,-1.865218581829e+00,1.299043188180e-01,6.873578381122e-02,-2.713475459790e+05,2.722753556442e+05,0.000000000000e+00,2.654448118393e+05
5.147119587e+04,-1.391562512846e+05,4.350546868844e+04,2.351545350154e+04,-1.862149292861e+00,1.289497238983e-01,6.821518971328e-02,-2.714766478409e+05,2.721466326763e+05,0.000000000000e+00,2.652139622417e+05
5.164974174e+04,-1.394884564172e+05,4.352840706918e+04,2.352758665119e+04,-1.859082984796e+00,1.279978833571e-01,6.769605975075e-02,-2.716060992750e+05,2.720174384789e+05,0.000000000000e+00,2.649827472921e+05
5.182887229e+04,-1.398212003876e+05,4.355125030049e+04,2.353966666759e+04,-1.856019368715e+00,1.270487017293e-01,6.717834167933e-02,-2.717359128361e+05,2.718877593330e+05,0.000000000000e+00,2.647511447083e+05
5.200852845e+04,-1.401543706497e+05,4.357399030047e+04,2.355168926085e+04,-1.852959473330e+00,1.261024913109e-01,6.666220567143e-02,-2.718660451145e+05,2.717576374526e+05,0.000000000000e+00,2.645192319756e+05
5.218876727e+04,-1.404880701924e+05,4.359663374816e+04,2.356365794609e+04,-1.849902344899e+00,1.251589507036e-01,6.614748715675e-02,-2.719965368269e+05,2.716270309711e+05,0.000000000000e+00,2.642869365482e+05
5.236957327e+04,-1.408222673408e+05,4.361917810089e+04,2.357557136221e+04,-1.846848268152e+00,1.242181619245e-01,6.563423069874e-02,-2.721273761263e+05,2.714959505455e+05,0.000000000000e+00,2.640542796056e+05
5.255094921e+04,-1.411569642878e+05,4.364162313026e+04,2.358742937157e+04,-1.843797216553e+00,1.232801107255e-01,6.512242834986e-02,-2.722585643896e+05,2.713643936048e+05,0.000000000000e+00,2.638212587458e+05
5.273286753e+04,-1.414921073906e+05,4.366396489279e+04,2.359922987436e+04,-1.840749670836e+00,1.223449384481e-01,6.461215705987e-02,-2.723900810734e+05,2.712323795804e+05,0.000000000000e+00,2.635879104366e+05
5.291538571e+04,-1.418277996023e+05,4.368620987552e+04,2.361097627969e+04,-1.837704688198e+00,1.214123497489e-01,6.410325549983e-02,-2.725219670941e+05,2.710998661954e+05,0.000000000000e+00,2.633541621050e+05
5.309848950e+04,-1.421640115940e+05,4.370835571443e+04,2.362266732084e+04,-1.834662530501e+00,1.204824194120e-01,6.359576428757e-02,-2.726542114951e+05,2.709668632028e+05,0.000000000000e+00,2.631200332689e+05
5.328217988e+04,-1.425007421084e+05,4.373040192383e+04,2.363430272324e+04,-1.831623203874e+00,1.195551436738e-01,6.308968118224e-02,-2.727868143262e+05,2.708333693062e+05,0.000000000000e+00,2.628855238941e+05
5.346643210e+04,-1.428379428558e+05,4.375234496822e+04,2.364588060326e+04,-1.828587137244e+00,1.186306473894e-01,6.258507414739e-02,-2.729197570806e+05,2.706994019111e+05,0.000000000000e+00,2.626506666974e+05
5.365128383e+04,-1.431756797920e+05,4.377418875463e+04,2.365740300429e+04,-1.825553730381e+00,1.177087419466e-01,6.208184005127e-02,-2.730530662830e+05,2.705649330446e+05,0.000000000000e+00,2.624154148183e+05
5.383667713e+04,-1.435138441758e+05,4.379592588992e+04,2.366886600883e+04,-1.822523952128e+00,1.167897156460e-01,6.158013608936e-02,-2.731866995028e+05,2.704300042798e+05,0.000000000000e+00,2.621798430742e+05
5.402266851e+04,-1.438525362222e+05,4.381756246034e+04,2.368027280868e+04,-1.819496896479e+00,1.158732874805e-01,6.107980868060e-02,-2.733206968269e+05,2.702945739116e+05,0.000000000000e+00,2.619438807198e+05
5.420929058e+04,-1.441918120683e+05,4.383910160278e+04,2.369162503747e+04,-1.816472058702e+00,1.149592997121e-01,6.058077150004e-02,-2.734550810567e+05,2.701586175644e+05,0.000000000000e+00,2.617074876872e+05
5.439645522e+04,-1.445315084829e+05,4.386053256833e+04,2.370291701115e+04,-1.813450887533e+00,1.140481843454e-01,6.008326023335e-02,-2.735897880549e+05,2.700221988505e+05,0.000000000000e+00,2.614707767542e+05
5.458424802e+04,-1.448717778401e+05,4.388186458984e+04,2.371415357565e+04,-1.810432020837e+00,1.131395247861e-01,5.958704721246e-02,-2.737248787550e+05,2.698852547854e+05,0.000000000000e+00,2.612336407798e+05
5.477262564e+04,-1.452125384617e+05,4.390309212386e+04,2.372533179089e+04,-1.807416178585e+00,1.122335325101e-01,5.909224772006e-02,-2.738603212869e+05,2.697478163482e+05,0.000000000000e+00,2.609961357078e+05
5.496158784e+04,-1.455537869495e+05,4.392421458585e+04,2.373645133003e+04,-1.804403383372e+00,1.113302084417e-01,5.859886207267e-02,-2.739961147980e+05,2.696098831193e+05,0.000000000000e+00,2.607582629300e+05
5.515114310e+04,-1.458955356359e+05,4.394523236037e+04,2.374751237613e+04,-1.801393519102e+00,1.104295120056e-01,5.810686791709e-02,-2.741322646991e+05,2.694714483038e+05,0.000000000000e+00,2.605200128639e+05
5.534129252e+04,-1.462377834940e+05,4.396614499814e+04,2.375851467301e+04,-1.798386587945e+00,1.095314381990e-01,5.761626232562e-02,-2.742687710916e+05,2.693325104845e+05,0.000000000000e+00,2.602813852300e+05
5.553202742e+04,-1.465805119121e+05,4.398695098683e+04,2.376945740538e+04,-1.795382745889e+00,1.086360278365e-01,5.712706740205e-02,-2.744056270484e+05,2.691930754016e+05,0.000000000000e+00,2.600423920034e+05
5.572337486e+04,-1.469237664918e+05,4.400765270301e+04,2.378034180291e+04,-1.792381586565e+00,1.077431542430e-01,5.663921373983e-02,-2.745428512930e+05,2.690531226429e+05,0.000000000000e+00,2.598030003719e+05
5.591529687e+04,-1.472674760792e+05,4.402824547820e+04,2.379116539095e+04,-1.789383724561e+00,1.068529945572e-01,5.615279792914e-02,-2.746804158756e+05,2.689126793857e+05,0.000000000000e+00,2.595632589411e+05
5.610786213e+04,-1.476117606137e+05,4.404873609150e+04,2.380193171155e+04,-1.786388107737e+00,1.059652310536e-01,5.566764614618e-02,-2.748183693290e+05,2.687716947139e+05,0.000000000000e+00,2.593230830182e+05
5.630104613e+04,-1.479565729039e+05,4.406912128342e+04,2.381263902969e+04,-1.783395142956e+00,1.050799795673e-01,5.518382147033e-02,-2.749566933221e+05,2.686301859386e+05,0.000000000000e+00,2.590825044708e+05
5.649477033e+04,-1.483017699865e+05,4.408939226372e+04,2.382328270864e+04,-1.780406061370e+00,1.041975981037e-01,5.470151937881e-02,-2.750953309500e+05,2.684882099637e+05,0.000000000000e+00,2.588416220123e+05
5.668908515e+04,-1.486474389598e+05,4.410955384136e+04,2.383386525450e+04,-1.777420097261e+00,1.033178540947e-01,5.422061257497e-02,-2.752343175997e+05,2.683457292662e+05,0.000000000000e+00,2.586003738318e+05
5.688400421e+04,-1.489936010958e+05,4.412960688619e+04,2.384438710293e+04,-1.774437058737e+00,1.024406853192e-01,5.374106684577e-02,-2.753736623049e+05,2.682027332239e+05,0.000000000000e+00,2.583587440252e+05
5.707960627e+04,-1.493403928704e+05,4.414955883881e+04,2.385485213432e+04,-1.771455766455e+00,1.015657404999e-01,5.326268991500e-02,-2.755134205921e+05,2.680591633831e+05,0.000000000000e+00,2.581166362364e+05
5.727578982e+04,-1.496876310233e+05,4.416939871745e+04,2.386525456544e+04,-1.768477791106e+00,1.006934757876e-01,5.278573095735e-02,-2.756535191625e+05,2.679150935899e+05,0.000000000000e+00,2.578741773116e+05
5.747257512e+04,-1.500353485472e+05,4.418912805769e+04,2.387559518049e+04,-1.765502840303e+00,9.982379964354e-02,5.231013972209e-02,-2.757939717788e+05,2.677705083284e+05,0.000000000000e+00,2.576313431361e+05
5.767000210e+04,-1.503836128230e+05,4.420875027277e+04,2.388587574559e+04,-1.762530331193e+00,9.895653654982e-02,5.183582000615e-02,-2.759348061776e+05,2.676253776078e+05,0.000000000000e+00,2.573880855492e+05
5.786807194e+04,-1.507324225848e+05,4.422826484140e+04,2.389609596341e+04,-1.759560270208e+00,9.809168375957e-02,5.136277007248e-02,-2.760760224117e+05,2.674796998826e+05,0.000000000000e+00,2.571444043098e+05
5.806671561e+04,-1.510816532506e+05,4.424766441791e+04,2.390625196455e+04,-1.756593709897e+00,9.722954224930e-02,5.089115433644e-02,-2.762175705206e+05,2.673335252746e+05,0.000000000000e+00,2.569003853406e+05
5.826598141e+04,-1.514313868057e+05,4.426695320541e+04,2.391634592758e+04,-1.753629944272e+00,9.636990104671e-02,5.042085718734e-02,-2.763594841801e+05,2.671868176085e+05,0.000000000000e+00,2.566559702434e+05
5.846585633e+04,-1.517815973593e+05,4.428612939071e+04,2.392637688062e+04,-1.750669184869e+00,9.551281614877e-02,4.995190904386e-02,-2.765017533685e+05,2.670395857998e+05,0.000000000000e+00,2.564111759807e+05
5.866637780e+04,-1.521323473144e+05,4.430519598308e+04,2.393634637388e+04,-1.747710897326e+00,9.465812779741e-02,4.948422226956e-02,-2.766444039451e+05,2.668918016086e+05,0.000000000000e+00,2.561659577852e+05
5.886754593e+04,-1.524836335427e+05,4.432415236880e+04,2.394625406121e+04,-1.744755102984e+00,9.380583753892e-02,4.901779747012e-02,-2.767874351862e+05,2.667434642555e+05,0.000000000000e+00,2.559203166745e+05
5.906936480e+04,-1.528354598309e+05,4.434299830741e+04,2.395609979138e+04,-1.741801764914e+00,9.295593013205e-02,4.855262606211e-02,-2.769308491821e+05,2.665945700334e+05,0.000000000000e+00,2.556742488208e+05
5.927173925e+04,-1.531876573561e+05,4.436172440839e+04,2.396587863568e+04,-1.738852290259e+00,9.210880477860e-02,4.808892632811e-02,-2.770745775487e+05,2.664451885026e+05,0.000000000000e+00,2.554278711450e+05
5.947478471e+04,-1.535404239892e+05,4.438034082705e+04,2.397559587365e+04,-1.735905012790e+00,9.126397740754e-02,4.762643308055e-02,-2.772187014873e+05,2.662952338020e+05,0.000000000000e+00,2.551810440579e+05
5.967846846e+04,-1.538936995526e+05,4.439884393961e+04,2.398524958735e+04,-1.732960430172e+00,9.042158616990e-02,4.716522170036e-02,-2.773631969587e+05,2.661447293727e+05,0.000000000000e+00,2.549338084562e+05
5.988276086e+04,-1.542474295332e+05,4.441723051033e+04,2.399483806404e+04,-1.730018988262e+00,8.958175332764e-02,4.670535890099e-02,-2.775080421321e+05,2.659936964516e+05,0.000000000000e+00,2.546862012968e+05
6.008765766e+04,-1.546016036714e+05,4.443549966316e+04,2.400436082327e+04,-1.727080761950e+00,8.874449454769e-02,4.624685304842e-02,-2.776532332265e+05,2.658421375157e+05,0.000000000000e+00,2.544382285739e+05
6.029324024e+04,-1.549563593864e+05,4.445365806730e+04,2.401382131503e+04,-1.724144604483e+00,8.790947826392e-02,4.578952232503e-02,-2.777988270829e+05,2.656899916657e+05,0.000000000000e+00,2.541897928478e+05
6.049947660e+04,-1.553116379715e+05,4.447170225097e+04,2.402321770241e+04,-1.721210997291e+00,8.707683717010e-02,4.533343914339e-02,-2.779448001690e+05,2.655372818627e+05,0.000000000000e+00,2.539409339756e+05
6.070638124e+04,-1.556674610690e+05,4.448963286775e+04,2.403255029805e+04,-1.718279756089e+00,8.624651450293e-02,4.487857215479e-02,-2.780911619109e+05,2.653839966295e+05,0.000000000000e+00,2.536916355408e+05
6.091391796e+04,-1.560237631302e+05,4.450744619431e+04,2.404181713686e+04,-1.715351413979e+00,8.541865653317e-02,4.442500124079e-02,-2.782378858489e+05,2.652301620826e+05,0.000000000000e+00,2.534419422121e+05
6.112208784e+04,-1.563805429317e+05,4.452514178820e+04,2.405101796251e+04,-1.712425972189e+00,8.459325843270e-02,4.397272352097e-02,-2.783849719342e+05,2.650757767153e+05,0.000000000000e+00,2.531918535972e+05
6.133088019e+04,-1.567377790943e+05,4.454271822042e+04,2.406015200605e+04,-1.709503596535e+00,8.377036168444e-02,4.352176149402e-02,-2.785324117912e+05,2.649208477673e+05,0.000000000000e+00,2.529413834289e+05
6.154034715e+04,-1.570955575859e+05,4.456017931283e+04,2.406922122600e+04,-1.706583576098e+00,8.294976127476e-02,4.307200256005e-02,-2.786802413830e+05,2.647653358404e+05,0.000000000000e+00,2.526904701523e+05
6.175046505e+04,-1.574538346461e+05,4.457752249588e+04,2.407822425899e+04,-1.703666261553e+00,8.213155123843e-02,4.262349799735e-02,-2.788284431386e+05,2.646092577687e+05,0.000000000000e+00,2.524391431560e+05
6.196126715e+04,-1.578126636159e+05,4.459474991131e+04,2.408716218749e+04,-1.700751212325e+00,8.131560358267e-02,4.217617738112e-02,-2.789770396382e+05,2.644525881037e+05,0.000000000000e+00,2.521873637075e+05
6.217267530e+04,-1.581719082966e+05,4.461185462835e+04,2.409603138779e+04,-1.697839526261e+00,8.050222064217e-02,4.173020621016e-02,-2.791259749368e+05,2.642953842116e+05,0.000000000000e+00,2.519352260713e+05
6.238477649e+04,-1.585317133236e+05,4.462884313582e+04,2.410483519611e+04,-1.694930022703e+00,7.969106771869e-02,4.128540072029e-02,-2.792753094589e+05,2.641375806784e+05,0.000000000000e+00,2.516826274200e+05
6.259753126e+04,-1.588920083439e+05,4.464571166913e+04,2.411357163121e+04,-1.692023264228e+00,7.888229730490e-02,4.084184426096e-02,-2.794250145171e+05,2.639792061169e+05,0.000000000000e+00,2.514296157986e+05
6.281091863e+04,-1.592527547329e+05,4.466245804122e+04,2.412223953208e+04,-1.689119553062e+00,7.807598843291e-02,4.039957992816e-02,-2.795750744976e+05,2.638202754142e+05,0.000000000000e+00,2.511762170057e+05
6.302502175e+04,-1.596140896520e+05,4.467908818100e+04,2.413084193672e+04,-1.686217778498e+00,7.727182830812e-02,3.995843587874e-02,-2.797255469580e+05,2.636607258942e+05,0.000000000000e+00,2.509223333310e+05
6.323978955e+04,-1.599759233978e+05,4.469559749253e+04,2.413937643548e+04,-1.683318655535e+00,7.647001104621e-02,3.951851831251e-02,-2.798763950769e+05,2.635005948357e+05,0.000000000000e+00,2.506680264132e+05
6.345525263e+04,-1.603383041261e+05,4.471198772941e+04,2.414784390321e+04,-1.680421791764e+00,7.567042383260e-02,3.907976505374e-02,-2.800276394342e+05,2.633398586483e+05,0.000000000000e+00,2.504132610190e+05
6.367134491e+04,-1.607011174426e+05,4.472825331271e+04,2.415624142720e+04,-1.677528093243e+00,7.487331205578e-02,3.864231048721e-02,-2.801792327427e+05,2.631785658820e+05,0.000000000000e+00,2.501581161929e+05
6.388813537e+04,-1.610644759100e+05,4.474439888407e+04,2.416457137294e+04,-1.674636653719e+00,7.407842138935e-02,3.820601477090e-02,-2.803312224882e+05,2.630166642977e+05,0.000000000000e+00,2.499025113875e+05
6.410558070e+04,-1.614283035676e+05,4.476042064077e+04,2.417283174642e+04,-1.671748070153e+00,7.328591152872e-02,3.777096527839e-02,-2.804835773751e+05,2.628541854772e+05,0.000000000000e+00,2.496464986266e+05
6.432366415e+04,-1.617925693038e+05,4.477631684824e+04,2.418102162339e+04,-1.668862579136e+00,7.249584229096e-02,3.733719459162e-02,-2.806362847775e+05,2.626911412025e+05,0.000000000000e+00,2.493900984155e+05
6.454243422e+04,-1.621573509191e+05,4.479209050841e+04,2.418914251907e+04,-1.665979555210e+00,7.170803766351e-02,3.690460580585e-02,-2.807893777445e+05,2.625274944570e+05,0.000000000000e+00,2.491332545790e+05
6.476190456e+04,-1.625226676788e+05,4.480774200225e+04,2.419719459544e+04,-1.663098839547e+00,7.092245014907e-02,3.647317254421e-02,-2.809428648609e+05,2.623632342455e+05,0.000000000000e+00,2.488759520969e+05
6.498206740e+04,-1.628885031987e+05,4.482327017311e+04,2.420517722280e+04,-1.660220554821e+00,7.013910914714e-02,3.604291065339e-02,-2.810967397432e+05,2.621983655665e+05,0.000000000000e+00,2.486182010405e+05
6.520282626e+04,-1.632546940844e+05,4.483866773724e+04,2.421308662618e+04,-1.657345975231e+00,6.935835624495e-02,3.561400749992e-02,-2.812509340395e+05,2.620329599533e+05,0.000000000000e+00,2.483601151126e+05
6.542430002e+04,-1.636214344347e+05,4.485394248849e+04,2.422092677739e+04,-1.654473566585e+00,6.857976978168e-02,3.518623118066e-02,-2.814055298738e+05,2.618669275729e+05,0.000000000000e+00,2.481015560765e+05
6.564653676e+04,-1.639888000312e+05,4.486909705356e+04,2.422869898564e+04,-1.651602731949e+00,6.780318475583e-02,3.475949070104e-02,-2.815605597710e+05,2.617002315273e+05,0.000000000000e+00,2.478424689597e+05
6.586941550e+04,-1.643565873898e+05,4.488412258397e+04,2.423639867666e+04,-1.648735054675e+00,6.702902548011e-02,3.433401891698e-02,-2.817159383498e+05,2.615329617461e+05,0.000000000000e+00,2.475829957587e+05
6.609299456e+04,-1.647248895063e+05,4.489902248961e+04,2.424402756406e+04,-1.645869799928e+00,6.625708889577e-02,3.390970394768e-02,-2.818717053090e+05,2.613650736923e+05,0.000000000000e+00,2.473230693820e+05
6.631724924e+04,-1.650936623286e+05,4.491379456881e+04,2.425158448508e+04,-1.643007301954e+00,6.548746071253e-02,3.348659260890e-02,-2.820278424617e+05,2.611965851163e+05,0.000000000000e+00,2.470627194063e+05
6.654218237e+04,-1.654629072615e+05,4.492843848285e+04,2.425906923167e+04,-1.640147540260e+00,6.472013083548e-02,3.306467906276e-02,-2.821843508150e+05,2.610274931020e+05,0.000000000000e+00,2.468019433321e+05
6.676777661e+04,-1.658325926498e+05,4.494295259842e+04,2.426648093462e+04,-1.637290749630e+00,6.395515751545e-02,3.264399505576e-02,-2.823412173418e+05,2.608578099079e+05,0.000000000000e+00,2.465407620082e+05
6.699416201e+04,-1.662029279344e+05,4.495734465321e+04,2.427382350550e+04,-1.634435305782e+00,6.319210221556e-02,3.222429908887e-02,-2.824985314250e+05,2.606874368717e+05,0.000000000000e+00,2.462790258780e+05
6.722123113e+04,-1.665737336390e+05,4.497160716832e+04,2.428109308763e+04,-1.631582587495e+00,6.243133000056e-02,3.180579161092e-02,-2.826562173566e+05,2.605164539710e+05,0.000000000000e+00,2.460168601759e+05
6.744897632e+04,-1.669449939833e+05,4.498573914848e+04,2.428828913763e+04,-1.628732706065e+00,6.167286596127e-02,3.138848613073e-02,-2.828142688201e+05,2.603448661905e+05,0.000000000000e+00,2.457542745116e+05
6.767741663e+04,-1.673167367538e+05,4.499974125490e+04,2.429541195530e+04,-1.625885438391e+00,6.091664623680e-02,3.097234721229e-02,-2.829726980453e+05,2.601726583655e+05,0.000000000000e+00,2.454912476693e+05
6.790658227e+04,-1.676890076336e+05,4.501361476686e+04,2.430246215190e+04,-1.623040426629e+00,6.016257178659e-02,3.055732003182e-02,-2.831315249514e+05,2.599998068820e+05,0.000000000000e+00,2.452277457212e+05
6.813644255e+04,-1.680617532734e+05,4.502735725830e+04,2.430943845479e+04,-1.620198070330e+00,5.941074449249e-02,3.014346033927e-02,-2.832907272206e+05,2.598263340595e+05,0.000000000000e+00,2.449638048157e+05
6.836697950e+04,-1.684349412719e+05,4.504096714710e+04,2.431634002303e+04,-1.617358606229e+00,5.866122244736e-02,2.973079981053e-02,-2.834502913959e+05,2.596522526526e+05,0.000000000000e+00,2.446994463063e+05
6.859829200e+04,-1.688087281050e+05,4.505444967693e+04,2.432316947370e+04,-1.614520836517e+00,5.791368573966e-02,2.931916197310e-02,-2.836102848481e+05,2.594774871321e+05,0.000000000000e+00,2.444345576947e+05
6.883028690e+04,-1.691829596557e+05,4.506779882346e+04,2.432992371259e+04,-1.611685924047e+00,5.716843700202e-02,2.890871313018e-02,-2.837706420762e+05,2.593021070020e+05,0.000000000000e+00,2.441692465301e+05
6.906304553e+04,-1.695577635313e+05,4.508101868802e+04,2.433660477246e+04,-1.608852894264e+00,5.642521621041e-02,2.849930973269e-02,-2.839314182056e+05,2.591260499366e+05,0.000000000000e+00,2.439034206764e+05
6.929648497e+04,-1.699330027074e+05,4.509410399164e+04,2.434320994275e+04,-1.606022774755e+00,5.568428908075e-02,2.809109781014e-02,-2.840925548961e+05,2.589493777800e+05,0.000000000000e+00,2.436371756389e+05
6.953069222e+04,-1.703088134694e+05,4.510705904028e+04,2.434974135380e+04,-1.603194529445e+00,5.494538052503e-02,2.768392546039e-02,-2.842541111073e+05,2.587720238330e+05,0.000000000000e+00,2.433704130284e+05
6.976561863e+04,-1.706851140696e+05,4.511988053556e+04,2.435619729714e+04,-1.600368766684e+00,5.420864599704e-02,2.727787798340e-02,-2.844160521683e+05,2.585940240396e+05,0.000000000000e+00,2.431031891448e+05
7.000122839e+04,-1.710618437988e+05,4.513256601298e+04,2.436257649029e+04,-1.597545931977e+00,5.347419732362e-02,2.687301668822e-02,-2.845783523237e+05,2.584154047048e+05,0.000000000000e+00,2.428355454240e+05
7.023754715e+04,-1.714390404230e+05,4.514511636091e+04,2.436887933868e+04,-1.594725731396e+00,5.274195359566e-02,2.646929665408e-02,-2.847410281964e+05,2.582361455367e+05,0.000000000000e+00,2.425674533585e+05
7.047465959e+04,-1.718168353610e+05,4.515753546612e+04,2.437510774664e+04,-1.591907175522e+00,5.201165453306e-02,2.606657400315e-02,-2.849041369327e+05,2.580561813997e+05,0.000000000000e+00,2.422988177743e+05
7.071247981e+04,-1.721950880094e+05,4.516981822510e+04,2.438125910670e+04,-1.589091306248e+00,5.128356667904e-02,2.566499534642e-02,-2.850676182889e+05,2.578755765929e+05,0.000000000000e+00,2.420297368716e+05
7.095107777e+04,-1.725739060351e+05,4.518196767119e+04,2.438733489049e+04,-1.586277314142e+00,5.055747715084e-02,2.526444290025e-02,-2.852315192340e+05,2.576942770717e+05,0.000000000000e+00,2.417601322829e+05
7.119027520e+04,-1.729530031909e+05,4.519397426714e+04,2.439333028668e+04,-1.583467313335e+00,4.983392682366e-02,2.486521472531e-02,-2.853957162287e+05,2.575124174838e+05,0.000000000000e+00,2.414902060285e+05
7.143031777e+04,-1.733327654120e+05,4.520584981842e+04,2.439925114423e+04,-1.580658433306e+00,4.911217255567e-02,2.446690043309e-02,-2.855603768083e+05,2.573298101602e+05,0.000000000000e+00,2.412196815503e+05
7.167109183e+04,-1.737130088892e+05,4.521758803684e+04,2.440509427392e+04,-1.577852028563e+00,4.839255961837e-02,2.406969015275e-02,-2.857254217902e+05,2.571465406005e+05,0.000000000000e+00,2.409486879092e+05
7.191264083e+04,-1.740937985414e+05,4.522919045643e+04,2.441086038892e+04,-1.575047612080e+00,4.767495966759e-02,2.367351265821e-02,-2.858908797827e+05,2.569625748180e+05,0.000000000000e+00,2.406771770073e+05
7.215483614e+04,-1.744749282894e+05,4.524065041183e+04,2.441654613082e+04,-1.572246690334e+00,4.695975391501e-02,2.327857806869e-02,-2.860566615722e+05,2.567780099039e+05,0.000000000000e+00,2.404052940104e+05
7.239780448e+04,-1.748565942089e+05,4.525197341732e+04,2.442215418932e+04,-1.569447810883e+00,4.624656718515e-02,2.288467887036e-02,-2.862228527681e+05,2.565927484425e+05,0.000000000000e+00,2.401328972652e+05
7.264156049e+04,-1.752388154262e+05,4.526315952831e+04,2.442768453665e+04,-1.566650827033e+00,4.553535909531e-02,2.249179234552e-02,-2.863894621671e+05,2.564067783028e+05,0.000000000000e+00,2.398599712164e+05
7.288605957e+04,-1.756215182627e+05,4.527420610813e+04,2.443313581536e+04,-1.563856270201e+00,4.482626147282e-02,2.209999091776e-02,-2.865564580813e+05,2.562201325656e+05,0.000000000000e+00,2.395865665836e+05
7.313128765e+04,-1.760046771855e+05,4.528511199795e+04,2.443850740288e+04,-1.561064316759e+00,4.411931521521e-02,2.170929681149e-02,-2.867238297268e+05,2.560328210734e+05,0.000000000000e+00,2.393126997551e+05
7.337731517e+04,-1.763883985145e+05,4.529587975226e+04,2.444380050258e+04,-1.558274183776e+00,4.341431872067e-02,2.131959820894e-02,-2.868916239575e+05,2.558447890871e+05,0.000000000000e+00,2.390382928286e+05
7.362409005e+04,-1.767725972459e+05,4.530650650001e+04,2.444901364663e+04,-1.555486481595e+00,4.271142300030e-02,2.093097817081e-02,-2.870598040268e+05,2.556560754453e+05,0.000000000000e+00,2.387634046568e+05
7.387159805e+04,-1.771572477018e+05,4.531699111072e+04,2.445414622771e+04,-1.552701386222e+00,4.201066860922e-02,2.054345873809e-02,-2.872283590394e+05,2.554666901252e+05,0.000000000000e+00,2.384880517232e+05
7.411983492e+04,-1.775423398548e+05,4.532733291120e+04,2.445919786424e+04,-1.549918959132e+00,4.131206701410e-02,2.015704587854e-02,-2.873972849193e+05,2.552766354781e+05,0.000000000000e+00,2.382122393237e+05
7.436890771e+04,-1.779280359482e+05,4.533753576562e+04,2.446417038425e+04,-1.547138020390e+00,4.061531886632e-02,1.977157358826e-02,-2.875666532579e+05,2.550858285638e+05,0.000000000000e+00,2.379358492744e+05
7.461874803e+04,-1.783142260679e+05,4.534759624065e+04,2.446906205170e+04,-1.544359355994e+00,3.992061832390e-02,1.938714883554e-02,-2.877364162438e+05,2.548943207825e+05,0.000000000000e+00,2.376589583138e+05
7.486932438e+04,-1.787008579731e+05,4.535751254627e+04,2.447387193975e+04,-1.541583331616e+00,3.922805313404e-02,1.900381977783e-02,-2.879065512535e+05,2.547021353372e+05,0.000000000000e+00,2.373816019494e+05
7.512063504e+04,-1.790879255859e+05,4.536728413148e+04,2.447859972646e+04,-1.538809979372e+00,3.853762732938e-02,1.862158826380e-02,-2.880770559102e+05,2.545092726368e+05,0.000000000000e+00,2.371037826130e+05
7.537272484e+04,-1.794754943600e+05,4.537691221647e+04,2.448324594382e+04,-1.536038820095e+00,3.784921800995e-02,1.824038584661e-02,-2.882479593830e+05,2.543156973361e+05,0.000000000000e+00,2.368254513484e+05
7.562552496e+04,-1.798634550418e+05,4.538639368015e+04,2.448780902847e+04,-1.533270623789e+00,3.716301263044e-02,1.786031593171e-02,-2.884192137990e+05,2.541214613361e+05,0.000000000000e+00,2.365466846516e+05
7.587916558e+04,-1.802520036519e+05,4.539573285244e+04,2.449229100184e+04,-1.530503982548e+00,3.647865887642e-02,1.748118295181e-02,-2.885909060472e+05,2.539264636600e+05,0.000000000000e+00,2.362673396427e+05
7.613357234e+04,-1.806410223580e+05,4.540492639188e+04,2.449669019296e+04,-1.527739727859e+00,3.579635958478e-02,1.710309881750e-02,-2.887629844723e+05,2.537307604502e+05,0.000000000000e+00,2.359874989442e+05
7.638873325e+04,-1.810304892494e+05,4.541397335465e+04,2.450100608877e+04,-1.524978004775e+00,3.511614695556e-02,1.672608095431e-02,-2.889354396963e+05,2.535343599741e+05,0.000000000000e+00,2.357071762950e+05
7.664477140e+04,-1.814205881741e+05,4.542287748605e+04,2.450524040507e+04,-1.522217502524e+00,3.443769548057e-02,1.634994846621e-02,-2.891083535493e+05,2.533371664561e+05,0.000000000000e+00,2.354262372310e+05
7.690159336e+04,-1.818111726395e+05,4.543163489301e+04,2.450939121642e+04,-1.519459251443e+00,3.376125595557e-02,1.597483989779e-02,-2.892816615431e+05,2.531392507986e+05,0.000000000000e+00,2.351447850754e+05
7.715927435e+04,-1.822023529894e+05,4.544024752077e+04,2.451345937125e+04,-1.516702465159e+00,3.308663291571e-02,1.560064636877e-02,-2.894554130570e+05,2.529405539885e+05,0.000000000000e+00,2.348627381438e+05
7.741766357e+04,-1.825938965733e+05,4.544870979106e+04,2.451744216649e+04,-1.513948773426e+00,3.241422191464e-02,1.522758683134e-02,-2.896295050856e+05,2.527411913082e+05,0.000000000000e+00,2.345802620714e+05
7.767683189e+04,-1.829859073640e+05,4.545702357177e+04,2.452134041902e+04,-1.511197432401e+00,3.174383735845e-02,1.485555790809e-02,-2.898039840987e+05,2.525411071499e+05,0.000000000000e+00,2.342972798063e+05
7.793680808e+04,-1.833784251076e+05,4.546518923812e+04,2.452515423319e+04,-1.508448153616e+00,3.107540583086e-02,1.448451839240e-02,-2.899788681234e+05,2.523402782789e+05,0.000000000000e+00,2.340137605077e+05
7.819757564e+04,-1.837714210595e+05,4.547320571634e+04,2.452888303391e+04,-1.505701129113e+00,3.040897098403e-02,1.411449204203e-02,-2.901541446938e+05,2.521387164182e+05,0.000000000000e+00,2.337297227663e+05
7.845911665e+04,-1.841648645227e+05,4.548107193926e+04,2.453252625333e+04,-1.502956562891e+00,2.974457896826e-02,1.374550402487e-02,-2.903298004168e+05,2.519364344233e+05,0.000000000000e+00,2.334451866203e+05
7.872138963e+04,-1.845586896457e+05,4.548878620664e+04,2.453608303707e+04,-1.500214901690e+00,2.908233408643e-02,1.337761184291e-02,-2.905058061216e+05,2.517334634284e+05,0.000000000000e+00,2.331601975952e+05
7.898452682e+04,-1.849530912309e+05,4.549635187091e+04,2.453955485454e+04,-1.497474779472e+00,2.842190327162e-02,1.301062999213e-02,-2.906822491822e+05,2.515297000562e+05,0.000000000000e+00,2.328746125236e+05
7.924851250e+04,-1.853480414542e+05,4.550376783200e+04,2.454294111241e+04,-1.494736383155e+00,2.776332941546e-02,1.264458176118e-02,-2.908591175768e+05,2.513251553714e+05,0.000000000000e+00,2.325884492223e+05
7.951334958e+04,-1.857435404503e+05,4.551103354146e+04,2.454624147171e+04,-1.491999704788e+00,2.710660831756e-02,1.227946427525e-02,-2.910364117692e+05,2.511198260283e+05,0.000000000000e+00,2.323017052647e+05
7.977900324e+04,-1.861395321820e+05,4.551814745143e+04,2.454945514263e+04,-1.489265123910e+00,2.645182848569e-02,1.191532621740e-02,-2.912141070017e+05,2.509137379324e+05,0.000000000000e+00,2.320144189708e+05
8.004537027e+04,-1.865358593004e+05,4.552510634541e+04,2.455258059826e+04,-1.486533714442e+00,2.579924336113e-02,1.155230808332e-02,-2.913921328804e+05,2.507069701771e+05,0.000000000000e+00,2.317267023210e+05
8.031265919e+04,-1.869328281500e+05,4.553191512034e+04,2.455561995201e+04,-1.483803355528e+00,2.514834336615e-02,1.119012589582e-02,-2.915706273245e+05,2.504993598427e+05,0.000000000000e+00,2.314383306268e+05
8.058073718e+04,-1.873302372886e+05,4.553856977371e+04,2.455857132179e+04,-1.481075425253e+00,2.449945475979e-02,1.082896063960e-02,-2.917495001378e+05,2.502910089662e+05,0.000000000000e+00,2.311494478355e+05
8.084963131e+04,-1.877281230817e+05,4.554507046632e+04,2.456143469352e+04,-1.478349663135e+00,2.385251244594e-02,1.046877558446e-02,-2.919287679539e+05,2.500818954681e+05,0.000000000000e+00,2.308600252270e+05
8.111934804e+04,-1.881264911781e+05,4.555141681528e+04,2.456420980804e+04,-1.475626020466e+00,2.320750198523e-02,1.010956217124e-02,-2.921084336088e+05,2.498720132680e+05,0.000000000000e+00,2.305700563602e+05
8.138982945e+04,-1.885252523727e+05,4.555760697387e+04,2.456689577174e+04,-1.472905095425e+00,2.256456173922e-02,9.751396962353e-03,-2.922884571019e+05,2.496614063987e+05,0.000000000000e+00,2.302796038801e+05
8.166112624e+04,-1.889244777604e+05,4.556364162981e+04,2.456949279636e+04,-1.470186390813e+00,2.192357085760e-02,9.394212144463e-03,-2.924688707451e+05,2.494500343658e+05,0.000000000000e+00,2.299886137132e+05
8.193328215e+04,-1.893242277315e+05,4.556952119822e+04,2.457200096092e+04,-1.467469485942e+00,2.128442752428e-02,9.037950433104e-03,-2.926497021312e+05,2.492378619763e+05,0.000000000000e+00,2.296970394377e+05
8.220632856e+04,-1.897245440535e+05,4.557524573164e+04,2.457442017692e+04,-1.464754089541e+00,2.064706116035e-02,8.682571891664e-03,-2.928309705220e+05,2.490248636244e+05,0.000000000000e+00,2.294048480892e+05
8.248013247e+04,-1.901252278705e+05,4.558081191931e+04,2.457674894524e+04,-1.462041539903e+00,2.001178302623e-02,8.328249532423e-03,-2.930125861309e+05,2.488111419709e+05,0.000000000000e+00,2.291121824160e+05
8.275482144e+04,-1.905264619839e+05,4.558622184187e+04,2.457898803519e+04,-1.459330588593e+00,1.937829781288e-02,7.974818111002e-03,-2.931946320592e+05,2.485965963799e+05,0.000000000000e+00,2.288189064949e+05
8.303026148e+04,-1.909280468760e+05,4.559147235920e+04,2.458113604480e+04,-1.456622572422e+00,1.874691491964e-02,7.622449709650e-03,-2.933770180119e+05,2.483813304225e+05,0.000000000000e+00,2.285251637553e+05
8.330667645e+04,-1.913303047547e+05,4.559656715727e+04,2.458319436496e+04,-1.453915309806e+00,1.811712339702e-02,7.270858579415e-03,-2.935598906334e+05,2.481651680057e+05,0.000000000000e+00,2.282307159955e+05
8.358392870e+04,-1.917330308120e+05,4.560150304171e+04,2.458516157291e+04,-1.451210172599e+00,1.748924072141e-02,6.920221308115e-03,-2.937431571994e+05,2.479482155583e+05,0.000000000000e+00,2.279357105006e+05
8.386207449e+04,-1.921363025699e+05,4.560628043881e+04,2.458703771544e+04,-1.448506631001e+00,1.686314161654e-02,6.570467333859e-03,-2.939268532822e+05,2.477304279244e+05,0.000000000000e+00,2.276400879343e+05
8.414087315e+04,-1.925397677187e+05,4.561089481837e+04,2.458882091613e+04,-1.445807032457e+00,1.623936599711e-02,6.221897773335e-03,-2.941108185062e+05,2.475119925127e+05,0.000000000000e+00,2.273441042171e+05
8.442061009e+04,-1.929438357011e+05,4.561535047006e+04,2.459051272605e+04,-1.443108624039e+00,1.561727437924e-02,5.874154756525e-03,-2.942952397038e+05,2.472926846627e+05,0.000000000000e+00,2.270474565735e+05
8.470114056e+04,-1.933482932694e+05,4.561964452719e+04,2.459211192395e+04,-1.440412820321e+00,1.499719055486e-02,5.527418667602e-03,-2.944800198161e+05,2.470726167124e+05,0.000000000000e+00,2.267502989754e+05
8.498259943e+04,-1.937533308064e+05,4.562377850829e+04,2.459361894079e+04,-1.437718342371e+00,1.437881792914e-02,5.181523048541e-03,-2.946652460723e+05,2.468516816981e+05,0.000000000000e+00,2.264524889627e+05
8.526495687e+04,-1.941589008643e+05,4.562775133670e+04,2.459503322677e+04,-1.435025498570e+00,1.376222562995e-02,4.836505888973e-03,-2.948508971173e+05,2.466299018147e+05,0.000000000000e+00,2.261540586981e+05
8.554809323e+04,-1.945648276966e+05,4.563156083439e+04,2.459635387254e+04,-1.432335444261e+00,1.314767542448e-02,4.492513074099e-03,-2.950368926922e+05,2.464073699193e+05,0.000000000000e+00,2.258551349472e+05
8.583217236e+04,-1.949713421375e+05,4.563520867564e+04,2.459758131185e+04,-1.429646639199e+00,1.253481297728e-02,4.149345646766e-03,-2.952233387880e+05,2.461839560874e+05,0.000000000000e+00,2.255555451042e+05
8.611708535e+04,-1.953782840812e+05,4.563869288649e+04,2.459871471779e+04,-1.426960133181e+00,1.192387550510e-02,3.807135777549e-03,-2.954101622393e+05,2.459597447668e+05,0.000000000000e+00,2.252554044635e+05
8.640279500e+04,-1.957855967215e+05,4.564201257561e+04,2.459975366346e+04,-1.424276287931e+00,1.131494211148e-02,3.465927207881e-03,-2.955973370846e+05,2.457347641432e+05,0.000000000000e+00,2.249547523937e+05
8.668941972e+04,-1.961934448712e+05,4.564516861303e+04,2.460069826118e+04,-1.421594006204e+00,1.070776127804e-02,3.125578379764e-03,-2.957849392472e+05,2.455089198268e+05,0.000000000000e+00,2.246534645987e+05
8.697687722e+04,-1.966017073109e+05,4.564815955899e+04,2.460154790539e+04,-1.418914074766e+00,1.010250879281e-02,2.786187179937e-03,-2.959729131799e+05,2.452822754783e+05,0.000000000000e+00,2.243516279283e+05
8.726520455e+04,-1.970104327087e+05,4.565098531151e+04,2.460230239662e+04,-1.416236162330e+00,9.499107183094e-03,2.447709542407e-03,-2.961612814494e+05,2.450548007492e+05,0.000000000000e+00,2.240492037485e+05
8.755446953e+04,-1.974197128818e+05,4.565364595829e+04,2.460296155260e+04,-1.413559658095e+00,8.897416917862e-03,2.110066501952e-03,-2.963500866199e+05,2.448264408931e+05,0.000000000000e+00,2.237461213234e+05
8.784470292e+04,-1.978295866188e+05,4.565614112176e+04,2.460352503630e+04,-1.410884301555e+00,8.297378225887e-03,1.773223753748e-03,-2.965393469157e+05,2.445971703247e+05,0.000000000000e+00,2.234423489905e+05
8.813571703e+04,-1.982397847422e+05,4.565846867456e+04,2.460399215805e+04,-1.408211838595e+00,7.699380326071e-03,1.437399128106e-03,-2.967289382172e+05,2.443671361385e+05,0.000000000000e+00,2.231380834990e+05
8.842753515e+04,-1.986503366853e+05,4.566062844210e+04,2.460436271521e+04,-1.405542061957e+00,7.103373299285e-03,1.102564031338e-03,-2.969188741394e+05,2.441363188462e+05,0.000000000000e+00,2.228333004723e+05
8.872030763e+04,-1.990614498592e+05,4.566262102536e+04,2.460463657345e+04,-1.402873611697e+00,6.509051244601e-03,7.685459304445e-04,-2.971092508019e+05,2.439045983329e+05,0.000000000000e+00,2.225278431509e+05
8.901391553e+04,-1.994729529959e+05,4.566444508001e+04,2.460481328283e+04,-1.400207588960e+00,5.916657322745e-03,4.354807818152e-04,-2.972999890781e+05,2.436720675296e+05,0.000000000000e+00,2.222218359511e+05
8.930847345e+04,-1.998850025513e+05,4.566610079279e+04,2.460489257836e+04,-1.397542969299e+00,5.325961766473e-03,1.032386972471e-04,-2.974911616572e+05,2.434386344355e+05,0.000000000000e+00,2.219151596842e+05
8.960388951e+04,-2.002974656905e+05,4.566758710681e+04,2.460487409233e+04,-1.394880601329e+00,4.737150715735e-03,-2.280763514760e-04,-2.976827070905e+05,2.432043706418e+05,0.000000000000e+00,2.216079103304e+05
8.990027697e+04,-2.007104961949e+05,4.566890403829e+04,2.460475746663e+04,-1.392219482378e+00,4.150000571043e-03,-5.585909234417e-04,-2.978746969832e+05,2.429691850774e+05,0.000000000000e+00,2.212999704088e+05
9.019749624e+04,-2.011238953189e+05,4.567005044185e+04,2.460454242059e+04,-1.389560882090e+00,3.564789425631e-03,-8.881492058378e-04,-2.980670391080e+05,2.427331872600e+05,0.000000000000e+00,2.209914851935e+05
9.049569553e+04,-2.015378649134e+05,4.567102636189e+04,2.460422850967e+04,-1.386903491524e+00,2.981227158766e-03,-1.216915318245e-03,-2.982598275337e+05,2.424962582796e+05,0.000000000000e+00,2.206823011324e+05
9.079479409e+04,-2.019522883902e+05,4.567183095325e+04,2.460381545065e+04,-1.384248049762e+00,2.399474535854e-03,-1.544799479792e-03,-2.984530081691e+05,2.422584609767e+05,0.000000000000e+00,2.203725022696e+05
9.109485966e+04,-2.023672551270e+05,4.567246383428e+04,2.460330279082e+04,-1.381593974272e+00,1.819402291245e-03,-1.871875332984e-03,-2.986466228596e+05,2.420197402167e+05,0.000000000000e+00,2.200620187629e+05
9.139587641e+04,-2.027827385676e+05,4.567292436824e+04,2.460269017515e+04,-1.378941426137e+00,1.241044330548e-03,-2.198124587534e-03,-2.988406594332e+05,2.417801072660e+05,0.000000000000e+00,2.197508673679e+05
9.169784763e+04,-2.031987386763e+05,4.567321197355e+04,2.460197722361e+04,-1.376290396323e+00,6.643972792794e-04,-2.523549970722e-03,-2.990351180697e+05,2.415395581702e+05,0.000000000000e+00,2.194390450010e+05
9.200061094e+04,-2.036150278002e+05,4.567332605195e+04,2.460116402636e+04,-1.373642322361e+00,8.977132184810e-05,-2.847977149482e-03,-2.992298923964e+05,2.412982210802e+05,0.000000000000e+00,2.191267194068e+05
9.230424851e+04,-2.040317152786e+05,4.567326626496e+04,2.460025011077e+04,-1.370996493466e+00,-4.829908372865e-04,-3.171495595291e-03,-2.994250335332e+05,2.410560293659e+05,0.000000000000e+00,2.188138057575e+05
9.260894072e+04,-2.044490439976e+05,4.567303198686e+04,2.459923455669e+04,-1.368351358184e+00,-1.054226328570e-03,-3.494296588389e-03,-2.996206554134e+05,2.408128378007e+05,0.000000000000e+00,2.185001184744e+05
9.291454979e+04,-2.048668204387e+05,4.567262270261e+04,2.459811742800e+04,-1.365708134696e+00,-1.623673078014e-03,-3.816232924459e-03,-2.998166675388e+05,2.405687549661e+05,0.000000000000e+00,2.181857997593e+05
9.322089718e+04,-2.052847969738e+05,4.567203830605e+04,2.459689913728e+04,-1.363068373801e+00,-2.191000133511e-03,-4.137118169174e-03,-3.000129536498e+05,2.403239223264e+05,0.000000000000e+00,2.178710331069e+05
9.352824098e+04,-2.057033218665e+05,4.567127789669e+04,2.459557838189e+04,-1.360429861818e+00,-2.756685864032e-03,-4.457223623613e-03,-3.002096772777e+05,2.400781324253e+05,0.000000000000e+00,2.175555533117e+05
9.383660320e+04,-2.061224201429e+05,4.567034077917e+04,2.459415465862e+04,-1.357792433073e+00,-3.320766530147e-03,-4.776570747084e-03,-3.004068504046e+05,2.398313662347e+05,0.000000000000e+00,2.172393381482e+05
9.414581417e+04,-2.065418568484e+05,4.566922695899e+04,2.459262841555e+04,-1.355157554706e+00,-3.882930088310e-03,-5.094983718308e-03,-3.006043625699e+05,2.395837582223e+05,0.000000000000e+00,2.169225617359e+05
9.445602660e+04,-2.069618348182e+05,4.566793539602e+04,2.459099857435e+04,-1.352523940503e+00,-4.443452824340e-03,-5.412619858443e-03,-3.008023093412e+05,2.393351848245e+05,0.000000000000e+00,2.166050677403e+05
9.476717417e+04,-2.073822596625e+05,4.566646580889e+04,2.458926511991e+04,-1.349892172154e+00,-5.002212235345e-03,-5.729410648516e-03,-3.010006463471e+05,2.390856978128e+05,0.000000000000e+00,2.162869242316e+05
9.507931427e+04,-2.078032043685e+05,4.566481738235e+04,2.458742737577e+04,-1.347261782175e+00,-5.559308947447e-03,-6.045414038927e-03,-3.011994081174e+05,2.388352498057e+05,0.000000000000e+00,2.159680726920e+05
9.539232996e+04,-2.082245068817e+05,4.566299024520e+04,2.458548570449e+04,-1.344633771131e+00,-6.114532822476e-03,-6.360511693819e-03,-3.013985181691e+05,2.385839333347e+05,0.000000000000e+00,2.156486326627e+05
9.570629090e+04,-2.086462568540e+05,4.566098354667e+04,2.458343937253e+04,-1.342007566513e+00,-6.668006907022e-03,-6.674774275390e-03,-3.015980188563e+05,2.383316911825e+05,0.000000000000e+00,2.153285330179e+05
9.602116942e+04,-2.090684128041e+05,4.565879698995e+04,2.458128824147e+04,-1.339383414135e+00,-7.219681216163e-03,-6.988174271276e-03,-3.017978905671e+05,2.380785442858e+05,0.000000000000e+00,2.150078020147e+05
9.633713542e+04,-2.094911977110e+05,4.565642880920e+04,2.457903076712e+04,-1.336759918385e+00,-7.769850053421e-03,-7.300879855618e-03,-3.019982389913e+05,2.378243546111e+05,0.000000000000e+00,2.146862667868e+05
9.665399652e+04,-2.099143493904e+05,4.565387988490e+04,2.457666795385e+04,-1.334138695974e+00,-8.318175442069e-03,-7.612699901893e-03,-3.021989399747e+05,2.375692755349e+05,0.000000000000e+00,2.143641232915e+05
9.697173968e+04,-2.103378465114e+05,4.565114993513e+04,2.457419962721e+04,-1.331519864240e+00,-8.864635236984e-03,-7.923622637679e-03,-3.023999833040e+05,2.373133163093e+05,0.000000000000e+00,2.140413846371e+05
9.729048472e+04,-2.107618444715e+05,4.564823746092e+04,2.457162453687e+04,-1.328902449590e+00,-9.409434307057e-03,-8.233765538383e-03,-3.026014427331e+05,2.370563790659e+05,0.000000000000e+00,2.137179290886e+05
9.761028451e+04,-2.111864085696e+05,4.564514137450e+04,2.456894185860e+04,-1.326286039783e+00,-9.952659070248e-03,-8.543178851204e-03,-3.028033494051e+05,2.367984197351e+05,0.000000000000e+00,2.133937032344e+05
9.793096873e+04,-2.116113081825e+05,4.564186282137e+04,2.456615268077e+04,-1.323672044265e+00,-1.049401826949e-02,-8.851697646355e-03,-3.030055936510e+05,2.365395743131e+05,0.000000000000e+00,2.130688797704e+05
9.825257270e+04,-2.120365861169e+05,4.563840105241e+04,2.456325642084e+04,-1.321060184923e+00,-1.103357174609e-02,-9.159356893484e-03,-3.032081957292e+05,2.362798130240e+05,0.000000000000e+00,2.127434227510e+05
9.857523969e+04,-2.124624271506e+05,4.563475399806e+04,2.456025143297e+04,-1.318449315750e+00,-1.157155735116e-02,-9.466293232559e-03,-3.034112436876e+05,2.360190187335e+05,0.000000000000e+00,2.124171872490e+05
9.889889733e+04,-2.128887308298e+05,4.563092189743e+04,2.455713800532e+04,-1.315840042749e+00,-1.210785088470e-02,-9.772436882615e-03,-3.036146896952e+05,2.357572484597e+05,0.000000000000e+00,2.120902465724e+05
9.922347014e+04,-2.133153933824e+05,4.562690519023e+04,2.455391654861e+04,-1.313232987985e+00,-1.264232610610e-02,-1.007771674649e-02,-3.038184841615e+05,2.354945618943e+05,0.000000000000e+00,2.117626768832e+05
9.954901814e+04,-2.137424894270e+05,4.562270269755e+04,2.455058616110e+04,-1.310627681965e+00,-1.317508098338e-02,-1.038218974322e-02,-3.040226626372e+05,2.352309091148e+05,0.000000000000e+00,2.114344174832e+05
9.987552425e+04,-2.141699920930e+05,4.561831417495e+04,2.454714669431e+04,-1.308024275787e+00,-1.370608606744e-02,-1.068584004659e-02,-3.042272122094e+05,2.349663025868e+05,0.000000000000e+00,2.111054855316e+05
1.002030554e+05,-2.145979843873e+05,4.561373822364e+04,2.454359709944e+04,-1.305422251994e+00,-1.423544804527e-02,-1.098872971696e-02,-3.044321725563e+05,2.347006866472e+05,0.000000000000e+00,2.107758135714e+05
1.005316065e+05,-2.150264548427e+05,4.560897437174e+04,2.453993706190e+04,-1.302821669412e+00,-1.476315571378e-02,-1.129085345546e-02,-3.046375381860e+05,2.344340639241e+05,0.000000000000e+00,2.104454067292e+05
1.008610451e+05,-2.154552264231e+05,4.560402411172e+04,2.453616775244e+04,-1.300223588789e+00,-1.528899545250e-02,-1.159208996533e-02,-3.048432241221e+05,2.341665405366e+05,0.000000000000e+00,2.101143980337e+05
1.011915334e+05,-2.158845057375e+05,4.559888456145e+04,2.453228700013e+04,-1.297626744880e+00,-1.581322478714e-02,-1.189258781258e-02,-3.050493293657e+05,2.338979834319e+05,0.000000000000e+00,2.097826244319e+05
1.015230274e+05,-2.163142307155e+05,4.559355587262e+04,2.452829495533e+04,-1.295031502009e+00,-1.633577088990e-02,-1.219230639602e-02,-3.052558240871e+05,2.336284269110e+05,0.000000000000e+00,2.094501301296e+05
1.018555100e+05,-2.167443747598e+05,4.558803783838e+04,2.452419148534e+04,-1.292438008300e+00,-1.685660503939e-02,-1.249123034398e-02,-3.054626954158e+05,2.333578833237e+05,0.000000000000e+00,2.091169320299e+05
1.021890940e+05,-2.171750786999e+05,4.558232803997e+04,2.451997482182e+04,-1.289845403816e+00,-1.737590045421e-02,-1.278946026441e-02,-3.056700110549e+05,2.330862594442e+05,0.000000000000e+00,2.087829171887e+05
1.025236340e+05,-2.176061500389e+05,4.557642844824e+04,2.451564644164e+04,-1.287254835669e+00,-1.789342809815e-02,-1.308686579572e-02,-3.058776782829e+05,2.328136721248e+05,0.000000000000e+00,2.084482310757e+05
1.028591281e+05,-2.180375820179e+05,4.557033870079e+04,2.451120607772e+04,-1.284666329909e+00,-1.840918440076e-02,-1.338344594165e-02,-3.060856936511e+05,2.325401215750e+05,0.000000000000e+00,2.081128753672e+05
1.031956839e+05,-2.184695082651e+05,4.556405637279e+04,2.450665196987e+04,-1.282079072086e+00,-1.892333263259e-02,-1.367929574462e-02,-3.062941214659e+05,2.322655186536e+05,0.000000000000e+00,2.077767424243e+05
1.035331523e+05,-2.189017329278e+05,4.555758381241e+04,2.450198581952e+04,-1.279494221745e+00,-1.943564360997e-02,-1.397428445677e-02,-3.065028670513e+05,2.319899835970e+05,0.000000000000e+00,2.074399809542e+05
1.038717013e+05,-2.193344668538e+05,4.555091734993e+04,2.449720497895e+04,-1.276910504530e+00,-1.994637104103e-02,-1.426855931737e-02,-3.067120320732e+05,2.317133776490e+05,0.000000000000e+00,2.071024229218e+05
1.042113660e+05,-2.197677493753e+05,4.554405570345e+04,2.449230854510e+04,-1.274327675791e+00,-2.045556320096e-02,-1.456214948470e-02,-3.069216355220e+05,2.314356706484e+05,0.000000000000e+00,2.067640335145e+05
1.045518991e+05,-2.202012605110e+05,4.553700344359e+04,2.448729976954e+04,-1.271747629086e+00,-2.096284797939e-02,-1.485484157193e-02,-3.071315224080e+05,2.311570633646e+05,0.000000000000e+00,2.064250588678e+05
1.048934983e+05,-2.206352478013e+05,4.552975609153e+04,2.448217545302e+04,-1.269168876256e+00,-2.146851947079e-02,-1.514680639494e-02,-3.073418123325e+05,2.308773925532e+05,0.000000000000e+00,2.060853017313e+05
1.052361302e+05,-2.210696637485e+05,4.552231385700e+04,2.447693573883e+04,-1.266591687467e+00,-2.197252520975e-02,-1.543801494838e-02,-3.075524821459e+05,2.305966841173e+05,0.000000000000e+00,2.057447952886e+05
1.055798030e+05,-2.215045140204e+05,4.551467608436e+04,2.447158015463e+04,-1.264016016416e+00,-2.247487491840e-02,-1.572847412436e-02,-3.077635344300e+05,2.303149297704e+05,0.000000000000e+00,2.054035311277e+05
1.059245926e+05,-2.219398894932e+05,4.550684055404e+04,2.446610713786e+04,-1.261441313492e+00,-2.297567596392e-02,-1.601824736466e-02,-3.079750131741e+05,2.300320657222e+05,0.000000000000e+00,2.050614337915e+05
1.062704221e+05,-2.223756878984e+05,4.549880848829e+04,2.446051753267e+04,-1.258868171959e+00,-2.347481313676e-02,-1.630726937903e-02,-3.081868685709e+05,2.297481535082e+05,0.000000000000e+00,2.047185794857e+05
1.066173613e+05,-2.228119921176e+05,4.549057775160e+04,2.445480983936e+04,-1.256296090621e+00,-2.397238389359e-02,-1.659559797603e-02,-3.083991407609e+05,2.294631342459e+05,0.000000000000e+00,2.043748988506e+05
1.069651738e+05,-2.232485005744e+05,4.548215356538e+04,2.444898764807e+04,-1.253726832444e+00,-2.446804840197e-02,-1.688303746583e-02,-3.086116827334e+05,2.291772006123e+05,0.000000000000e+00,2.040306255808e+05
1.073141050e+05,-2.236855166779e+05,4.547352960316e+04,2.444304655374e+04,-1.251158596731e+00,-2.496215521697e-02,-1.716979123082e-02,-3.088246419293e+05,2.288901494980e+05,0.000000000000e+00,2.036855164882e+05
1.076640287e+05,-2.241228773637e+05,4.546470851827e+04,2.443698835865e+04,-1.248592328849e+00,-2.545452291813e-02,-1.745575535976e-02,-3.090379386687e+05,2.286020832438e+05,0.000000000000e+00,2.033396962175e+05
1.080151498e+05,-2.245608337791e+05,4.545568462099e+04,2.443080913284e+04,-1.246026543418e+00,-2.594543649940e-02,-1.774109683753e-02,-3.092516952581e+05,2.283128313959e+05,0.000000000000e+00,2.029929618967e+05
1.083671721e+05,-2.249990115381e+05,4.544646507937e+04,2.442451375260e+04,-1.243463420360e+00,-2.643447941103e-02,-1.802557493401e-02,-3.094657287136e+05,2.280226364899e+05,0.000000000000e+00,2.026456057983e+05
1.087204099e+05,-2.254377969585e+05,4.543704120897e+04,2.441809625435e+04,-1.240900686613e+00,-2.692208579060e-02,-1.830944360567e-02,-3.096802274808e+05,2.277312378824e+05,0.000000000000e+00,2.022973174953e+05
1.090747100e+05,-2.258769941359e+05,4.542741653423e+04,2.441155901358e+04,-1.238339475609e+00,-2.740803948665e-02,-1.859257860127e-02,-3.098950956382e+05,2.274387603277e+05,0.000000000000e+00,2.019482479821e+05
1.094300959e+05,-2.263166273824e+05,4.541758994946e+04,2.440490124257e+04,-1.235779632492e+00,-2.789237014177e-02,-1.887499866432e-02,-3.101103448179e+05,2.271451827288e+05,0.000000000000e+00,2.015983736634e+05
1.097865005e+05,-2.267566087893e+05,4.540756288620e+04,2.439812386893e+04,-1.233221655182e+00,-2.837498405781e-02,-1.915665060107e-02,-3.103259316729e+05,2.268505590281e+05,0.000000000000e+00,2.012477602968e+05
1.101438870e+05,-2.271968886590e+05,4.539733603199e+04,2.439122730562e+04,-1.230665816847e+00,-2.885583079910e-02,-1.943750633080e-02,-3.105418314590e+05,2.265549180973e+05,0.000000000000e+00,2.008964434717e+05
1.105024513e+05,-2.276377031057e+05,4.538690333257e+04,2.438420742623e+04,-1.228110733521e+00,-2.933517092899e-02,-1.971771956865e-02,-3.107581596645e+05,2.262580964340e+05,0.000000000000e+00,2.005442304438e+05
1.108620006e+05,-2.280788101776e+05,4.537626994603e+04,2.437706765553e+04,-1.225557794224e+00,-2.981274403183e-02,-1.999713962107e-02,-3.109747972460e+05,2.259602519865e+05,0.000000000000e+00,2.001913101739e+05
1.112225665e+05,-2.285202444022e+05,4.536543460646e+04,2.436980708504e+04,-1.223006783012e+00,-3.028859158713e-02,-2.027579214934e-02,-3.111917607288e+05,2.256613570254e+05,0.000000000000e+00,1.998376509820e+05
1.115843786e+05,-2.289622813664e+05,4.535438990899e+04,2.436242070798e+04,-1.220456095191e+00,-3.076301251895e-02,-2.055385387126e-02,-3.114091852967e+05,2.253612196294e+05,0.000000000000e+00,1.994830274897e+05
1.119473108e+05,-2.294047612207e+05,4.534313912838e+04,2.435491067288e+04,-1.217906642503e+00,-3.123583625709e-02,-2.083122660533e-02,-3.116269921139e+05,2.250599426509e+05,0.000000000000e+00,1.991275631230e+05
1.123112323e+05,-2.298475198773e+05,4.533168592940e+04,2.434727936701e+04,-1.215359355554e+00,-3.170689067637e-02,-2.110781092086e-02,-3.118451000091e+05,2.247576330190e+05,0.000000000000e+00,1.987713853879e+05
1.126761081e+05,-2.302905105352e+05,4.532003115275e+04,2.433952727998e+04,-1.212814486093e+00,-3.217613061528e-02,-2.138358168682e-02,-3.120634854020e+05,2.244543184676e+05,0.000000000000e+00,1.984145279423e+05
1.130421216e+05,-2.307339512195e+05,4.530816857697e+04,2.433165020917e+04,-1.210270766294e+00,-3.264379039134e-02,-2.165867816502e-02,-3.122822553354e+05,2.241498449757e+05,0.000000000000e+00,1.980568108478e+05
1.134093796e+05,-2.311779654641e+05,4.529609418329e+04,2.432364543464e+04,-1.207727476500e+00,-3.311000122876e-02,-2.193317942057e-02,-3.125014704937e+05,2.238441219672e+05,0.000000000000e+00,1.976981295386e+05
1.137775485e+05,-2.316221452339e+05,4.528381854006e+04,2.431551989700e+04,-1.205186939290e+00,-3.357433755724e-02,-2.220683653244e-02,-3.127209289995e+05,2.235374254251e+05,0.000000000000e+00,1.973388091675e+05
1.141469650e+05,-2.320668917234e+05,4.527133003427e+04,2.430726584135e+04,-1.202646845259e+00,-3.403722163307e-02,-2.247990002845e-02,-3.129408286343e+05,2.232294733535e+05,0.000000000000e+00,1.969785207015e+05
1.145173476e+05,-2.325118610051e+05,4.525863775784e+04,2.429888920933e+04,-1.200109144678e+00,-3.449829790221e-02,-2.275216190697e-02,-3.131609989306e+05,2.229204987182e+05,0.000000000000e+00,1.966175381415e+05
1.148889578e+05,-2.329573621462e+05,4.524573235027e+04,2.429038375232e+04,-1.197572060437e+00,-3.495788920467e-02,-2.302381454371e-02,-3.133815923695e+05,2.226102818020e+05,0.000000000000e+00,1.962556061672e+05
1.152617556e+05,-2.334033412532e+05,4.523261465558e+04,2.428174996368e+04,-1.195035888101e+00,-3.541594072231e-02,-2.329482753624e-02,-3.136025819473e+05,2.222988542390e+05,0.000000000000e+00,1.958927634943e+05
1.156355082e+05,-2.338495153242e+05,4.521929250310e+04,2.427299291856e+04,-1.192502221538e+00,-3.587216481924e-02,-2.356503242005e-02,-3.138238269244e+05,2.219864087158e+05,0.000000000000e+00,1.955292358582e+05
1.160104811e+05,-2.342961961299e+05,4.520575606766e+04,2.426410607979e+04,-1.189969275159e+00,-3.632688305960e-02,-2.383462141870e-02,-3.140454813963e+05,2.216727218549e+05,0.000000000000e+00,1.951647646439e+05
1.163865045e+05,-2.347431763169e+05,4.519201104487e+04,2.425509310972e+04,-1.187438210884e+00,-3.677988635793e-02,-2.410347246853e-02,-3.142674420129e+05,2.213579338779e+05,0.000000000000e+00,1.947995142290e+05
1.167637482e+05,-2.351906523767e+05,4.517805080919e+04,2.424594958445e+04,-1.184907902010e+00,-3.723137586930e-02,-2.437170686816e-02,-3.144898058750e+05,2.210419010067e+05,0.000000000000e+00,1.944333192205e+05
1.171420247e+05,-2.356383966895e+05,4.516388189723e+04,2.423667970280e+04,-1.182379621210e+00,-3.768112409657e-02,-2.463919137433e-02,-3.147124593733e+05,2.207247786616e+05,0.000000000000e+00,1.940663610857e+05
1.175213996e+05,-2.360864822437e+05,4.514950153617e+04,2.422728156096e+04,-1.179852940059e+00,-3.812920749869e-02,-2.490597325635e-02,-3.149354382137e+05,2.204065102422e+05,0.000000000000e+00,1.936985754464e+05
1.179021736e+05,-2.365352582240e+05,4.513489777057e+04,2.421774726785e+04,-1.177325878243e+00,-3.857597550668e-02,-2.517226279419e-02,-3.151589157792e+05,2.200868415078e+05,0.000000000000e+00,1.933296703238e+05
1.182840449e+05,-2.369843626969e+05,4.512008163507e+04,2.420808394715e+04,-1.174800462301e+00,-3.902106808416e-02,-2.543784764875e-02,-3.153827114393e+05,2.197660240465e+05,0.000000000000e+00,1.929599378490e+05
1.186668889e+05,-2.374336447668e+05,4.510505770768e+04,2.419829448579e+04,-1.172277523236e+00,-3.946433932862e-02,-2.570264254273e-02,-3.156067493270e+05,2.194441609596e+05,0.000000000000e+00,1.925894977803e+05
1.190507941e+05,-2.378832039956e+05,4.508982229160e+04,2.418837637267e+04,-1.169756483869e+00,-3.990589138470e-02,-2.596671025274e-02,-3.158310783807e+05,2.191211763589e+05,0.000000000000e+00,1.922182636255e+05
1.194360402e+05,-2.383333621755e+05,4.507436382744e+04,2.417832199118e+04,-1.167235526412e+00,-4.034604136012e-02,-2.623024263578e-02,-3.160558586698e+05,2.187968331592e+05,0.000000000000e+00,1.918459644255e+05
1.198224273e+05,-2.387838799347e+05,4.505868982307e+04,2.416813613314e+04,-1.164715979061e+00,-4.078455564392e-02,-2.649310215177e-02,-3.162809701937e+05,2.184712976419e+05,0.000000000000e+00,1.914727927234e+05
1.202098411e+05,-2.392346191093e+05,4.504280462626e+04,2.415782151953e+04,-1.162198597858e+00,-4.122130262602e-02,-2.675521188765e-02,-3.165063432402e+05,2.181446645892e+05,0.000000000000e+00,1.910988582210e+05
1.205984024e+05,-2.396857153210e+05,4.502670299788e+04,2.414737464193e+04,-1.159682608681e+00,-4.165641653695e-02,-2.701665440793e-02,-3.167320449344e+05,2.178168306437e+05,0.000000000000e+00,1.907240436360e+05
1.209881250e+05,-2.401371795476e+05,4.501038398508e+04,2.413679477755e+04,-1.157167935277e+00,-4.208990974941e-02,-2.727743933989e-02,-3.169580801446e+05,2.174877822569e+05,0.000000000000e+00,1.903483347584e+05
1.213789550e+05,-2.405889441127e+05,4.499384950941e+04,2.412608306391e+04,-1.154654938938e+00,-4.252171936811e-02,-2.753753101407e-02,-3.171844143240e+05,2.171575633266e+05,0.000000000000e+00,1.899717828948e+05
1.217709425e+05,-2.410410619398e+05,4.497709711699e+04,2.411523780050e+04,-1.152143309431e+00,-4.295189809288e-02,-2.779696335979e-02,-3.174110733056e+05,2.168261297514e+05,0.000000000000e+00,1.895943389122e+05
1.221640948e+05,-2.414935359858e+05,4.496012614115e+04,2.410425844415e+04,-1.149633015097e+00,-4.338045041562e-02,-2.805574136817e-02,-3.176380579068e+05,2.164934737335e+05,0.000000000000e+00,1.892159951747e+05
1.225585390e+05,-2.419465067355e+05,4.494293065556e+04,2.409314105042e+04,-1.147123262859e+00,-4.380751007026e-02,-2.831394826931e-02,-3.178654379946e+05,2.161594858629e+05,0.000000000000e+00,1.888366287198e+05
1.229540171e+05,-2.423996727089e+05,4.492552155518e+04,2.408189254671e+04,-1.144615707657e+00,-4.423279447504e-02,-2.857141554729e-02,-3.180930615366e+05,2.158243827797e+05,0.000000000000e+00,1.884564868310e+05
1.233506383e+05,-2.428531543440e+05,4.490789378491e+04,2.407050954385e+04,-1.142109665635e+00,-4.465641941142e-02,-2.882821547008e-02,-3.183209882330e+05,2.154880703203e+05,0.000000000000e+00,1.880754636002e+05
1.237486458e+05,-2.433072235116e+05,4.489003607795e+04,2.405898464987e+04,-1.139603621161e+00,-4.507863899460e-02,-2.908450473318e-02,-3.185493541105e+05,2.151503404501e+05,0.000000000000e+00,1.876933248796e+05
1.241475882e+05,-2.437613601710e+05,4.487196835546e+04,2.404733059712e+04,-1.137100428500e+00,-4.549897133337e-02,-2.933999323763e-02,-3.187778968744e+05,2.148115743258e+05,0.000000000000e+00,1.873105030829e+05
1.245478319e+05,-2.442159763194e+05,4.485367376691e+04,2.403553638779e+04,-1.134597799683e+00,-4.591780005222e-02,-2.959491648779e-02,-3.190068230483e+05,2.144714592868e+05,0.000000000000e+00,1.869266458495e+05
1.249492825e+05,-2.446709589338e+05,4.483515619407e+04,2.402360439921e+04,-1.132096343001e+00,-4.633502132309e-02,-2.984921400094e-02,-3.192360750344e+05,2.141300735456e+05,0.000000000000e+00,1.865418428891e+05
1.253518635e+05,-2.451262159262e+05,4.481641885692e+04,2.401153657450e+04,-1.129596548676e+00,-4.675055223939e-02,-3.010283776218e-02,-3.194656056396e+05,2.137874804877e+05,0.000000000000e+00,1.861561667533e+05
1.257557214e+05,-2.455819074913e+05,4.479745458515e+04,2.399932816273e+04,-1.127097521712e+00,-4.716454004471e-02,-3.035588028311e-02,-3.196954948575e+05,2.134435535869e+05,0.000000000000e+00,1.857694762146e+05
1.261606539e+05,-2.460378000038e+05,4.477827257280e+04,2.398698494597e+04,-1.124600527173e+00,-4.757677391168e-02,-3.060821529450e-02,-3.199256240082e+05,2.130984633988e+05,0.000000000000e+00,1.853819641244e+05
1.265669429e+05,-2.464942053310e+05,4.475885911300e+04,2.397449796625e+04,-1.122103841554e+00,-4.798753668434e-02,-3.086001866402e-02,-3.201561497222e+05,2.127519677818e+05,0.000000000000e+00,1.849933597847e+05
1.269742040e+05,-2.469506865247e+05,4.473923229098e+04,2.396187871378e+04,-1.119609838463e+00,-4.839643666695e-02,-3.111105290245e-02,-3.203868504359e+05,2.124043927694e+05,0.000000000000e+00,1.846040298578e+05
1.273826777e+05,-2.474075082267e+05,4.471938034459e+04,2.394911947825e+04,-1.117117053623e+00,-4.880371348378e-02,-3.136146757915e-02,-3.206178589415e+05,2.120555317075e+05,0.000000000000e+00,1.842137435929e+05
1.277922287e+05,-2.478645143573e+05,4.469930959603e+04,2.393622417469e+04,-1.114626321451e+00,-4.920922977558e-02,-3.161118087333e-02,-3.208490953937e+05,2.117054982399e+05,0.000000000000e+00,1.838226290264e+05
1.282032970e+05,-2.483221895011e+05,4.467899807323e+04,2.392317853996e+04,-1.112134986898e+00,-4.961341516764e-02,-3.186046044031e-02,-3.210808041967e+05,2.113539145046e+05,0.000000000000e+00,1.834302653634e+05
1.286154467e+05,-2.487800423409e+05,4.465846689296e+04,2.390999598775e+04,-1.109645710329e+00,-5.001583536371e-02,-3.210904156823e-02,-3.213127358063e+05,2.110011512022e+05,0.000000000000e+00,1.830370677013e+05
1.290287860e+05,-2.492381880102e+05,4.463771046331e+04,2.389667277058e+04,-1.107157847928e+00,-5.041659344372e-02,-3.235699063823e-02,-3.215449475640e+05,2.106471141414e+05,0.000000000000e+00,1.826429318540e+05
1.294433593e+05,-2.496966703608e+05,4.461672625610e+04,2.388320710800e+04,-1.104671145280e+00,-5.081572856631e-02,-3.260433483899e-02,-3.217774607711e+05,2.102917633662e+05,0.000000000000e+00,1.822478143885e+05
1.298591123e+05,-2.501554237616e+05,4.459551674684e+04,2.386960042789e+04,-1.102185941843e+00,-5.121318444539e-02,-3.285104227341e-02,-3.220102411962e+05,2.099351437106e+05,0.000000000000e+00,1.818517661659e+05
1.302760634e+05,-2.506144633942e+05,4.457408073839e+04,2.385585179820e+04,-1.099702138371e+00,-5.160897531158e-02,-3.309712474258e-02,-3.222432955600e+05,2.095772374726e+05,0.000000000000e+00,1.814547684540e+05
1.306943630e+05,-2.510739486358e+05,4.455241016917e+04,2.384195588338e+04,-1.097218857154e+00,-5.200323848150e-02,-3.334267087841e-02,-3.224767038551e+05,2.092179138380e+05,0.000000000000e+00,1.810566773465e+05
1.311138261e+05,-2.515336706352e+05,4.453051430252e+04,2.382791845487e+04,-1.094737211094e+00,-5.239579486896e-02,-3.358757239059e-02,-3.227103590317e+05,2.088573297101e+05,0.000000000000e+00,1.806576677890e+05
1.315342875e+05,-2.519934439054e+05,4.450840165989e+04,2.381374480070e+04,-1.092258181901e+00,-5.278648857060e-02,-3.383173477365e-02,-3.229441656814e+05,2.084956254993e+05,0.000000000000e+00,1.802578956510e+05
1.319560705e+05,-2.524536169810e+05,4.448605504983e+04,2.379942372520e+04,-1.089779872303e+00,-5.317561712936e-02,-3.407534700986e-02,-3.231782999630e+05,2.081325213249e+05,0.000000000000e+00,1.798570523412e+05
1.323791772e+05,-2.529141857002e+05,4.446347400265e+04,2.378495475082e+04,-1.087302289910e+00,-5.356317616885e-02,-3.431840993238e-02,-3.234127588040e+05,2.077680135218e+05,0.000000000000e+00,1.794551350887e+05
1.328033333e+05,-2.533748463137e+05,4.444067295270e+04,2.377034694452e+04,-1.084827051028e+00,-5.394891104920e-02,-3.456076703681e-02,-3.236473864840e+05,2.074023365878e+05,0.000000000000e+00,1.790524032527e+05
1.332287958e+05,-2.538358728832e+05,4.441763789589e+04,2.375559114917e+04,-1.082352665095e+00,-5.433305230315e-02,-3.480256637858e-02,-3.238823214716e+05,2.070352671362e+05,0.000000000000e+00,1.786486115548e+05
1.336554488e+05,-2.542971340265e+05,4.439437485562e+04,2.374069103593e+04,-1.079879820607e+00,-5.471549052599e-02,-3.504374256916e-02,-3.241174957392e+05,2.066669033874e+05,0.000000000000e+00,1.782438690016e+05
1.340833383e+05,-2.547586742539e+05,4.437088110523e+04,2.372564466733e+04,-1.077408261492e+00,-5.509626312744e-02,-3.528432261155e-02,-3.243529308552e+05,2.062972036787e+05,0.000000000000e+00,1.778381306383e+05
1.345125419e+05,-2.552205711876e+05,4.434715212376e+04,2.371044895431e+04,-1.074937555722e+00,-5.547543380047e-02,-3.552435040373e-02,-3.245886653222e+05,2.059260992306e+05,0.000000000000e+00,1.774313219858e+05
1.349428947e+05,-2.556826420067e+05,4.432319680583e+04,2.369510939546e+04,-1.072468663905e+00,-5.585285266935e-02,-3.576373463158e-02,-3.248246046875e+05,2.055537306634e+05,0.000000000000e+00,1.770235980332e+05
1.353745525e+05,-2.561450485605e+05,4.429900627614e+04,2.367962010679e+04,-1.070000703758e+00,-5.622865216221e-02,-3.600256288567e-02,-3.250608304221e+05,2.051799613152e+05,0.000000000000e+00,1.766148099460e+05
1.358072241e+05,-2.566074737852e+05,4.427459674535e+04,2.366399126368e+04,-1.067535348654e+00,-5.660257567772e-02,-3.624067551120e-02,-3.252971793075e+05,2.048050417704e+05,0.000000000000e+00,1.762052323492e+05
1.362412957e+05,-2.570703253315e+05,4.424994625317e+04,2.364820859793e+04,-1.065070407190e+00,-5.697495326556e-02,-3.647828630883e-02,-3.255338584726e+05,2.044286354402e+05,0.000000000000e+00,1.757944982351e+05
1.366767133e+05,-2.575335389268e+05,4.422505753561e+04,2.363227365078e+04,-1.062606206564e+00,-5.734573142463e-02,-3.671536537595e-02,-3.257708339366e+05,2.040507871982e+05,0.000000000000e+00,1.753826577811e+05
1.371133045e+05,-2.579969256268e+05,4.419994023533e+04,2.361619238148e+04,-1.060143734620e+00,-5.771475856786e-02,-3.695181969500e-02,-3.260080078147e+05,2.036716446654e+05,0.000000000000e+00,1.749698727119e+05
1.375511277e+05,-2.584605420599e+05,4.417459086570e+04,2.359996233976e+04,-1.057682671989e+00,-5.808208014633e-02,-3.718768215627e-02,-3.262454078052e+05,2.032911554544e+05,0.000000000000e+00,1.745560866113e+05
1.379901946e+05,-2.589243952589e+05,4.414900857830e+04,2.358358276088e+04,-1.055222963446e+00,-5.844770158600e-02,-3.742296018603e-02,-3.264830362313e+05,2.029093074583e+05,0.000000000000e+00,1.741412870239e+05
1.384304184e+05,-2.593883881733e+05,4.412319832427e+04,2.356705658996e+04,-1.052765104981e+00,-5.881154668075e-02,-3.765760861195e-02,-3.267208420501e+05,2.025261745309e+05,0.000000000000e+00,1.737255547480e+05
1.388719965e+05,-2.598527233353e+05,4.409714835953e+04,2.355037607844e+04,-1.050308005979e+00,-5.917377378341e-02,-3.789173367509e-02,-3.269589277591e+05,2.021415829527e+05,0.000000000000e+00,1.733087020074e+05
1.393148093e+05,-2.603172691680e+05,4.407086553566e+04,2.353354538078e+04,-1.047852345522e+00,-5.953427923967e-02,-3.812527269360e-02,-3.271972245965e+05,2.017556349060e+05,0.000000000000e+00,1.728908403811e+05
1.397587246e+05,-2.607818819884e+05,4.404435764685e+04,2.351656925249e+04,-1.045398863698e+00,-5.989295209414e-02,-3.835815771266e-02,-3.274356574537e+05,2.013684439724e+05,0.000000000000e+00,1.724720932538e+05
1.402041582e+05,-2.612469909934e+05,4.401759966533e+04,2.349943142460e+04,-1.042945276935e+00,-6.025012237301e-02,-3.859060751422e-02,-3.276744452618e+05,2.009796455425e+05,0.000000000000e+00,1.720520671303e+05
1.406505438e+05,-2.617119994878e+05,4.399062549731e+04,2.348215336950e+04,-1.040494714513e+00,-6.060533144975e-02,-3.882232790491e-02,-3.279132802798e+05,2.005897320806e+05,0.000000000000e+00,1.716312946057e+05
1.410983113e+05,-2.621773504257e+05,4.396340913473e+04,2.346471818110e+04,-1.038044822400e+00,-6.095891809290e-02,-3.905354397598e-02,-3.281523885531e+05,2.001983263838e+05,0.000000000000e+00,1.712093689699e+05
1.415472186e+05,-2.626427865795e+05,4.393596517431e+04,2.344713495847e+04,-1.035596936607e+00,-6.131068600854e-02,-3.928413187659e-02,-3.283916364935e+05,1.998056382617e+05,0.000000000000e+00,1.707865170062e+05
1.419976694e+05,-2.631087204377e+05,4.390826873378e+04,2.342938750235e+04,-1.033148870734e+00,-6.166094503675e-02,-3.951429959327e-02,-3.286312347429e+05,1.994113124960e+05,0.000000000000e+00,1.703623570479e+05
1.424489400e+05,-2.635743982711e+05,4.388036430069e+04,2.341150406115e+04,-1.030704565314e+00,-6.200912860583e-02,-3.974367915359e-02,-3.288707942010e+05,1.990159810709e+05,0.000000000000e+00,1.699375692262e+05
1.429015851e+05,-2.640403882801e+05,4.385221764336e+04,2.339346243541e+04,-1.028261016842e+00,-6.235566258533e-02,-3.997255519837e-02,-3.291106055881e+05,1.986191564010e+05,0.000000000000e+00,1.695116296825e+05
1.433553850e+05,-2.645064587207e+05,4.382384233281e+04,2.337527105591e+04,-1.025819422096e+00,-6.270037349928e-02,-4.020081795172e-02,-3.293505481468e+05,1.982210292461e+05,0.000000000000e+00,1.690847437150e+05
1.438105741e+05,-2.649728447312e+05,4.379522362297e+04,2.335692019642e+04,-1.023378530849e+00,-6.304343396814e-02,-4.042858662357e-02,-3.295907414188e+05,1.978213920966e+05,0.000000000000e+00,1.686566893664e+05
1.442670749e+05,-2.654394606427e+05,4.376636623147e+04,2.333841260323e+04,-1.020938774175e+00,-6.338477864750e-02,-4.065582312089e-02,-3.298311397958e+05,1.974203110650e+05,0.000000000000e+00,1.682275382031e+05
1.447247308e+05,-2.659061411769e+05,4.373728002062e+04,2.331975432119e+04,-1.018500997085e+00,-6.372428568778e-02,-4.088245122796e-02,-3.300716565515e+05,1.970179218785e+05,0.000000000000e+00,1.677974358363e+05
1.451837100e+05,-2.663730523833e+05,4.370795428069e+04,2.330093819534e+04,-1.016064313040e+00,-6.406207480474e-02,-4.110855585916e-02,-3.303123756713e+05,1.966140749753e+05,0.000000000000e+00,1.673662227846e+05
1.456440017e+05,-2.668401775528e+05,4.367838959165e+04,2.328196430631e+04,-1.013628791194e+00,-6.439813178273e-02,-4.133413290371e-02,-3.305532869702e+05,1.962087777679e+05,0.000000000000e+00,1.669339075526e+05
1.461052193e+05,-2.673071197363e+05,4.364861090613e+04,2.326284837800e+04,-1.011196480138e+00,-6.473217128872e-02,-4.155899549551e-02,-3.307941840336e+05,1.958023692644e+05,0.000000000000e+00,1.665008517404e+05
1.465679204e+05,-2.677744385682e+05,4.361858224504e+04,2.324356701716e+04,-1.008764444885e+00,-6.506459278249e-02,-4.178341763482e-02,-3.310353539082e+05,1.953943562717e+05,0.000000000000e+00,1.660665300377e+05
1.470319734e+05,-2.682419942990e+05,4.358831199397e+04,2.322412529953e+04,-1.006333395906e+00,-6.539529327696e-02,-4.200733588062e-02,-3.312767228911e+05,1.949848529260e+05,0.000000000000e+00,1.656310647517e+05
1.474969541e+05,-2.687093551866e+05,4.355782792456e+04,2.320454075809e+04,-1.003905557167e+00,-6.572396714146e-02,-4.223054827844e-02,-3.315180663598e+05,1.945742317910e+05,0.000000000000e+00,1.651948520620e+05
1.479632853e+05,-2.691769414650e+05,4.352710245468e+04,2.318479536417e+04,-1.001478724723e+00,-6.605090956876e-02,-4.245326037227e-02,-3.317595995613e+05,1.941621180842e+05,0.000000000000e+00,1.647574938028e+05
1.484307791e+05,-2.696445594600e+05,4.349614797384e+04,2.316489676248e+04,-9.990538844718e-01,-6.637598327697e-02,-4.267538431584e-02,-3.320012207294e+05,1.937486759547e+05,0.000000000000e+00,1.643191644675e+05
1.488996148e+05,-2.701123830697e+05,4.346495264766e+04,2.314483702339e+04,-9.966301152405e-01,-6.669930725950e-02,-4.289700716282e-02,-3.322430179721e+05,1.933337451373e+05,0.000000000000e+00,1.638796943996e+05
1.493694689e+05,-2.705800848150e+05,4.343353810180e+04,2.312462972907e+04,-9.942090932429e-01,-6.702065407086e-02,-4.311797852691e-02,-3.324848202327e+05,1.929176101729e+05,0.000000000000e+00,1.634393850031e+05
1.498404372e+05,-2.710477558372e+05,4.340189817550e+04,2.310427059290e+04,-9.917903246984e-01,-6.734008649455e-02,-4.333834667372e-02,-3.327266727670e+05,1.925001850113e+05,0.000000000000e+00,1.629981449300e+05
1.503127442e+05,-2.715156141466e+05,4.337001785504e+04,2.308374961861e+04,-9.893726622010e-01,-6.765775156483e-02,-4.355821895591e-02,-3.329686865022e+05,1.920812687614e+05,0.000000000000e+00,1.625557619543e+05
1.507862895e+05,-2.719835545665e+05,4.333790396034e+04,2.306307085269e+04,-9.869566301561e-01,-6.797357515027e-02,-4.377755037022e-02,-3.332108052229e+05,1.916609487681e+05,0.000000000000e+00,1.621123285908e+05
1.512609380e+05,-2.724514388203e+05,4.330556581214e+04,2.304223995397e+04,-9.845429218343e-01,-6.828746252325e-02,-4.399628099136e-02,-3.334529555064e+05,1.912393433999e+05,0.000000000000e+00,1.616679696523e+05
1.517369020e+05,-2.729194714036e+05,4.327298905934e+04,2.302124732804e+04,-9.821304620854e-01,-6.859954890380e-02,-4.421451119398e-02,-3.336952413068e+05,1.908162622241e+05,0.000000000000e+00,1.612224844494e+05
1.522139847e+05,-2.733874536274e+05,4.324018731024e+04,2.300010138856e+04,-9.797202549212e-01,-6.890969963398e-02,-4.443215310875e-02,-3.339375578719e+05,1.903918786151e+05,0.000000000000e+00,1.607760555610e+05
1.526924686e+05,-2.738556572839e+05,4.320714123986e+04,2.297878931421e+04,-9.773108809196e-01,-6.921809205389e-02,-4.464933779212e-02,-3.341800440297e+05,1.899659395058e+05,0.000000000000e+00,1.603284168919e+05
1.531719113e+05,-2.743236446285e+05,4.317388159202e+04,2.295733056801e+04,-9.749045720729e-01,-6.952443588793e-02,-4.486586715138e-02,-3.344224711196e+05,1.895388372083e+05,0.000000000000e+00,1.598799806260e+05
1.536525798e+05,-2.747916723657e+05,4.314039010368e+04,2.293571300215e+04,-9.724999867257e-01,-6.982889816178e-02,-4.508186525415e-02,-3.346649701228e+05,1.891103322739e+05,0.000000000000e+00,1.594304949888e+05
1.541342973e+05,-2.752595637915e+05,4.310667934253e+04,2.291394435621e+04,-9.700980115717e-01,-7.013136224993e-02,-4.529725570927e-02,-3.349074474841e+05,1.886805809289e+05,0.000000000000e+00,1.589801235943e+05
1.546172594e+05,-2.757275044305e+05,4.307273585898e+04,2.289201556676e+04,-9.676976731446e-01,-7.043194617621e-02,-4.551212907582e-02,-3.351499973341e+05,1.882494071357e+05,0.000000000000e+00,1.585286817033e+05
1.551014508e+05,-2.761954742338e+05,4.303856090374e+04,2.286992705229e+04,-9.652990542855e-01,-7.073063396028e-02,-4.572648102738e-02,-3.353926072731e+05,1.878168229593e+05,0.000000000000e+00,1.580761819101e+05
1.555866999e+05,-2.766633031588e+05,4.300416683170e+04,2.284768640888e+04,-9.629030054705e-01,-7.102731495225e-02,-4.594023889508e-02,-3.356351870935e+05,1.873829799761e+05,0.000000000000e+00,1.576227824715e+05
1.560731543e+05,-2.771311288555e+05,4.296954348484e+04,2.282528667373e+04,-9.605088004795e-01,-7.132207434149e-02,-4.615347085881e-02,-3.358778060958e+05,1.869477450313e+05,0.000000000000e+00,1.571683438835e+05
1.565605765e+05,-2.775987191372e+05,4.293470807965e+04,2.280273858840e+04,-9.581176058758e-01,-7.161476412933e-02,-4.636607654213e-02,-3.361203417640e+05,1.865113290191e+05,0.000000000000e+00,1.567130858684e+05
1.570492241e+05,-2.780663168602e+05,4.289964254931e+04,2.278003005560e+04,-9.557281581495e-01,-7.190553437178e-02,-4.657817181393e-02,-3.363629179491e+05,1.860735000712e+05,0.000000000000e+00,1.562567660793e+05
1.575389215e+05,-2.785337496932e+05,4.286435979243e+04,2.275716901681e+04,-9.533413168258e-01,-7.219427532072e-02,-4.678968384736e-02,-3.366054431266e+05,1.856344139904e+05,0.000000000000e+00,1.557995465192e+05
1.580296697e+05,-2.790010148953e+05,4.282886012165e+04,2.273415526343e+04,-9.509570738858e-01,-7.248098358695e-02,-4.700061703955e-02,-3.368479137147e+05,1.851940685498e+05,0.000000000000e+00,1.553414242543e+05
1.585216562e+05,-2.794682865850e+05,4.279313028959e+04,2.271097978328e+04,-9.485745198999e-01,-7.276576305430e-02,-4.721105536443e-02,-3.370904179082e+05,1.847522940439e+05,0.000000000000e+00,1.548822223328e+05
1.590145191e+05,-2.799352171360e+05,4.275719698798e+04,2.268765946612e+04,-9.461954055096e-01,-7.304839978815e-02,-4.742084792817e-02,-3.373327731060e+05,1.843094142702e+05,0.000000000000e+00,1.544222766989e+05
1.595086185e+05,-2.804021440856e+05,4.272103436086e+04,2.266417710233e+04,-9.438179890520e-01,-7.332909589176e-02,-4.763015207802e-02,-3.375751522961e+05,1.838651042266e+05,0.000000000000e+00,1.539612491825e+05
1.600037887e+05,-2.808689063062e+05,4.268465487871e+04,2.264054034644e+04,-9.414430701288e-01,-7.360775099080e-02,-4.783890101551e-02,-3.378174696300e+05,1.834195115379e+05,0.000000000000e+00,1.534992925414e+05
1.604999020e+05,-2.813353800377e+05,4.264806839097e+04,2.261675516050e+04,-9.390712562050e-01,-7.388428926230e-02,-4.804704527527e-02,-3.380596586125e+05,1.829727499352e+05,0.000000000000e+00,1.530365238899e+05
1.609970086e+05,-2.818016094542e+05,4.261127169736e+04,2.259281902387e+04,-9.367023001258e-01,-7.415873524907e-02,-4.825461058313e-02,-3.383017399136e+05,1.825247730350e+05,0.000000000000e+00,1.525728942831e+05
1.614951189e+05,-2.822676008677e+05,4.257426452903e+04,2.256873131296e+04,-9.343361476418e-01,-7.443109050023e-02,-4.846160569756e-02,-3.385437145358e+05,1.820755704325e+05,0.000000000000e+00,1.521083921138e+05
1.619941835e+05,-2.827333049980e+05,4.253705106294e+04,2.254449429347e+04,-9.319730266933e-01,-7.470132410840e-02,-4.866801475151e-02,-3.387855545986e+05,1.816251854653e+05,0.000000000000e+00,1.516430612978e+05
1.624941787e+05,-2.831986967613e+05,4.249963362405e+04,2.252010902376e+04,-9.296130420130e-01,-7.496941967182e-02,-4.887383277088e-02,-3.390272447691e+05,1.811736385468e+05,0.000000000000e+00,1.511769219306e+05
1.629953247e+05,-2.836639774248e+05,4.246199622358e+04,2.249556461251e+04,-9.272551514191e-01,-7.523548996092e-02,-4.907915466601e-02,-3.392688872561e+05,1.807207296910e+05,0.000000000000e+00,1.507097667856e+05
1.634972824e+05,-2.841288291873e+05,4.242416485072e+04,2.247087753590e+04,-9.249009433977e-01,-7.549935059012e-02,-4.928384627771e-02,-3.395103146788e+05,1.802667640656e+05,0.000000000000e+00,1.502419097017e+05
1.640003187e+05,-2.845934960340e+05,4.238611998791e+04,2.244603458247e+04,-9.225491600273e-01,-7.576113764771e-02,-4.948802124441e-02,-3.397516514071e+05,1.798114995382e+05,0.000000000000e+00,1.497731001121e+05
1.645041687e+05,-2.850577306327e+05,4.234788222976e+04,2.242104871874e+04,-9.202010309478e-01,-7.602070919047e-02,-4.969157710686e-02,-3.399927666232e+05,1.793551745668e+05,0.000000000000e+00,1.493035825373e+05
1.650088069e+05,-2.855215073894e+05,4.230945423273e+04,2.239592120732e+04,-9.178566622965e-01,-7.627804982829e-02,-4.989450925005e-02,-3.402336446610e+05,1.788978117269e+05,0.000000000000e+00,1.488333788319e+05
1.655143535e+05,-2.859849345676e+05,4.227082751656e+04,2.237064601888e+04,-9.155154840224e-01,-7.653321780922e-02,-5.009687154842e-02,-3.404743393684e+05,1.784393012529e+05,0.000000000000e+00,1.483623748750e+05
1.660208581e+05,-2.864480549142e+05,4.223199890045e+04,2.234522057245e+04,-9.131772582243e-01,-7.678623365356e-02,-5.029868897886e-02,-3.407148705527e+05,1.779795971011e+05,0.000000000000e+00,1.478905222765e+05
1.665281362e+05,-2.869106973517e+05,4.219298320774e+04,2.231965407553e+04,-9.108428262526e-01,-7.703700147799e-02,-5.049989348508e-02,-3.409551469571e+05,1.775188659367e+05,0.000000000000e+00,1.474179908545e+05
1.670362712e+05,-2.873729359179e+05,4.215377474936e+04,2.229394230014e+04,-9.085117918392e-01,-7.728555939247e-02,-5.070052390180e-02,-3.411952046214e+05,1.770570313299e+05,0.000000000000e+00,1.469447008494e+05
1.675452377e+05,-2.878347453259e+05,4.211437619250e+04,2.226808648556e+04,-9.061842601912e-01,-7.753189123550e-02,-5.090057583760e-02,-3.414350279896e+05,1.765941155920e+05,0.000000000000e+00,1.464706738099e+05
1.680550105e+05,-2.882961007723e+05,4.207479021583e+04,2.224208787615e+04,-9.038603339388e-01,-7.777598130637e-02,-5.110004520943e-02,-3.416746017500e+05,1.761301408589e+05,0.000000000000e+00,1.459959310247e+05
1.685654155e+05,-2.887568433777e+05,4.203503115303e+04,2.221595537732e+04,-9.015407903898e-01,-7.801774404120e-02,-5.129887022662e-02,-3.419138409681e+05,1.756652650766e+05,0.000000000000e+00,1.455206325049e+05
1.690765784e+05,-2.892170853740e+05,4.199509005826e+04,2.218968259731e+04,-8.992250415140e-01,-7.825723690106e-02,-5.149710628860e-02,-3.421528014850e+05,1.751993733892e+05,0.000000000000e+00,1.450446591628e+05
1.695884333e+05,-2.896767662309e+05,4.195497288929e+04,2.216327293318e+04,-8.969133692599e-01,-7.849442639095e-02,-5.169473423662e-02,-3.423914494284e+05,1.747325251873e+05,0.000000000000e+00,1.445680700776e+05
1.701008752e+05,-2.901357907355e+05,4.191468877820e+04,2.213673187900e+04,-8.946062293773e-01,-7.872926217664e-02,-5.189172024332e-02,-3.426297329282e+05,1.742648160518e+05,0.000000000000e+00,1.440909610439e+05
1.706140223e+05,-2.905942640933e+05,4.187422931127e+04,2.211005336649e+04,-8.923030702545e-01,-7.896179657877e-02,-5.208811655947e-02,-3.428677041526e+05,1.737961376128e+05,0.000000000000e+00,1.436132197446e+05
1.711277837e+05,-2.910521041289e+05,4.183360254647e+04,2.208324217595e+04,-8.900042821640e-01,-7.919198603167e-02,-5.228389506739e-02,-3.431053179968e+05,1.733265725800e+05,0.000000000000e+00,1.431349287464e+05
1.716421404e+05,-2.915092934525e+05,4.179281090980e+04,2.205629937601e+04,-8.877099296889e-01,-7.941982033117e-02,-5.247905553671e-02,-3.433425629890e+05,1.728561379881e+05,0.000000000000e+00,1.426561035422e+05
1.721570292e+05,-2.919657756309e+05,4.175186037713e+04,2.202922838049e+04,-8.854202732324e-01,-7.964527015216e-02,-5.267358117188e-02,-3.435794074029e+05,1.723848914744e+05,0.000000000000e+00,1.421768008552e+05
1.726725864e+05,-2.924216708997e+05,4.171074106050e+04,2.200202210812e+04,-8.831346873545e-01,-7.986839301310e-02,-5.286753044302e-02,-3.438159111703e+05,1.719127081578e+05,0.000000000000e+00,1.416968918002e+05
1.731885230e+05,-2.928767238665e+05,4.166947699571e+04,2.197469592157e+04,-8.808544298067e-01,-8.008906272899e-02,-5.306080208345e-02,-3.440519393639e+05,1.714398524846e+05,0.000000000000e+00,1.412166431288e+05
1.737048288e+05,-2.933309265952e+05,4.162807009861e+04,2.194725056401e+04,-8.785795169997e-01,-8.030727580182e-02,-5.325340038507e-02,-3.442874854636e+05,1.709663339758e+05,0.000000000000e+00,1.407360621938e+05
1.742215540e+05,-2.937843239762e+05,4.158651744979e+04,2.191968356630e+04,-8.763097011240e-01,-8.052305367472e-02,-5.344535200492e-02,-3.445225703432e+05,1.704921069261e+05,0.000000000000e+00,1.402551003361e+05
1.747388153e+05,-2.942370189747e+05,4.154481068257e+04,2.189198882545e+04,-8.740444445003e-01,-8.073644399331e-02,-5.363670801002e-02,-3.447572449636e+05,1.700170639822e+05,0.000000000000e+00,1.397736465740e+05
1.752564931e+05,-2.946889070562e+05,4.150296050284e+04,2.186417289206e+04,-8.717842482292e-01,-8.094739590071e-02,-5.382743169642e-02,-3.449914527091e+05,1.695413151938e+05,0.000000000000e+00,1.392918103385e+05
1.757745436e+05,-2.951399508667e+05,4.146097155198e+04,2.183623829849e+04,-8.695292769204e-01,-8.115589111086e-02,-5.401751492444e-02,-3.452251718180e+05,1.690649009795e+05,0.000000000000e+00,1.388096303076e+05
1.762928726e+05,-2.955900698895e+05,4.141885259647e+04,2.180819032895e+04,-8.672799107504e-01,-8.136189213560e-02,-5.420693150065e-02,-3.454583581909e+05,1.685879080957e+05,0.000000000000e+00,1.383271919042e+05
1.768114045e+05,-2.960392002021e+05,4.137661099647e+04,2.178003334423e+04,-8.650364465958e-01,-8.156537022077e-02,-5.439566239424e-02,-3.456909763655e+05,1.681104067553e+05,0.000000000000e+00,1.378445636074e+05
1.773301936e+05,-2.964873909411e+05,4.133424352359e+04,2.175176464797e+04,-8.627986166813e-01,-8.176634800820e-02,-5.458373613055e-02,-3.459230494546e+05,1.676323472843e+05,0.000000000000e+00,1.373616926640e+05
1.778491989e+05,-2.969346084952e+05,4.129175474063e+04,2.172338673353e+04,-8.605665668274e-01,-8.196481047617e-02,-5.477114646480e-02,-3.461545577214e+05,1.671537680362e+05,0.000000000000e+00,1.368786152904e+05
1.783682565e+05,-2.973807141748e+05,4.124915933642e+04,2.169490887171e+04,-8.583409669853e-01,-8.216069711079e-02,-5.495784327827e-02,-3.463854270828e+05,1.666748208479e+05,0.000000000000e+00,1.363954820503e+05
1.788874123e+05,-2.978257504757e+05,4.120645483755e+04,2.166632887376e+04,-8.561215829110e-01,-8.235402806388e-02,-5.514385242601e-02,-3.466156772734e+05,1.661954640425e+05,0.000000000000e+00,1.359122481082e+05
1.794067107e+05,-2.982697581035e+05,4.116363886625e+04,2.163764460043e+04,-8.539081899209e-01,-8.254482171180e-02,-5.532919891490e-02,-3.468453270883e+05,1.657156573079e+05,0.000000000000e+00,1.354288701273e+05
1.799261174e+05,-2.987127102179e+05,4.112071553261e+04,2.160885825114e+04,-8.517009004676e-01,-8.273306689915e-02,-5.551387951657e-02,-3.470743603873e+05,1.652354331303e+05,0.000000000000e+00,1.349453781586e+05
1.804455062e+05,-2.991545023198e+05,4.107769658116e+04,2.157997715688e+04,-8.495002138665e-01,-8.291872031141e-02,-5.569785873001e-02,-3.473027209227e+05,1.647549090002e+05,0.000000000000e+00,1.344618876875e+05
1.809647373e+05,-2.995950195194e+05,4.103459497507e+04,2.155100949391e+04,-8.473066807042e-01,-8.310173612302e-02,-5.588109692640e-02,-3.475303471625e+05,1.642742152655e+05,0.000000000000e+00,1.339785268459e+05
1.814840353e+05,-3.000344559194e+05,4.099139344554e+04,2.152194311726e+04,-8.451193132883e-01,-8.328219665933e-02,-5.606368298884e-02,-3.477573372529e+05,1.637931451154e+05,0.000000000000e+00,1.334950847466e+05
1.820032153e+05,-3.004726586635e+05,4.094810871672e+04,2.149278873178e+04,-8.429388517535e-01,-8.346004033328e-02,-5.624556150645e-02,-3.479836100892e+05,1.633118706932e+05,0.000000000000e+00,1.330117315047e+05
1.825223643e+05,-3.009097050006e+05,4.090473491057e+04,2.146354183511e+04,-8.407648911010e-01,-8.363530002161e-02,-5.642677268260e-02,-3.482092034486e+05,1.628303123920e+05,0.000000000000e+00,1.325283842266e+05
1.830411344e+05,-3.013453065317e+05,4.086130255067e+04,2.143422248626e+04,-8.385988450744e-01,-8.380786293956e-02,-5.660720519595e-02,-3.484339664327e+05,1.623487943778e+05,0.000000000000e+00,1.320453651414e+05
1.835598033e+05,-3.017797013818e+05,4.081778983325e+04,2.140481544592e+04,-8.364395089892e-01,-8.397782646204e-02,-5.678696594900e-02,-3.486580199102e+05,1.618670601213e+05,0.000000000000e+00,1.315624137419e+05
1.840781519e+05,-3.022127106986e+05,4.077421657314e+04,2.137533357537e+04,-8.342877518028e-01,-8.414512303578e-02,-5.696598913777e-02,-3.488812696351e+05,1.613853143808e+05,0.000000000000e+00,1.310797321978e+05
1.845962416e+05,-3.026443908097e+05,4.073057908795e+04,2.134577386438e+04,-8.321432735564e-01,-8.430977756500e-02,-5.714430630775e-02,-3.491037427101e+05,1.609035015958e+05,0.000000000000e+00,1.305972616289e+05
1.851139368e+05,-3.030746340613e+05,4.068689028246e+04,2.131614453955e+04,-8.300065892348e-01,-8.447175233342e-02,-5.732188124873e-02,-3.493253817543e+05,1.604217493427e+05,0.000000000000e+00,1.301151265395e+05
1.856312914e+05,-3.035034907558e+05,4.064314711149e+04,2.128644302528e+04,-8.278774294402e-01,-8.463106987665e-02,-5.749874298476e-02,-3.495462108229e+05,1.599400090640e+05,0.000000000000e+00,1.296332750475e+05
1.861481474e+05,-3.039308357668e+05,4.059936445226e+04,2.125667892015e+04,-8.257563960068e-01,-8.478768770287e-02,-5.767484818255e-02,-3.497661636767e+05,1.594584295259e+05,0.000000000000e+00,1.291518526135e+05
1.866646632e+05,-3.043568058850e+05,4.055553039731e+04,2.122684362288e+04,-8.236427910066e-01,-8.494165968286e-02,-5.785026144770e-02,-3.499853089341e+05,1.589768647644e+05,0.000000000000e+00,1.286707100080e+05
1.871805818e+05,-3.047811952300e+05,4.051166828669e+04,2.119695252057e+04,-8.215376172170e-01,-8.509291550114e-02,-5.802490623255e-02,-3.502035389404e+05,1.584955561321e+05,0.000000000000e+00,1.281900850122e+05
1.876959208e+05,-3.052040250829e+05,4.046777819918e+04,2.116700519051e+04,-8.194407502900e-01,-8.524146809282e-02,-5.819879957002e-02,-3.504208629963e+05,1.580144891360e+05,0.000000000000e+00,1.277099596417e+05
1.882108370e+05,-3.056254301959e+05,4.042384832057e+04,2.113699307362e+04,-8.173515038820e-01,-8.538736881378e-02,-5.837200505751e-02,-3.506373486889e+05,1.575335193045e+05,0.000000000000e+00,1.272301863575e+05
1.887250186e+05,-3.060451622466e+05,4.037990678602e+04,2.110693490770e+04,-8.152710911879e-01,-8.553053642897e-02,-5.854442881398e-02,-3.508528668485e+05,1.570529395592e+05,0.000000000000e+00,1.267510539182e+05
1.892386089e+05,-3.064633451247e+05,4.033594295592e+04,2.107682294736e+04,-8.131988803422e-01,-8.567101875457e-02,-5.871612992134e-02,-3.510674795654e+05,1.565726182690e+05,0.000000000000e+00,1.262724275628e+05
1.897515057e+05,-3.068799027705e+05,4.029196712367e+04,2.104666376869e+04,-8.111352309126e-01,-8.580879529885e-02,-5.888708528229e-02,-3.512811462947e+05,1.560926527991e+05,0.000000000000e+00,1.257944008499e+05
1.902636203e+05,-3.072947705749e+05,4.024798849815e+04,2.101646323287e+04,-8.090804457711e-01,-8.594385072060e-02,-5.905727651058e-02,-3.514938324743e+05,1.556131284067e+05,0.000000000000e+00,1.253170551271e+05
1.907750727e+05,-3.077080531868e+05,4.020399834584e+04,2.098621488264e+04,-8.070339898573e-01,-8.607622468152e-02,-5.922675461178e-02,-3.517055903470e+05,1.551339347747e+05,0.000000000000e+00,1.248402770696e+05
1.912855786e+05,-3.081195285551e+05,4.016002273587e+04,2.095593620141e+04,-8.049969461390e-01,-8.620585246652e-02,-5.939543658205e-02,-3.519163048151e+05,1.546553406944e+05,0.000000000000e+00,1.243643305263e+05
1.917953237e+05,-3.085293545700e+05,4.011604726662e+04,2.092561684127e+04,-8.029685166815e-01,-8.633279062321e-02,-5.956339516674e-02,-3.521260554720e+05,1.541771742435e+05,0.000000000000e+00,1.238890409074e+05
1.923042693e+05,-3.089375076955e+05,4.007207684650e+04,2.089525973551e+04,-8.009488022956e-01,-8.645703750033e-02,-5.973062866722e-02,-3.523348289869e+05,1.536994739184e+05,0.000000000000e+00,1.234144429960e+05
1.928121638e+05,-3.093437944760e+05,4.002813483522e+04,2.086488059494e+04,-7.989387446413e-01,-8.657854148394e-02,-5.989706574630e-02,-3.525425252522e+05,1.532224784058e+05,0.000000000000e+00,1.229407702891e+05
1.933192434e+05,-3.097484124257e+05,3.998420238282e+04,2.083446597191e+04,-7.969373512901e-01,-8.669736879699e-02,-6.006279519139e-02,-3.527492441196e+05,1.527459681073e+05,0.000000000000e+00,1.224678011071e+05
1.938252692e+05,-3.101511790399e+05,3.994030180356e+04,2.080403089869e+04,-7.949455101421e-01,-8.681347279689e-02,-6.022775006651e-02,-3.529548912595e+05,1.522701702108e+05,0.000000000000e+00,1.219957573762e+05
1.943303965e+05,-3.105522267258e+05,3.989642119114e+04,2.077356671469e+04,-7.929625518617e-01,-8.692689893206e-02,-6.039199236692e-02,-3.531595332487e+05,1.517949408759e+05,0.000000000000e+00,1.215244928022e+05
1.948345593e+05,-3.109515110763e+05,3.985256787057e+04,2.074307808706e+04,-7.909886819907e-01,-8.703764113049e-02,-6.055551161680e-02,-3.533631463951e+05,1.513203448639e+05,0.000000000000e+00,1.210540681133e+05
1.953376279e+05,-3.113489384063e+05,3.980875467882e+04,2.071257354703e+04,-7.890243498238e-01,-8.714568095903e-02,-6.071827710527e-02,-3.535656819957e+05,1.508465064724e+05,0.000000000000e+00,1.205846029376e+05
1.958395515e+05,-3.117444775528e+05,3.976498767036e+04,2.068205694001e+04,-7.870696957601e-01,-8.725101847143e-02,-6.088028366145e-02,-3.537671233416e+05,1.503734765263e+05,0.000000000000e+00,1.201161439831e+05
1.963404187e+05,-3.121382075456e+05,3.972126068397e+04,2.065152359530e+04,-7.851243160706e-01,-8.735368279306e-02,-6.104157118623e-02,-3.539675098696e+05,1.499011739671e+05,0.000000000000e+00,1.196486073918e+05
1.968401151e+05,-3.125300474749e+05,3.967758528383e+04,2.062098121681e+04,-7.831885977140e-01,-8.745366087693e-02,-6.120211400388e-02,-3.541667996302e+05,1.494297093609e+05,0.000000000000e+00,1.191820990578e+05
1.973385490e+05,-3.129199350706e+05,3.963397106913e+04,2.059043617465e+04,-7.812628356984e-01,-8.755094605156e-02,-6.136189398748e-02,-3.543649602968e+05,1.489591719696e+05,0.000000000000e+00,1.187167036680e+05
1.978358395e+05,-3.133079730158e+05,3.959040918019e+04,2.055988191834e+04,-7.793465106573e-01,-8.764557278548e-02,-6.152096054127e-02,-3.545620434220e+05,1.484894520309e+05,0.000000000000e+00,1.182523090826e+05
1.983319857e+05,-3.136941694985e+05,3.954690125139e+04,2.052931923289e+04,-7.774395704629e-01,-8.773755095242e-02,-6.167932429931e-02,-3.547580525102e+05,1.480205532322e+05,0.000000000000e+00,1.177889154811e+05
1.988267916e+05,-3.140783817272e+05,3.950346599545e+04,2.049876093027e+04,-7.755427087043e-01,-8.782685554918e-02,-6.183693389246e-02,-3.549529145485e+05,1.475526633225e+05,0.000000000000e+00,1.173267048717e+05
1.993203279e+05,-3.144606743349e+05,3.946009876977e+04,2.046820343002e+04,-7.736555950860e-01,-8.791351126287e-02,-6.199382292960e-02,-3.551466618604e+05,1.470857184414e+05,0.000000000000e+00,1.168656106058e+05
1.998126113e+05,-3.148410697793e+05,3.941679963160e+04,2.043764644711e+04,-7.717781080009e-01,-8.799753209075e-02,-6.215000767373e-02,-3.553393053652e+05,1.466197055738e+05,0.000000000000e+00,1.164056163608e+05
2.003035734e+05,-3.152195249104e+05,3.937357610119e+04,2.040709497201e+04,-7.699104500049e-01,-8.807891758519e-02,-6.230547737840e-02,-3.555308228013e+05,1.461546921527e+05,0.000000000000e+00,1.159467852425e+05
2.007931730e+05,-3.155960178550e+05,3.933043331397e+04,2.037655233537e+04,-7.680527189114e-01,-8.815767269885e-02,-6.246022993505e-02,-3.557212027693e+05,1.456907200214e+05,0.000000000000e+00,1.154891550665e+05
2.012814592e+05,-3.159705959502e+05,3.928736845923e+04,2.034601624860e+04,-7.662046713864e-01,-8.823381677666e-02,-6.261429161357e-02,-3.559104689035e+05,1.452277457130e+05,0.000000000000e+00,1.150326795366e+05
2.017683682e+05,-3.163432202670e+05,3.924438861236e+04,2.031549143375e+04,-7.643664900863e-01,-8.830735128921e-02,-6.276765314477e-02,-3.560986012686e+05,1.447658322070e+05,0.000000000000e+00,1.145774173608e+05
2.022538777e+05,-3.167138833952e+05,3.920149724438e+04,2.028498007590e+04,-7.625382024538e-01,-8.837828459170e-02,-6.292031812735e-02,-3.562855959273e+05,1.443050038451e+05,0.000000000000e+00,1.141233891416e+05
2.027379877e+05,-3.170825954383e+05,3.915869579112e+04,2.025448292174e+04,-7.607197498780e-01,-8.844662843923e-02,-6.307229729623e-02,-3.564714578219e+05,1.438452632460e+05,0.000000000000e+00,1.136705941033e+05
2.032207160e+05,-3.174493796174e+05,3.911598413367e+04,2.022399961108e+04,-7.589110094179e-01,-8.851239668823e-02,-6.322360673692e-02,-3.566561985247e+05,1.433865964932e+05,0.000000000000e+00,1.132190152356e+05
2.037020367e+05,-3.178142260662e+05,3.907336598039e+04,2.019353251841e+04,-7.571120216429e-01,-8.857559703481e-02,-6.337424882563e-02,-3.568398129671e+05,1.429290309267e+05,0.000000000000e+00,1.127686761914e+05
2.041817609e+05,-3.181770018323e+05,3.903085948788e+04,2.016309438769e+04,-7.553234342377e-01,-8.863621726513e-02,-6.352417495625e-02,-3.570222342703e+05,1.424727491019e+05,0.000000000000e+00,1.123197533178e+05
2.046600221e+05,-3.185378182073e+05,3.898845424257e+04,2.013267753752e+04,-7.535446909268e-01,-8.869428704859e-02,-6.367343731615e-02,-3.572035184855e+05,1.420176270101e+05,0.000000000000e+00,1.118721212993e+05
2.051368043e+05,-3.188966730847e+05,3.894615304866e+04,2.010228373885e+04,-7.517757949131e-01,-8.874981617207e-02,-6.382204121029e-02,-3.573836646169e+05,1.415636827191e+05,0.000000000000e+00,1.114257946994e+05
2.056121373e+05,-3.192535986553e+05,3.890395464140e+04,2.007191184275e+04,-7.500165806661e-01,-8.880281952009e-02,-6.397000608612e-02,-3.575626889093e+05,1.411108907916e+05,0.000000000000e+00,1.109807453494e+05
2.060858713e+05,-3.196084925240e+05,3.886187368175e+04,2.004157218361e+04,-7.482675462654e-01,-8.885329251515e-02,-6.411729548382e-02,-3.577405401765e+05,1.406593968218e+05,0.000000000000e+00,1.105371131847e+05
2.065581248e+05,-3.199614536439e+05,3.881990098160e+04,2.001125792730e+04,-7.465281977261e-01,-8.890125996280e-02,-6.426395637515e-02,-3.579172682244e+05,1.402090906709e+05,0.000000000000e+00,1.100947868437e+05
2.070287902e+05,-3.203124115175e+05,3.877804744245e+04,1.998097673898e+04,-7.447988764501e-01,-8.894672282695e-02,-6.440996530740e-02,-3.580928379954e+05,1.397600779065e+05,0.000000000000e+00,1.096538669311e+05
2.074979633e+05,-3.206614474731e+05,3.873630586630e+04,1.995072320753e+04,-7.430791759887e-01,-8.898970216354e-02,-6.455536188218e-02,-3.582672904488e+05,1.393122700786e+05,0.000000000000e+00,1.092142635357e+05
2.079655647e+05,-3.210085124295e+05,3.869468459516e+04,1.992050317614e+04,-7.413693327556e-01,-8.903020222688e-02,-6.470013136326e-02,-3.584406013478e+05,1.388657456158e+05,0.000000000000e+00,1.087760506434e+05
2.084315326e+05,-3.213535705426e+05,3.865319042974e+04,1.989032140723e+04,-7.396695181512e-01,-8.906823004648e-02,-6.484426435257e-02,-3.586127531863e+05,1.384205665794e+05,0.000000000000e+00,1.083392861373e+05
2.088959856e+05,-3.216967196449e+05,3.861181406417e+04,1.986017095014e+04,-7.379792453545e-01,-8.910380711159e-02,-6.498780723747e-02,-3.587837951656e+05,1.379766223914e+05,0.000000000000e+00,1.079038585722e+05
2.093588628e+05,-3.220379243119e+05,3.857056218552e+04,1.983005648911e+04,-7.362986842781e-01,-8.913693994606e-02,-6.513075069390e-02,-3.589537100184e+05,1.375339742173e+05,0.000000000000e+00,1.074698250472e+05
2.098201493e+05,-3.223771833967e+05,3.852943735321e+04,1.979997972079e+04,-7.346278362255e-01,-8.916763909702e-02,-6.527309961863e-02,-3.591224976289e+05,1.370926391050e+05,0.000000000000e+00,1.070371993960e+05
2.102798245e+05,-3.227144916583e+05,3.848844261331e+04,1.976994271109e+04,-7.329667229123e-01,-8.919591492246e-02,-6.541485709801e-02,-3.592901558898e+05,1.366526394941e+05,0.000000000000e+00,1.066060007599e+05
2.107378309e+05,-3.230498168075e+05,3.844758430509e+04,1.973994996092e+04,-7.313154994818e-01,-8.922177604219e-02,-6.555601472131e-02,-3.594566693187e+05,1.362140333530e+05,0.000000000000e+00,1.061762831035e+05
2.111943154e+05,-3.233832760989e+05,3.840685050332e+04,1.970999255987e+04,-7.296735849614e-01,-8.924524208979e-02,-6.569662700965e-02,-3.596220966877e+05,1.357766827329e+05,0.000000000000e+00,1.057479085032e+05
2.116491213e+05,-3.237147646572e+05,3.836625636179e+04,1.968008150185e+04,-7.280414924078e-01,-8.926631627470e-02,-6.583665482778e-02,-3.597863865455e+05,1.353407405644e+05,0.000000000000e+00,1.053210240167e+05
2.121023366e+05,-3.240443564018e+05,3.832579517185e+04,1.965021170937e+04,-7.264188547532e-01,-8.928501432562e-02,-6.597613436937e-02,-3.599495761659e+05,1.349061252056e+05,0.000000000000e+00,1.048955469787e+05
2.125539463e+05,-3.243720497770e+05,3.828546942164e+04,1.962038487520e+04,-7.248056767969e-01,-8.930134657227e-02,-6.611506994090e-02,-3.601116654030e+05,1.344728539175e+05,0.000000000000e+00,1.044714916324e+05
2.130039024e+05,-3.246978196189e+05,3.824528450331e+04,1.959060485941e+04,-7.232020797623e-01,-8.931532258773e-02,-6.625345572048e-02,-3.602726424921e+05,1.340409753462e+05,0.000000000000e+00,1.040489029509e+05
2.134522664e+05,-3.250217198314e+05,3.820523603675e+04,1.956086828917e+04,-7.216077958838e-01,-8.932695534927e-02,-6.639131940229e-02,-3.604325347687e+05,1.336104332760e+05,0.000000000000e+00,1.036277233321e+05
2.138989863e+05,-3.253437222554e+05,3.816532974776e+04,1.953117929137e+04,-7.200229615640e-01,-8.933625438200e-02,-6.652865374232e-02,-3.605913290499e+05,1.331812802688e+05,0.000000000000e+00,1.032080016407e+05
2.143440313e+05,-3.256638142601e+05,3.812556944933e+04,1.950154059842e+04,-7.184476369514e-01,-8.934323043457e-02,-6.666545795445e-02,-3.607490198926e+05,1.327535485270e+05,0.000000000000e+00,1.027897668268e+05
2.147874479e+05,-3.259820384796e+05,3.808595206623e+04,1.947194981485e+04,-7.168816104205e-01,-8.934789538300e-02,-6.680175481194e-02,-3.609056291008e+05,1.323271963103e+05,0.000000000000e+00,1.023729755753e+05
2.152291695e+05,-3.262983566939e+05,3.804648456087e+04,1.944241204632e+04,-7.153250684498e-01,-8.935025972492e-02,-6.693753241266e-02,-3.610611386995e+05,1.319022900522e+05,0.000000000000e+00,1.019576903592e+05
2.156692743e+05,-3.266128340713e+05,3.800716098082e+04,1.941292274530e+04,-7.137776889546e-01,-8.935033487296e-02,-6.707282314645e-02,-3.612155815771e+05,1.314787573180e+05,0.000000000000e+00,1.015438379533e+05
2.161077262e+05,-3.269254539291e+05,3.796798555665e+04,1.938348498765e+04,-7.122395528256e-01,-8.934813138435e-02,-6.720762423424e-02,-3.613689503898e+05,1.310566354452e+05,0.000000000000e+00,1.011314524605e+05
2.165445050e+05,-3.272362110671e+05,3.792896107893e+04,1.935410078947e+04,-7.107106846202e-01,-8.934366025991e-02,-6.734193771072e-02,-3.615212434880e+05,1.306359464578e+05,0.000000000000e+00,1.007205530341e+05
2.169796797e+05,-3.275451634919e+05,3.789008236676e+04,1.932476616331e+04,-7.091907981276e-01,-8.933693121396e-02,-6.747579291649e-02,-3.616724901951e+05,1.302166265731e+05,0.000000000000e+00,1.003110750628e+05
2.174131703e+05,-3.278522634815e+05,3.785135751053e+04,1.929548713388e+04,-7.076801274621e-01,-8.932795589131e-02,-6.760917337232e-02,-3.618226680718e+05,1.297987552692e+05,0.000000000000e+00,9.990309387777e+04
2.178449748e+05,-3.281575186846e+05,3.781278763152e+04,1.926626449112e+04,-7.061786344876e-01,-8.931674529672e-02,-6.774208644295e-02,-3.619717818478e+05,1.293823370709e+05,0.000000000000e+00,9.949661162696e+04
2.182751432e+05,-3.284609732534e+05,3.777436920213e+04,1.923709549911e+04,-7.046861017027e-01,-8.930330863501e-02,-6.787455538954e-02,-3.621198540737e+05,1.289673264266e+05,0.000000000000e+00,9.909158162357e+04
2.187036371e+05,-3.287626090337e+05,3.773610654729e+04,1.920798338062e+04,-7.032026182412e-01,-8.928765742421e-02,-6.800657627703e-02,-3.622668768871e+05,1.285537627239e+05,0.000000000000e+00,9.868804012320e+04
2.191304875e+05,-3.290624565061e+05,3.769799780778e+04,1.917892666639e+04,-7.017280341932e-01,-8.926980083895e-02,-6.813816636812e-02,-3.624128661644e+05,1.281416186822e+05,0.000000000000e+00,9.828595835278e+04
2.195556844e+05,-3.293605174019e+05,3.766004474427e+04,1.914992664447e+04,-7.002623412053e-01,-8.924974934869e-02,-6.826933031128e-02,-3.625578237755e+05,1.277309062804e+05,0.000000000000e+00,9.788534588386e+04
2.199792595e+05,-3.296568223795e+05,3.762224540738e+04,1.912098177086e+04,-6.988053888347e-01,-8.922751127410e-02,-6.840008545684e-02,-3.627017656637e+05,1.273215974784e+05,0.000000000000e+00,9.748617328881e+04
2.204011185e+05,-3.299513142567e+05,3.758460904069e+04,1.909209908809e+04,-6.973574586893e-01,-8.920310179324e-02,-6.853041029045e-02,-3.628446651381e+05,1.269137856216e+05,0.000000000000e+00,9.708852954097e+04
2.208213117e+05,-3.302440366369e+05,3.754713201006e+04,1.906327578629e+04,-6.959183369465e-01,-8.917652853694e-02,-6.866032771009e-02,-3.629865444880e+05,1.265074247651e+05,0.000000000000e+00,9.669236780190e+04
2.212398949e+05,-3.305350368427e+05,3.750981014897e+04,1.903450862132e+04,-6.944877916921e-01,-8.914779757806e-02,-6.878986240384e-02,-3.631274277377e+05,1.261024631979e+05,0.000000000000e+00,9.629763567692e+04
2.216568119e+05,-3.308242841450e+05,3.747264927031e+04,1.900580203890e+04,-6.930659748598e-01,-8.911692232018e-02,-6.891900432146e-02,-3.632673011157e+05,1.256989575936e+05,0.000000000000e+00,9.590438645679e+04
2.220720636e+05,-3.311117874528e+05,3.743565009352e+04,1.897715657766e+04,-6.916528436344e-01,-8.908391264659e-02,-6.904776093485e-02,-3.634061700846e+05,1.252969095566e+05,0.000000000000e+00,9.551261977238e+04
2.224856930e+05,-3.313975847801e+05,3.739880956019e+04,1.894856984759e+04,-6.902482122875e-01,-8.904877466516e-02,-6.917615276803e-02,-3.635440541517e+05,1.248962797321e+05,0.000000000000e+00,9.512229538242e+04
2.228976563e+05,-3.316816540238e+05,3.736213233305e+04,1.892004544986e+04,-6.888521906876e-01,-8.901152158049e-02,-6.930417333353e-02,-3.636809438162e+05,1.244971128379e+05,0.000000000000e+00,9.473345499149e+04
2.233079747e+05,-3.319640180461e+05,3.732561725852e+04,1.889158248082e+04,-6.874646678243e-01,-8.897216108274e-02,-6.943183628746e-02,-3.638168512870e+05,1.240993904884e+05,0.000000000000e+00,9.434607885154e+04
2.237166212e+05,-3.322446662296e+05,3.728926748874e+04,1.886318339768e+04,-6.860856973210e-01,-8.893070540592e-02,-6.955914011628e-02,-3.639517726654e+05,1.237031413251e+05,0.000000000000e+00,9.396019304912e+04
2.241236897e+05,-3.325236709723e+05,3.725307539215e+04,1.883484222747e+04,-6.847149250367e-01,-8.888715405236e-02,-6.968612099439e-02,-3.640857439444e+05,1.233082765125e+05,0.000000000000e+00,9.357570930473e+04
2.245290866e+05,-3.328009760812e+05,3.721704998366e+04,1.880656602401e+04,-6.833526287441e-01,-8.884152600362e-02,-6.981275662741e-02,-3.642187393439e+05,1.229148888895e+05,0.000000000000e+00,9.319271627751e+04
2.249328787e+05,-3.330766349577e+05,3.718118603728e+04,1.877835069154e+04,-6.819985478810e-01,-8.879382293430e-02,-6.993907458637e-02,-3.643507857089e+05,1.225229160334e+05,0.000000000000e+00,9.281115147782e+04
2.253350347e+05,-3.333506340661e+05,3.714548699909e+04,1.875019894390e+04,-6.806527508291e-01,-8.874405736192e-02,-7.006507185577e-02,-3.644818777823e+05,1.221323903322e+05,0.000000000000e+00,9.243104475182e+04
2.257355727e+05,-3.336229933977e+05,3.710995193276e+04,1.872211005387e+04,-6.793151413771e-01,-8.869223596923e-02,-7.019076074099e-02,-3.646120263780e+05,1.217432964090e+05,0.000000000000e+00,9.205237947585e+04
2.261345148e+05,-3.338937355055e+05,3.707457953745e+04,1.869408299963e+04,-6.779856108502e-01,-8.863836445071e-02,-7.031615477677e-02,-3.647412435122e+05,1.213556149552e+05,0.000000000000e+00,9.167513523581e+04
2.265317737e+05,-3.341628087965e+05,3.703937818810e+04,1.866612444519e+04,-6.766644147461e-01,-8.858246366735e-02,-7.044123302978e-02,-3.648695058532e+05,1.209694329096e+05,0.000000000000e+00,9.129939502260e+04
2.269274452e+05,-3.344302857660e+05,3.700434001413e+04,1.863822817085e+04,-6.753511993258e-01,-8.852452910960e-02,-7.056603212237e-02,-3.649968492583e+05,1.205846591882e+05,0.000000000000e+00,9.092506863519e+04
2.273215014e+05,-3.346961548371e+05,3.696946811486e+04,1.861039666383e+04,-6.740460237689e-01,-8.846457326337e-02,-7.069054964130e-02,-3.651232694887e+05,1.202013231120e+05,0.000000000000e+00,9.055218305635e+04
2.277139540e+05,-3.349604312926e+05,3.693476205268e+04,1.858262960405e+04,-6.727488154580e-01,-8.840260284226e-02,-7.081479565196e-02,-3.652487751069e+05,1.198194153002e+05,0.000000000000e+00,9.018072764166e+04
2.281048216e+05,-3.352231349368e+05,3.690022077021e+04,1.855492617223e+04,-6.714594796807e-01,-8.833862312336e-02,-7.093878237660e-02,-3.653733768078e+05,1.194389196202e+05,0.000000000000e+00,8.981068521052e+04
2.284941039e+05,-3.354842727211e+05,3.686584487561e+04,1.852728688340e+04,-6.701779848965e-01,-8.827264220493e-02,-7.106251599123e-02,-3.654970791798e+05,1.190598383631e+05,0.000000000000e+00,8.944205652940e+04
2.288818012e+05,-3.357438519249e+05,3.683163491474e+04,1.849971220909e+04,-6.689042980284e-01,-8.820466807915e-02,-7.118600278997e-02,-3.656198869741e+05,1.186821732572e+05,0.000000000000e+00,8.907484184114e+04
2.292678469e+05,-3.360018351882e+05,3.679759730698e+04,1.847220737951e+04,-6.676386050568e-01,-8.813472101920e-02,-7.130922766662e-02,-3.657417838710e+05,1.183059911031e+05,0.000000000000e+00,8.870910467557e+04
2.296523572e+05,-3.362583071564e+05,3.676372235468e+04,1.844476460643e+04,-6.663804934593e-01,-8.806278815100e-02,-7.143223376282e-02,-3.658628112020e+05,1.179311806919e+05,0.000000000000e+00,8.834473551993e+04
2.300352436e+05,-3.365132157526e+05,3.673001838426e+04,1.841739068160e+04,-6.651302215275e-01,-8.798889394799e-02,-7.155499881551e-02,-3.659829457237e+05,1.175578301917e+05,0.000000000000e+00,8.798181872221e+04
2.304165626e+05,-3.367666055017e+05,3.669648094336e+04,1.839008204955e+04,-6.638875737387e-01,-8.791303572133e-02,-7.167754686763e-02,-3.661022097821e+05,1.171858864911e+05,0.000000000000e+00,8.762030131028e+04
2.307963609e+05,-3.370185142317e+05,3.666310642847e+04,1.836283581380e+04,-6.626523675672e-01,-8.783521143740e-02,-7.179989897351e-02,-3.662206224914e+05,1.168153057694e+05,0.000000000000e+00,8.726013938294e+04
2.311745561e+05,-3.372688939718e+05,3.662990258556e+04,1.833565835122e+04,-6.614248412419e-01,-8.775544559781e-02,-7.192203447158e-02,-3.663381626448e+05,1.164461703538e+05,0.000000000000e+00,8.690141166175e+04
2.315511982e+05,-3.375177845883e+05,3.659686550502e+04,1.830854652965e+04,-6.602048023441e-01,-8.767373554863e-02,-7.204397532995e-02,-3.664548503296e+05,1.160784332677e+05,0.000000000000e+00,8.654407122250e+04
2.319262676e+05,-3.377651797330e+05,3.656399738552e+04,1.828150221851e+04,-6.589922850900e-01,-8.759009318707e-02,-7.216572097337e-02,-3.665706839336e+05,1.157121155300e+05,0.000000000000e+00,8.618813724303e+04
2.322997663e+05,-3.380110873870e+05,3.653129850746e+04,1.825452572437e+04,-6.577872534868e-01,-8.750452585896e-02,-7.228727777665e-02,-3.666856685783e+05,1.153472169552e+05,0.000000000000e+00,8.583360831676e+04
2.326717363e+05,-3.382555416993e+05,3.649876564851e+04,1.822761445778e+04,-6.565895433873e-01,-8.741703135728e-02,-7.240866511450e-02,-3.667998215988e+05,1.149836983016e+05,0.000000000000e+00,8.548044511675e+04
2.330421679e+05,-3.384985426420e+05,3.646640011055e+04,1.820076956100e+04,-6.553991581866e-01,-8.732761911281e-02,-7.252988549038e-02,-3.669131443390e+05,1.146215708812e+05,0.000000000000e+00,8.512865745686e+04
2.334110426e+05,-3.387400845281e+05,3.643420393537e+04,1.817399280684e+04,-6.542161290094e-01,-8.723630098074e-02,-7.265093847351e-02,-3.670256355305e+05,1.142608544666e+05,0.000000000000e+00,8.477826338727e+04
2.337783651e+05,-3.389801768281e+05,3.640217712947e+04,1.814728428991e+04,-6.530404127562e-01,-8.714308334755e-02,-7.277183113546e-02,-3.671373009849e+05,1.139015461945e+05,0.000000000000e+00,8.442925898853e+04
2.341441941e+05,-3.392188641260e+05,3.637031499169e+04,1.812064016594e+04,-6.518717944702e-01,-8.704795830339e-02,-7.289258834935e-02,-3.672481628089e+05,1.135435903672e+05,0.000000000000e+00,8.408158904813e+04
2.345084795e+05,-3.394561199287e+05,3.633862228741e+04,1.809406449930e+04,-6.507104072641e-01,-8.695094578835e-02,-7.301319910844e-02,-3.673582100715e+05,1.131870376549e+05,0.000000000000e+00,8.373530168890e+04
2.348712273e+05,-3.396919542589e+05,3.630709889417e+04,1.806755728594e+04,-6.495562054598e-01,-8.685205160447e-02,-7.313367075163e-02,-3.674674488314e+05,1.128318840105e+05,0.000000000000e+00,8.339039190538e+04
2.352324597e+05,-3.399263877664e+05,3.627574324932e+04,1.804111730789e+04,-6.484090914257e-01,-8.675127678004e-02,-7.325401609025e-02,-3.675758900543e+05,1.124781092072e+05,0.000000000000e+00,8.304683900100e+04
2.355922165e+05,-3.401594521876e+05,3.624455228457e+04,1.801474206071e+04,-6.472689133817e-01,-8.664861679600e-02,-7.337425378424e-02,-3.676835497907e+05,1.121256759771e+05,0.000000000000e+00,8.270460575578e+04
2.359504604e+05,-3.403911293061e+05,3.621352959827e+04,1.798843467506e+04,-6.461357639753e-01,-8.654408884713e-02,-7.349437676432e-02,-3.677904210025e+05,1.117746224274e+05,0.000000000000e+00,8.236372816391e+04
2.363072080e+05,-3.406214357343e+05,3.618267411218e+04,1.796219433678e+04,-6.450095654791e-01,-8.643769489901e-02,-7.361439587450e-02,-3.678965127501e+05,1.114249339526e+05,0.000000000000e+00,8.202419105061e+04
2.366624497e+05,-3.408503711815e+05,3.615198699508e+04,1.793602214382e+04,-6.438903228584e-01,-8.632944455255e-02,-7.373431316448e-02,-3.680018262997e+05,1.110766214831e+05,0.000000000000e+00,8.168600405540e+04
2.370161964e+05,-3.410779483985e+05,3.612146765191e+04,1.790991769827e+04,-6.427779773320e-01,-8.621934131329e-02,-7.385413747013e-02,-3.681063689237e+05,1.107296760487e+05,0.000000000000e+00,8.134915751387e+04
2.373684586e+05,-3.413041800076e+05,3.609111548706e+04,1.788388059950e+04,-6.416724707929e-01,-8.610738846448e-02,-7.397387760335e-02,-3.682101478208e+05,1.103840887166e+05,0.000000000000e+00,8.101364181759e+04
2.377192456e+05,-3.415290776348e+05,3.606093002127e+04,1.785791054478e+04,-6.405737500451e-01,-8.599358951278e-02,-7.409354189033e-02,-3.683131697193e+05,1.100398519233e+05,0.000000000000e+00,8.067944870659e+04
2.380685605e+05,-3.417526487914e+05,3.603091131099e+04,1.783200769313e+04,-6.394817820286e-01,-8.587794986968e-02,-7.421313648742e-02,-3.684154394543e+05,1.096969642775e+05,0.000000000000e+00,8.034657593181e+04
2.384164164e+05,-3.419749074796e+05,3.600105852480e+04,1.780617143827e+04,-6.383965020104e-01,-8.576047141440e-02,-7.433267104347e-02,-3.685169648217e+05,1.093554143087e+05,0.000000000000e+00,8.001501147729e+04
2.387628050e+05,-3.421958539005e+05,3.597137266910e+04,1.778040276677e+04,-6.373179126735e-01,-8.564116319513e-02,-7.445214779327e-02,-3.686177473074e+05,1.090152116451e+05,0.000000000000e+00,7.968476382658e+04
2.391077301e+05,-3.424154958673e+05,3.594185371272e+04,1.775470177480e+04,-6.362459795355e-01,-8.552003028612e-02,-7.457157302948e-02,-3.687177918786e+05,1.086763541537e+05,0.000000000000e+00,7.935583006298e+04
2.394512056e+05,-3.426338477787e+05,3.591250072352e+04,1.772906777419e+04,-6.351806360032e-01,-8.539707393380e-02,-7.469095665348e-02,-3.688171064921e+05,1.083388294139e+05,0.000000000000e+00,7.902819730046e+04
2.397932265e+05,-3.428509117083e+05,3.588331441063e+04,1.770350151075e+04,-6.341218756448e-01,-8.527230215010e-02,-7.481030185113e-02,-3.689156934897e+05,1.080026439353e+05,0.000000000000e+00,7.870187104604e+04
2.401338191e+05,-3.430667096868e+05,3.585429278445e+04,1.767800136707e+04,-6.330695947092e-01,-8.514571130565e-02,-7.492962280441e-02,-3.690135642686e+05,1.076677731997e+05,0.000000000000e+00,7.837682670523e+04
2.404729629e+05,-3.432812339009e+05,3.582543785363e+04,1.765256923772e+04,-6.320238350032e-01,-8.501731504678e-02,-7.504891723382e-02,-3.691107166786e+05,1.073342388665e+05,0.000000000000e+00,7.805308452294e+04
2.408106658e+05,-3.434944946753e+05,3.579674917312e+04,1.762720487064e+04,-6.309845498774e-01,-8.488711649414e-02,-7.516819283798e-02,-3.692071568019e+05,1.070020344026e+05,0.000000000000e+00,7.773063739474e+04
2.411469437e+05,-3.437065071229e+05,3.576822563861e+04,1.760190742769e+04,-6.299516693847e-01,-8.475511554783e-02,-7.528746005290e-02,-3.693028928699e+05,1.066711456672e+05,0.000000000000e+00,7.740947084812e+04
2.414817817e+05,-3.439172669305e+05,3.573986874473e+04,1.757667837867e+04,-6.289252182273e-01,-8.462132410984e-02,-7.540671839189e-02,-3.693979243367e+05,1.063415887400e+05,0.000000000000e+00,7.708959975874e+04
2.418152054e+05,-3.441267954045e+05,3.571167652480e+04,1.755151612057e+04,-6.279050963310e-01,-8.448573784681e-02,-7.552598183832e-02,-3.694922622093e+05,1.060133395731e+05,0.000000000000e+00,7.677100006978e+04
2.421472352e+05,-3.443351102094e+05,3.568364748771e+04,1.752641945902e+04,-6.268912214369e-01,-8.434835408554e-02,-7.564526247464e-02,-3.695859158173e+05,1.056863795834e+05,0.000000000000e+00,7.645365304398e+04
2.424778726e+05,-3.445422172845e+05,3.565578170625e+04,1.750138859400e+04,-6.258835684025e-01,-8.420917750938e-02,-7.576456575590e-02,-3.696788891982e+05,1.053607084314e+05,0.000000000000e+00,7.613755766619e+04
2.428071063e+05,-3.447481143219e+05,3.562808034904e+04,1.747642471985e+04,-6.248821521862e-01,-8.406821848419e-02,-7.588389233182e-02,-3.697711826942e+05,1.050363387067e+05,0.000000000000e+00,7.582272548522e+04
2.431349319e+05,-3.449528035492e+05,3.560054396054e+04,1.745152848402e+04,-6.238869656391e-01,-8.392548458941e-02,-7.600324537576e-02,-3.698627986963e+05,1.047132758561e+05,0.000000000000e+00,7.550916113114e+04
2.434613732e+05,-3.451563044975e+05,3.557317074394e+04,1.742669841799e+04,-6.228979174975e-01,-8.378097118528e-02,-7.612263817734e-02,-3.699537473312e+05,1.043914979086e+05,0.000000000000e+00,7.519684263711e+04
2.437864503e+05,-3.453586345115e+05,3.554595918394e+04,1.740193329327e+04,-6.219149272091e-01,-8.363467451279e-02,-7.624208291742e-02,-3.700440377123e+05,1.040709861276e+05,0.000000000000e+00,7.488575118916e+04
2.441101417e+05,-3.455597848877e+05,3.551891125543e+04,1.737723506002e+04,-6.209380407794e-01,-8.348660954292e-02,-7.636157641488e-02,-3.701336673224e+05,1.037517629464e+05,0.000000000000e+00,7.457590794706e+04
2.444324406e+05,-3.457597560242e+05,3.549202769515e+04,1.735260456110e+04,-6.199672599216e-01,-8.333678511442e-02,-7.648112071985e-02,-3.702226377272e+05,1.034338364091e+05,0.000000000000e+00,7.426732011860e+04
2.447533667e+05,-3.459585648716e+05,3.546530700139e+04,1.732804059244e+04,-6.190025059878e-01,-8.318519761292e-02,-7.660072777808e-02,-3.703109578527e+05,1.031171881609e+05,0.000000000000e+00,7.395996930167e+04
2.450729283e+05,-3.461562210664e+05,3.543874864360e+04,1.730354283386e+04,-6.180437358783e-01,-8.303184854381e-02,-7.672040525274e-02,-3.703986333504e+05,1.028018113273e+05,0.000000000000e+00,7.365384825030e+04
2.453911418e+05,-3.463527392486e+05,3.541235140700e+04,1.727911032931e+04,-6.170908822579e-01,-8.287673520806e-02,-7.684016391749e-02,-3.704856720731e+05,1.024876909123e+05,0.000000000000e+00,7.334894184811e+04
2.457079973e+05,-3.465481177973e+05,3.538611624889e+04,1.725474413330e+04,-6.161439566467e-01,-8.271986757449e-02,-7.696000467333e-02,-3.705720746615e+05,1.021748378079e+05,0.000000000000e+00,7.304526012008e+04
2.460235055e+05,-3.467423677867e+05,3.536004240889e+04,1.723044371429e+04,-6.152029090035e-01,-8.256124554295e-02,-7.707993616055e-02,-3.706578473742e+05,1.018632425357e+05,0.000000000000e+00,7.274279333104e+04
2.463376574e+05,-3.469354880168e+05,3.533413076183e+04,1.720621006830e+04,-6.142677487432e-01,-8.240087897986e-02,-7.719995944638e-02,-3.707429910451e+05,1.015529152260e+05,0.000000000000e+00,7.244155079285e+04
2.466504841e+05,-3.471275019325e+05,3.530837886408e+04,1.718204108843e+04,-6.133383659479e-01,-8.223875713933e-02,-7.732009094766e-02,-3.708275173638e+05,1.012438263094e+05,0.000000000000e+00,7.214150329199e+04
2.469619835e+05,-3.473184125881e+05,3.528278699693e+04,1.715793721196e+04,-6.124147494684e-01,-8.207488590812e-02,-7.744033448806e-02,-3.709114290132e+05,1.009359788549e+05,0.000000000000e+00,7.184265330944e+04
2.472721541e+05,-3.475082232584e+05,3.525735539955e+04,1.713389884560e+04,-6.114968870539e-01,-8.190927110358e-02,-7.756069398508e-02,-3.709947287761e+05,1.006293755340e+05,0.000000000000e+00,7.154500295300e+04
2.475810120e+05,-3.476969479598e+05,3.523208286052e+04,1.710992502637e+04,-6.105847145104e-01,-8.174190905400e-02,-7.768118019409e-02,-3.710774241413e+05,1.003240015781e+05,0.000000000000e+00,7.124853741108e+04
2.478885470e+05,-3.478845847359e+05,3.520697029634e+04,1.708601681002e+04,-6.096782448553e-01,-8.157281009363e-02,-7.780179371250e-02,-3.711595155882e+05,1.000198679681e+05,0.000000000000e+00,7.095326688194e+04
2.481947751e+05,-3.480711473773e+05,3.518201650385e+04,1.706217324174e+04,-6.087774149991e-01,-8.140197043697e-02,-7.792254523054e-02,-3.712410104860e+05,9.971696010888e+04,0.000000000000e+00,7.065917674521e+04
2.484996835e+05,-3.482566322011e+05,3.515722260605e+04,1.703839559077e+04,-6.078822462249e-01,-8.122940218244e-02,-7.804343415655e-02,-3.713219085624e+05,9.941529168878e+04,0.000000000000e+00,7.036627985172e+04
2.488033033e+05,-3.484410621584e+05,3.513258615464e+04,1.701468170439e+04,-6.069926312683e-01,-8.105509258160e-02,-7.816447727117e-02,-3.714022211552e+05,9.911483300191e+04,0.000000000000e+00,7.007454693114e+04
2.491056318e+05,-3.486244396793e+05,3.510810743473e+04,1.699103204677e+04,-6.061085619291e-01,-8.087904768130e-02,-7.828567806602e-02,-3.714819506352e+05,9.881558759781e+04,0.000000000000e+00,6.978398101170e+04
2.494066581e+05,-3.488067620153e+05,3.508378740980e+04,1.696744775131e+04,-6.052300549059e-01,-8.070127877341e-02,-7.840703651899e-02,-3.715610971307e+05,9.851756746404e+04,0.000000000000e+00,6.949459332716e+04
2.497063986e+05,-3.489880430909e+05,3.505962480745e+04,1.694392779124e+04,-6.043570465208e-01,-8.052178098798e-02,-7.852856367042e-02,-3.716396680088e+05,9.822075728845e+04,0.000000000000e+00,6.920636861373e+04
2.500048582e+05,-3.491682897380e+05,3.503561929205e+04,1.692047204454e+04,-6.034895072933e-01,-8.034055610182e-02,-7.865026591862e-02,-3.717176675420e+05,9.792515324044e+04,0.000000000000e+00,6.891930276635e+04
2.503020459e+05,-3.493475112216e+05,3.501177019419e+04,1.689708006262e+04,-6.026273960405e-01,-8.015760327781e-02,-7.877215135289e-02,-3.717951010444e+05,9.763074740777e+04,0.000000000000e+00,6.863338772614e+04
2.505979710e+05,-3.495257170452e+05,3.498807680387e+04,1.687375135319e+04,-6.017706704559e-01,-7.997292116339e-02,-7.889422830719e-02,-3.718719739177e+05,9.733753137682e+04,0.000000000000e+00,6.834861495660e+04
2.508926293e+05,-3.497029082532e+05,3.496453952572e+04,1.685048652358e+04,-6.009193288925e-01,-7.978651708455e-02,-7.901649934529e-02,-3.719482879071e+05,9.704551057627e+04,0.000000000000e+00,6.806498937489e+04
2.511860304e+05,-3.498790945264e+05,3.494115760630e+04,1.682728504248e+04,-6.000733281769e-01,-7.959838931961e-02,-7.913897297534e-02,-3.720240484749e+05,9.675467614717e+04,0.000000000000e+00,6.778250203177e+04
2.514781789e+05,-3.500542821729e+05,3.491793073099e+04,1.680414681167e+04,-5.992326413455e-01,-7.940853952403e-02,-7.926165543052e-02,-3.720992596200e+05,9.646502469934e+04,0.000000000000e+00,6.750114929882e+04
2.517690716e+05,-3.502284730310e+05,3.489485916730e+04,1.678107231810e+04,-5.983972628575e-01,-7.921697421114e-02,-7.938454980685e-02,-3.721739234187e+05,9.617656017532e+04,0.000000000000e+00,6.722093468036e+04
2.520587293e+05,-3.504016831452e+05,3.487194129207e+04,1.675806015770e+04,-5.975671190433e-01,-7.902368411920e-02,-7.950766927070e-02,-3.722480480260e+05,9.588926290679e+04,0.000000000000e+00,6.694183875417e+04
2.523471463e+05,-3.505739126589e+05,3.484917757885e+04,1.673511102532e+04,-5.967422124827e-01,-7.882867738781e-02,-7.963101579660e-02,-3.723216347737e+05,9.560313948535e+04,0.000000000000e+00,6.666386761619e+04
2.526343260e+05,-3.507451672050e+05,3.482656776406e+04,1.671222488287e+04,-5.959225194031e-01,-7.863195610644e-02,-7.975459523542e-02,-3.723946873416e+05,9.531818735027e+04,0.000000000000e+00,6.638701848136e+04
2.529202882e+05,-3.509154620090e+05,3.480411031039e+04,1.668940039794e+04,-5.951079701489e-01,-7.843351104795e-02,-7.987842045796e-02,-3.724672134851e+05,9.503438787436e+04,0.000000000000e+00,6.611127296282e+04
