# t_sec, x, y, z, vx, vy, vz (GPU nominal)
0.000000000e+00,6.578136300000e+03,0.000000000000e+00,0.000000000000e+00,-0.000000000000e+00,9.600428529247e+00,5.212607388926e+00
3.045493819e+01,6.573859725129e+03,2.923171095448e+02,1.587151361144e+02,-2.807271880681e-01,9.594191011154e+00,5.209210388410e+00
6.046388157e+01,6.561300539743e+03,5.799843622849e+02,3.149049983211e+02,-5.559602180458e-01,9.575918444419e+00,5.199259068438e+00
9.383125088e+01,6.537686037715e+03,8.989774137206e+02,4.881018746444e+02,-8.587579251902e-01,9.541743452990e+00,5.180647556232e+00
1.261997010e+02,6.505199046255e+03,1.207109197075e+03,6.553994907150e+02,-1.147640826898e+00,9.495112838112e+00,5.155253504160e+00
1.577380384e+02,6.464643319215e+03,1.505691678542e+03,8.175097118392e+02,-1.423096704505e+00,9.437517084652e+00,5.123889223498e+00
1.886396122e+02,6.416585743141e+03,1.796311683158e+03,9.752937212918e+02,-1.686028003796e+00,9.370138125747e+00,5.087199027488e+00
2.190760234e+02,6.361425154230e+03,2.080369207518e+03,1.129511316884e+03,-1.937261806159e+00,9.293940454115e+00,5.045708825532e+00
2.491913726e+02,6.299445145236e+03,2.359012580878e+03,1.280785691105e+03,-2.177462021376e+00,9.209742231435e+00,4.999864831503e+00
2.828369119e+02,6.221815783892e+03,2.667165960255e+03,1.448076001532e+03,-2.435138761406e+00,9.106345951681e+00,4.943571602060e+00
3.163729901e+02,6.136009678397e+03,2.970706478084e+03,1.612856516894e+03,-2.680073696504e+00,8.994642561120e+00,4.882760142928e+00
3.499232373e+02,6.042154751142e+03,3.270498748164e+03,1.775596367637e+03,-2.912715913182e+00,8.875458257685e+00,4.817881184383e+00
3.835956072e+02,5.940324535968e+03,3.567252739454e+03,1.936680745212e+03,-3.133430456144e+00,8.749553543427e+00,4.749349603159e+00
4.137072746e+02,5.843138921039e+03,3.828964421124e+03,2.078738028883e+03,-3.319859112870e+00,8.632569615456e+00,4.685678912386e+00
4.440537135e+02,5.739674233450e+03,4.089099751362e+03,2.219934436546e+03,-3.497302469126e+00,8.511303127766e+00,4.619682586499e+00
4.746927982e+02,5.629909869265e+03,4.347967640418e+03,2.360437528984e+03,-3.665940207845e+00,8.386197577844e+00,4.551602470031e+00
5.056792309e+02,5.513809429457e+03,4.605839048396e+03,2.500394271762e+03,-3.825943585947e+00,8.257674866969e+00,4.481668584679e+00
5.370658537e+02,5.391320538549e+03,4.862957988615e+03,2.639937007533e+03,-3.977482284058e+00,8.126134659340e+00,4.410098781180e+00
5.689034485e+02,5.262379373799e+03,5.119539834351e+03,2.779182537223e+03,-4.120723093543e+00,7.991958953478e+00,4.337101228087e+00
6.012412737e+02,5.126911983907e+03,5.375775897889e+03,2.918234605613e+03,-4.255832727063e+00,7.855512862893e+00,4.262874838183e+00
6.341281230e+02,4.984832631201e+03,5.631841887200e+03,3.057188490829e+03,-4.382982102079e+00,7.717142533683e+00,4.187608138185e+00
6.676117991e+02,4.836048287110e+03,5.887893703724e+03,3.196128724044e+03,-4.502343720634e+00,7.577179298905e+00,4.111481531767e+00
7.017400734e+02,4.680456513690e+03,6.144074920316e+03,3.335133147546e+03,-4.614095014804e+00,7.435937236793e+00,4.034665974788e+00
7.321687930e+02,4.538642178726e+03,6.368444272517e+03,3.456871404364e+03,-4.705777726478e+00,7.311535464672e+00,3.967014574819e+00
7.631591353e+02,4.391455751429e+03,6.593090167995e+03,3.578755017464e+03,-4.791895543627e+00,7.186575249079e+00,3.899064559575e+00
7.947434261e+02,4.238814772672e+03,6.818088085352e+03,3.700824902337e+03,-4.872575617169e+00,7.061237306747e+00,3.830914203051e+00
8.269540487e+02,4.080634090329e+03,7.043506630326e+03,3.823118245634e+03,-4.947946800026e+00,6.935694364111e+00,3.762657405623e+00
8.598230611e+02,3.916828443680e+03,7.269405011445e+03,3.945667135913e+03,-5.018138759556e+00,6.810112952053e+00,3.694384671930e+00
8.933838252e+02,3.747304920324e+03,7.495844306048e+03,4.068504675517e+03,-5.083285274686e+00,6.684647484829e+00,3.626179894105e+00
9.276691489e+02,3.571972696570e+03,7.722874653247e+03,4.191658032806e+03,-5.143519913247e+00,6.559447697932e+00,3.558124397751e+00
9.627124806e+02,3.390737568831e+03,7.950543523588e+03,4.315152928500e+03,-5.198978359664e+00,6.434654336883e+00,3.490294600351e+00
9.933790687e+02,3.230619682886e+03,8.146232386842e+03,4.421296986822e+03,-5.242817163094e+00,6.328111392311e+00,3.432388314568e+00
1.024649616e+03,3.066029794915e+03,8.342450703347e+03,4.527724658501e+03,-5.283335040209e+00,6.222042063857e+00,3.374742827832e+00
1.056545600e+03,2.896907569104e+03,8.539218880417e+03,4.634446994576e+03,-5.320618701586e+00,6.116522769755e+00,3.317399593529e+00
1.089090071e+03,2.723185060525e+03,8.736563363062e+03,4.741478320553e+03,-5.354756668569e+00,6.011621617927e+00,3.260395541224e+00
1.122304738e+03,2.544802345962e+03,8.934498756747e+03,4.848826540314e+03,-5.385835828198e+00,5.907408083141e+00,3.203768336440e+00
1.156213158e+03,2.361690681570e+03,9.133047174891e+03,4.956503629433e+03,-5.413944676632e+00,5.803942831544e+00,3.147550852101e+00
1.190838044e+03,2.173787017405e+03,9.332222157374e+03,5.064516913436e+03,-5.439170561190e+00,5.701286330662e+00,3.091775847952e+00
1.226203402e+03,1.981022651659e+03,9.532041198085e+03,5.172875861836e+03,-5.461601377793e+00,5.599492421230e+00,3.036472478595e+00
1.256257114e+03,1.816626117813e+03,9.699057108388e+03,5.263443389635e+03,-5.478221362028e+00,5.515361197031e+00,2.990767246260e+00
1.286855560e+03,1.648769504177e+03,9.866536027355e+03,5.354259478377e+03,-5.493011097498e+00,5.431893011578e+00,2.945424188260e+00
1.318013008e+03,1.477413451891e+03,1.003448463288e+04,5.445327738801e+03,-5.506020594048e+00,5.349113890584e+00,2.900457382975e+00
1.349743610e+03,1.302520107788e+03,1.020290736110e+04,5.536650565876e+03,-5.517299441826e+00,5.267048981190e+00,2.855880430381e+00
1.382062051e+03,1.124049562990e+03,1.037180992727e+04,5.628231047961e+03,-5.526897029516e+00,5.185720869324e+00,2.811705538275e+00
1.414983606e+03,9.419595848311e+02,1.054119945360e+04,5.720073035976e+03,-5.534862410468e+00,5.105149622822e+00,2.767943546046e+00
1.448522493e+03,7.562147538081e+02,1.071107605274e+04,5.812176580047e+03,-5.541243892810e+00,5.025356829393e+00,2.724606118067e+00
1.482694034e+03,5.667745546501e+02,1.088144401619e+04,5.904543995873e+03,-5.546089565117e+00,4.946360299135e+00,2.681702866557e+00
1.517513366e+03,3.736005396802e+02,1.105230518028e+04,5.997176267784e+03,-5.549446939937e+00,4.868177271923e+00,2.639243093865e+00
1.552996661e+03,1.766495826148e+02,1.122366493594e+04,6.090076306964e+03,-5.551363043377e+00,4.790821714278e+00,2.597234324624e+00
1.589159523e+03,-2.411718298512e+01,1.139552434408e+04,6.183244676773e+03,-5.551884223168e+00,4.714307981662e+00,2.555684294846e+00
1.626018059e+03,-2.287402729311e+02,1.156788540508e+04,6.276682449640e+03,-5.551056228661e+00,4.638648453153e+00,2.514599667512e+00
1.663588348e+03,-4.372588951517e+02,1.174074854382e+04,6.370389843623e+03,-5.548924167041e+00,4.563854706160e+00,2.473986670634e+00
1.694168111e+03,-6.069056246395e+02,1.187940114726e+04,6.445550200948e+03,-5.546309471690e+00,4.504649789738e+00,2.441839456156e+00
1.725221897e+03,-7.790886276748e+02,1.201837328983e+04,6.520882130633e+03,-5.542911120203e+00,4.446010979078e+00,2.410000537528e+00
1.756759280e+03,-9.538337459498e+02,1.215766928680e+04,6.596387965175e+03,-5.538751145736e+00,4.387940533327e+00,2.378471112337e+00
1.788788992e+03,-1.131161621615e+03,1.229728901623e+04,6.672067631637e+03,-5.533851349282e+00,4.330442082748e+00,2.347253122980e+00
1.821319216e+03,-1.311089353428e+03,1.243722946336e+04,6.747919488962e+03,-5.528233341339e+00,4.273519912419e+00,2.316348867663e+00
1.854358975e+03,-1.493638148466e+03,1.257749073595e+04,6.823943588553e+03,-5.521918316545e+00,4.217176507869e+00,2.285759667881e+00
1.887918361e+03,-1.678834578258e+03,1.271807682431e+04,6.900142085982e+03,-5.514926928595e+00,4.161412354269e+00,2.255485759527e+00
1.922006052e+03,-1.866696861856e+03,1.285898514018e+04,6.976513570983e+03,-5.507279787597e+00,4.106230123953e+00,2.225528566311e+00
1.956630519e+03,-2.057241528970e+03,1.300021180934e+04,7.053055936288e+03,-5.498997279905e+00,4.051632497129e+00,2.195889516556e+00
1.991801483e+03,-2.250491453257e+03,1.314175759518e+04,7.129769588049e+03,-5.490099200605e+00,3.997619903284e+00,2.166568817132e+00
2.027528259e+03,-2.446466703000e+03,1.328362104336e+04,7.206653730313e+03,-5.480605122961e+00,3.944193220392e+00,2.137566918811e+00
2.063821336e+03,-2.645193208285e+03,1.342580477211e+04,7.283709774095e+03,-5.470533980955e+00,3.891351415681e+00,2.108883235600e+00
2.100690495e+03,-2.846692417681e+03,1.356830796296e+04,7.360937267647e+03,-5.459904563097e+00,3.839094399115e+00,2.080517693735e+00
2.138144206e+03,-3.050978056536e+03,1.371112429936e+04,7.438332779563e+03,-5.448735739792e+00,3.787423696490e+00,2.052471096958e+00
2.176192790e+03,-3.258073376711e+03,1.385425413068e+04,7.515896490828e+03,-5.437045540164e+00,3.736338020678e+00,2.024742722579e+00
2.214847345e+03,-3.468005252258e+03,1.399770008474e+04,7.593629816874e+03,-5.424851413848e+00,3.685834985119e+00,1.997331251670e+00
2.254117726e+03,-3.680793154406e+03,1.414145952990e+04,7.671531322803e+03,-5.412170872364e+00,3.635913773837e+00,1.970236218276e+00
2.294013488e+03,-3.896454369716e+03,1.428552833053e+04,7.749598758634e+03,-5.399021223631e+00,3.586573753556e+00,1.943457256044e+00
2.324353002e+03,-4.060104246284e+03,1.439378570507e+04,7.808259716855e+03,-5.388860864117e+00,3.549947805041e+00,1.923579172753e+00
2.355054915e+03,-4.225393120939e+03,1.450221670272e+04,7.867013790620e+03,-5.378452851418e+00,3.513646513977e+00,1.903877629890e+00
2.386124271e+03,-4.392333042703e+03,1.461082258195e+04,7.925861657847e+03,-5.367803802005e+00,3.477668298123e+00,1.884351759700e+00
2.417563852e+03,-4.560923738818e+03,1.471959658776e+04,7.984799654368e+03,-5.356921013522e+00,3.442014133886e+00,1.865002083184e+00
2.449380382e+03,-4.731185871304e+03,1.482854547254e+04,8.043831434816e+03,-5.345810327307e+00,3.406680478392e+00,1.845826668846e+00
2.481577822e+03,-4.903125071545e+03,1.493766621341e+04,8.102955357104e+03,-5.334478439914e+00,3.371666936822e+00,1.826825293820e+00
2.514160970e+03,-5.076751256443e+03,1.504695851652e+04,8.162171257793e+03,-5.322931662702e+00,3.336972149055e+00,1.807997211522e+00
2.547134879e+03,-5.252075490055e+03,1.515642275513e+04,8.221479334808e+03,-5.311176120634e+00,3.302594483625e+00,1.789341528270e+00
2.580503297e+03,-5.429101687954e+03,1.526605482525e+04,8.280877360248e+03,-5.299218312822e+00,3.268533641528e+00,1.770858073609e+00
2.614271758e+03,-5.607843051568e+03,1.537585637990e+04,8.340366225325e+03,-5.287064008385e+00,3.234787455976e+00,1.752545663653e+00
2.648445206e+03,-5.788309443503e+03,1.548582693667e+04,8.399945664188e+03,-5.274719092914e+00,3.201354377803e+00,1.734403449827e+00
2.683027995e+03,-5.970507377762e+03,1.559596395575e+04,8.459614296297e+03,-5.262189577346e+00,3.168233419328e+00,1.716430888390e+00
2.718024043e+03,-6.154440925978e+03,1.570626346243e+04,8.519369963756e+03,-5.249481541299e+00,3.135423939443e+00,1.698627623781e+00
2.753440320e+03,-6.340129956761e+03,1.581673091167e+04,8.579215617210e+03,-5.236599868374e+00,3.102922444596e+00,1.680991752780e+00
2.789281271e+03,-6.527580849595e+03,1.592736359984e+04,8.639149787209e+03,-5.223550269294e+00,3.070727833342e+00,1.663522670341e+00
2.825553620e+03,-6.716811666502e+03,1.603816566418e+04,8.699174710204e+03,-5.210337539589e+00,3.038836974440e+00,1.646218670179e+00
2.862259395e+03,-6.907815761075e+03,1.614912675663e+04,8.759284775463e+03,-5.196968100315e+00,3.007250854673e+00,1.629080280589e+00
2.899406624e+03,-7.100617540203e+03,1.626025462243e+04,8.819484173837e+03,-5.183446102922e+00,2.975965233034e+00,1.612105193417e+00
2.936998197e+03,-7.295214463131e+03,1.637154135720e+04,8.879768618417e+03,-5.169777487462e+00,2.944980268073e+00,1.595293487805e+00
2.975042108e+03,-7.491630220781e+03,1.648299406975e+04,8.940141954980e+03,-5.155966255546e+00,2.914291882135e+00,1.578642944551e+00
3.013541274e+03,-7.689862024958e+03,1.659460473973e+04,9.000599833787e+03,-5.142018173220e+00,2.883900155450e+00,1.562153600546e+00
3.052503037e+03,-7.889929686087e+03,1.670637811101e+04,9.061144819309e+03,-5.127937322457e+00,2.853801629401e+00,1.545823572754e+00
3.091930828e+03,-8.091832685637e+03,1.681830749623e+04,9.121773283877e+03,-5.113729121688e+00,2.823995907729e+00,1.529652639772e+00
3.131832214e+03,-8.295591470612e+03,1.693039784211e+04,9.182487901621e+03,-5.099397421257e+00,2.794479448662e+00,1.513638873731e+00
3.172209510e+03,-8.501199448571e+03,1.704263918041e+04,9.243283267791e+03,-5.084947881354e+00,2.765252612933e+00,1.497782464148e+00
3.213072376e+03,-8.708687211717e+03,1.715504185335e+04,9.304164978759e+03,-5.070383457904e+00,2.736310429150e+00,1.482080707818e+00
3.254424889e+03,-8.918056668091e+03,1.726760046735e+04,9.365130107502e+03,-5.055709034409e+00,2.707652015236e+00,1.466533120247e+00
3.296271032e+03,-9.129309103664e+03,1.738030939988e+04,9.426175603102e+03,-5.040929446582e+00,2.679276471920e+00,1.451139207699e+00
3.338619305e+03,-9.342468383281e+03,1.749317504727e+04,9.487304924246e+03,-5.026047863443e+00,2.651179850767e+00,1.435896822364e+00
3.381473582e+03,-9.557534778696e+03,1.760619120129e+04,9.548514702690e+03,-5.011069018375e+00,2.623361350993e+00,1.420805524171e+00
3.424841644e+03,-9.774527975598e+03,1.771936186509e+04,9.609807100667e+03,-4.995996206843e+00,2.595817624052e+00,1.405863491015e+00
3.468728434e+03,-9.993453157872e+03,1.783268338192e+04,9.671180131732e+03,-4.980833651736e+00,2.568547192063e+00,1.391069915728e+00
3.513138584e+03,-1.021431378125e+04,1.794615125693e+04,9.732631355588e+03,-4.965585609229e+00,2.541548730799e+00,1.376424074586e+00
3.558081689e+03,-1.043713772385e+04,1.805977347368e+04,9.794165089794e+03,-4.950254571026e+00,2.514817945649e+00,1.361923632644e+00
3.588341063e+03,-1.058677391367e+04,1.813560227093e+04,9.835230657280e+03,-4.939990178728e+00,2.497146145542e+00,1.352337453933e+00
3.618840447e+03,-1.073728340530e+04,1.821149535097e+04,9.876330555394e+03,-4.929692042186e+00,2.479592536192e+00,1.342815472119e+00
3.649584053e+03,-1.088868097376e+04,1.828745826988e+04,9.917467791137e+03,-4.919360400706e+00,2.462155123239e+00,1.333356603876e+00
3.680570432e+03,-1.104095345191e+04,1.836348254540e+04,9.958637769097e+03,-4.908997386254e+00,2.444835137063e+00,1.323961515152e+00
3.711802400e+03,-1.119410865589e+04,1.843957024819e+04,9.999841608778e+03,-4.898603681598e+00,2.427631372917e+00,1.314629550981e+00
3.743282865e+03,-1.134815476820e+04,1.851572357648e+04,1.004108049866e+04,-4.888179933554e+00,2.410542612369e+00,1.305360049006e+00
3.775013284e+03,-1.150309278918e+04,1.859194114818e+04,1.008235368838e+04,-4.877727262260e+00,2.393568446873e+00,1.296152786201e+00
3.806995417e+03,-1.165892516741e+04,1.866822230262e+04,1.012366081822e+04,-4.867246674500e+00,2.376708300465e+00,1.287007448748e+00
3.839231599e+03,-1.181565710214e+04,1.874456771573e+04,1.016500225224e+04,-4.856738978134e+00,2.359961301600e+00,1.277923562515e+00
3.871722083e+03,-1.197328362869e+04,1.882097312269e+04,1.020637567906e+04,-4.846205646837e+00,2.343327655798e+00,1.268901237612e+00
3.904470504e+03,-1.213181616237e+04,1.889744221059e+04,1.024778309327e+04,-4.835647044035e+00,2.326805830190e+00,1.259939641232e+00
3.937478809e+03,-1.229125784621e+04,1.897397462089e+04,1.028922429869e+04,-4.825064074932e+00,2.310395181629e+00,1.251038423193e+00
3.970748485e+03,-1.245160956557e+04,1.905056891311e+04,1.033069851329e+04,-4.814457780248e+00,2.294095295401e+00,1.242197357235e+00
4.004280626e+03,-1.261287027355e+04,1.912722274529e+04,1.037220446694e+04,-4.803829312275e+00,2.277905938737e+00,1.233416315794e+00
4.038078889e+03,-1.277505119977e+04,1.920393960094e+04,1.041374404380e+04,-4.793179001246e+00,2.261825649254e+00,1.224694504391e+00
4.072146120e+03,-1.293815957810e+04,1.928072100665e+04,1.045531806836e+04,-4.782507432996e+00,2.245853394045e+00,1.216031361521e+00
4.106480318e+03,-1.310217942233e+04,1.935755759472e+04,1.049692146631e+04,-4.771816695086e+00,2.229990392185e+00,1.207427547130e+00
4.141086777e+03,-1.326712959503e+04,1.943445637188e+04,1.053855802939e+04,-4.761106584790e+00,2.214234464027e+00,1.198881877769e+00
4.175966346e+03,-1.343300764836e+04,1.951141433389e+04,1.058022612885e+04,-4.750378278031e+00,2.198585503629e+00,1.190394294747e+00
4.211121637e+03,-1.359981949309e+04,1.958843237074e+04,1.062192624440e+04,-4.739632395097e+00,2.183042605852e+00,1.181964305926e+00
4.246555257e+03,-1.376757093947e+04,1.966551129583e+04,1.066365881430e+04,-4.728869553159e+00,2.167604888632e+00,1.173591431704e+00
4.282268205e+03,-1.393626013522e+04,1.974264839795e+04,1.070542236842e+04,-4.718090848549e+00,2.152272175161e+00,1.165275575000e+00
4.318264254e+03,-1.410589828033e+04,1.981984692977e+04,1.074721866562e+04,-4.707296531407e+00,2.137043102783e+00,1.157015995593e+00
4.354543823e+03,-1.427648069022e+04,1.989710289125e+04,1.078904553799e+04,-4.696487852900e+00,2.121917745392e+00,1.148812732403e+00
4.391109190e+03,-1.444801141242e+04,1.997441627136e+04,1.083090297736e+04,-4.685665494186e+00,2.106895383694e+00,1.140665394170e+00
4.427962587e+03,-1.462049422084e+04,2.005178692323e+04,1.087279090196e+04,-4.674830142833e+00,2.091975327278e+00,1.132573605320e+00
4.465105201e+03,-1.479392795666e+04,2.012921249219e+04,1.091470803475e+04,-4.663982783361e+00,2.077157308728e+00,1.124537219697e+00
4.502540582e+03,-1.496832244051e+04,2.020669552120e+04,1.095665575020e+04,-4.653123701931e+00,2.062440123318e+00,1.116555582823e+00
4.540270578e+03,-1.514367948001e+04,2.028423495636e+04,1.099863347544e+04,-4.642253676426e+00,2.047823259494e+00,1.108628416171e+00
4.578298843e+03,-1.532000920947e+04,2.036183340549e+04,1.104064261992e+04,-4.631372959443e+00,2.033305520324e+00,1.100755069530e+00
4.616625227e+03,-1.549730405766e+04,2.043948567653e+04,1.108268037051e+04,-4.620482885522e+00,2.018887169506e+00,1.092935684842e+00
4.655251888e+03,-1.567556714509e+04,2.051719131116e+04,1.112474647676e+04,-4.609584113984e+00,2.004567575827e+00,1.085169918723e+00
4.694183132e+03,-1.585481141708e+04,2.059495409806e+04,1.116684298731e+04,-4.598676696872e+00,1.990345335162e+00,1.077457008649e+00
4.733418751e+03,-1.603502896270e+04,2.067276875617e+04,1.120896704090e+04,-4.587761947015e+00,1.976220707776e+00,1.069797094729e+00
4.772963448e+03,-1.621623440347e+04,2.075063975007e+04,1.125112105196e+04,-4.576839799083e+00,1.962192179442e+00,1.062189354761e+00
4.812818829e+03,-1.639842805219e+04,2.082856534042e+04,1.129330407650e+04,-4.565911046918e+00,1.948259368761e+00,1.054633580904e+00
4.852986793e+03,-1.658161152345e+04,2.090654435904e+04,1.133551547967e+04,-4.554976393321e+00,1.934421787483e+00,1.047129507381e+00
4.893468957e+03,-1.676578512141e+04,2.098457509137e+04,1.137775433090e+04,-4.544036606838e+00,1.920679040591e+00,1.039676918985e+00
4.934268586e+03,-1.695095658478e+04,2.106265896832e+04,1.142002140229e+04,-4.533092004347e+00,1.907030179960e+00,1.032275300577e+00
4.975386991e+03,-1.713712472709e+04,2.114079364239e+04,1.146231542061e+04,-4.522143421838e+00,1.893474921789e+00,1.024924497289e+00
5.016829040e+03,-1.732430437963e+04,2.121898347086e+04,1.150463874191e+04,-4.511190745528e+00,1.880011823731e+00,1.017623726003e+00
5.058594560e+03,-1.751248753743e+04,2.129722324250e+04,1.154698854284e+04,-4.500235191956e+00,1.866641098827e+00,1.010373101305e+00
5.100687349e+03,-1.770168406563e+04,2.137551520627e+04,1.158936603814e+04,-4.489276922523e+00,1.853361676598e+00,1.003172041763e+00
5.143108965e+03,-1.789189367650e+04,2.145385738249e+04,1.163177015368e+04,-4.478316680754e+00,1.840173211154e+00,9.960203588879e-01
5.185862281e+03,-1.808312193756e+04,2.153225020824e+04,1.167420112343e+04,-4.467354862038e+00,1.827074948268e+00,9.889176427704e-01
5.228949142e+03,-1.827536975791e+04,2.161069220126e+04,1.171665814245e+04,-4.456392120439e+00,1.814066457021e+00,9.818636588341e-01
5.272370862e+03,-1.846863564700e+04,2.168918091968e+04,1.175913988647e+04,-4.445429234055e+00,1.801147460547e+00,9.748582560468e-01
5.316132836e+03,-1.866293620825e+04,2.176772124913e+04,1.180164899715e+04,-4.434465948246e+00,1.788316481541e+00,9.679006324460e-01
5.360234114e+03,-1.885825977832e+04,2.184630662309e+04,1.184418191774e+04,-4.423503597915e+00,1.775573920715e+00,9.609910044410e-01
5.404680918e+03,-1.905462644990e+04,2.192494326928e+04,1.188674201617e+04,-4.412541723486e+00,1.762918099721e+00,9.541284610844e-01
5.449472463e+03,-1.925202522718e+04,2.200362492178e+04,1.192932589843e+04,-4.401581598607e+00,1.750349362655e+00,9.473131881027e-01
5.494611354e+03,-1.945046009637e+04,2.208235134567e+04,1.197193343468e+04,-4.390623646330e+00,1.737867075287e+00,9.405448407379e-01
5.540101654e+03,-1.964994136174e+04,2.216112478447e+04,1.201456583638e+04,-4.379667936281e+00,1.725470218101e+00,9.338228653291e-01
5.585946495e+03,-1.985047513419e+04,2.223994578037e+04,1.205722339413e+04,-4.368714766827e+00,1.713158051203e+00,9.271468598534e-01
5.632146836e+03,-2.005205796466e+04,2.231881111848e+04,1.209990436525e+04,-4.357764949577e+00,1.700930421838e+00,9.205167406594e-01
5.678706212e+03,-2.025469760923e+04,2.239772198114e+04,1.214260938677e+04,-4.346818676524e+00,1.688786492578e+00,9.139320528581e-01
5.725627704e+03,-2.045839976556e+04,2.247667871724e+04,1.218533864461e+04,-4.335876247498e+00,1.676725562641e+00,9.073924156673e-01
5.772912699e+03,-2.066316269848e+04,2.255567879239e+04,1.222809076435e+04,-4.324938353441e+00,1.664747372726e+00,9.008976876921e-01
5.820564362e+03,-2.086899235848e+04,2.263472264787e+04,1.227086598189e+04,-4.314005264569e+00,1.652851210369e+00,8.944474818352e-01
5.868585896e+03,-2.107589476278e+04,2.271381072647e+04,1.231366453391e+04,-4.303077243273e+00,1.641036369313e+00,8.880414143767e-01
5.916977922e+03,-2.128386475165e+04,2.279293920406e+04,1.235648434804e+04,-4.292155133115e+00,1.629302780071e+00,8.816794468656e-01
5.965744207e+03,-2.149291067952e+04,2.287210941732e+04,1.239932614468e+04,-4.281239056565e+00,1.617649604082e+00,8.753611238647e-01
6.014889332e+03,-2.170304424716e+04,2.295132392100e+04,1.244219130326e+04,-4.270328961693e+00,1.606075835866e+00,8.690858994484e-01
6.064415384e+03,-2.191426639909e+04,2.303058117979e+04,1.248507898991e+04,-4.259425353132e+00,1.594581076409e+00,8.628535565272e-01
6.114322403e+03,-2.212656934595e+04,2.310987641560e+04,1.252798661608e+04,-4.248529172625e+00,1.583165389680e+00,8.566641290392e-01
6.164614750e+03,-2.233996365492e+04,2.318921173081e+04,1.257091531635e+04,-4.237640407856e+00,1.571827844322e+00,8.505171112773e-01
6.215294082e+03,-2.255444833873e+04,2.326858490688e+04,1.261386388720e+04,-4.226759632753e+00,1.560568133147e+00,8.444123359586e-01
6.266366508e+03,-2.277004115852e+04,2.334800063999e+04,1.265683486655e+04,-4.215886466644e+00,1.549384974205e+00,8.383491073170e-01
6.317832123e+03,-2.298673437211e+04,2.342745419386e+04,1.269982568850e+04,-4.205021814215e+00,1.538278423188e+00,8.323274548343e-01
6.369694157e+03,-2.320453345672e+04,2.350694571605e+04,1.274283642972e+04,-4.194165903582e+00,1.527247845684e+00,8.263470338408e-01
6.421953140e+03,-2.342343248525e+04,2.358647120116e+04,1.278586491985e+04,-4.183319522345e+00,1.516293182478e+00,8.204078115292e-01
6.474614837e+03,-2.364344743309e+04,2.366603460299e+04,1.282891329496e+04,-4.172482365256e+00,1.505413278521e+00,8.145091609756e-01
6.527683044e+03,-2.386458587677e+04,2.374563676987e+04,1.287198201076e+04,-4.161654545619e+00,1.494607419263e+00,8.086506940946e-01
6.581157669e+03,-2.408683914601e+04,2.382527270948e+04,1.291506836289e+04,-4.150836963880e+00,1.483875682281e+00,8.028324522624e-01
6.635043570e+03,-2.431021913188e+04,2.390494482057e+04,1.295817364587e+04,-4.140029508583e+00,1.473217144981e+00,7.970539346168e-01
6.689342886e+03,-2.453472634949e+04,2.398465141147e+04,1.300129694115e+04,-4.129232617622e+00,1.462631440048e+00,7.913149413484e-01
6.744057977e+03,-2.476036218318e+04,2.406439111078e+04,1.304443750340e+04,-4.118446678240e+00,1.452118156187e+00,7.856152488120e-01
6.799193448e+03,-2.498713720847e+04,2.414416578084e+04,1.308759633682e+04,-4.107671634175e+00,1.441676459800e+00,7.799544044214e-01
6.854751578e+03,-2.521505232508e+04,2.422397385228e+04,1.313077258892e+04,-4.096907887260e+00,1.431305973307e+00,7.743322028269e-01
6.910733700e+03,-2.544410452749e+04,2.430381240881e+04,1.317396467859e+04,-4.086156013559e+00,1.421006490958e+00,7.687485318376e-01
6.967145400e+03,-2.567430815450e+04,2.438368457408e+04,1.321717429223e+04,-4.075415769520e+00,1.410777030051e+00,7.632028580596e-01
7.023988538e+03,-2.590566221996e+04,2.446358811642e+04,1.326040021904e+04,-4.064687627010e+00,1.400617302563e+00,7.576950247161e-01
7.081265253e+03,-2.613816684995e+04,2.454352120868e+04,1.330364146706e+04,-4.053971996375e+00,1.390526966017e+00,7.522248455126e-01
7.138978587e+03,-2.637182578875e+04,2.462348327472e+04,1.334689772111e+04,-4.043269113693e+00,1.380505519735e+00,7.467920483969e-01
7.197132966e+03,-2.660664829624e+04,2.470347560585e+04,1.339016967615e+04,-4.032578959849e+00,1.370552234137e+00,7.413962372343e-01
7.255729676e+03,-2.684263088129e+04,2.478349513805e+04,1.343345567110e+04,-4.021902092221e+00,1.360666925023e+00,7.360373115534e-01
7.314774850e+03,-2.707978949644e+04,2.486354539322e+04,1.347675760748e+04,-4.011238183772e+00,1.350848597108e+00,7.307147311954e-01
7.374269090e+03,-2.731811778212e+04,2.494362233131e+04,1.352007329619e+04,-4.000587910329e+00,1.341097189673e+00,7.254284626428e-01
7.434214842e+03,-2.755761675891e+04,2.502372443037e+04,1.356340191032e+04,-3.989951605150e+00,1.331412329157e+00,7.201783027890e-01
7.464358876e+03,-2.767780985886e+04,2.506378586838e+04,1.358507157880e+04,-3.984638603688e+00,1.326594565590e+00,7.175666070949e-01
7.494617481e+03,-2.779829907912e+04,2.510385404176e+04,1.360674471802e+04,-3.979329082184e+00,1.321793178125e+00,7.149637970682e-01
7.524990512e+03,-2.791908272649e+04,2.514392815257e+04,1.362842089589e+04,-3.974023161312e+00,1.317008193645e+00,7.123698872086e-01
7.555478921e+03,-2.804016347722e+04,2.518400885376e+04,1.365010046512e+04,-3.968720769229e+00,1.312239465647e+00,7.097847980246e-01
7.586082504e+03,-2.816153941208e+04,2.522409527515e+04,1.367178295457e+04,-3.963422035336e+00,1.307487029279e+00,7.072085484972e-01
7.616802606e+03,-2.828321474769e+04,2.526418857287e+04,1.369346898909e+04,-3.958126820848e+00,1.302750679562e+00,7.046410274365e-01
7.647638881e+03,-2.840518698561e+04,2.530428768623e+04,1.371515799448e+04,-3.952835279614e+00,1.298030474232e+00,7.020822660696e-01
7.678592642e+03,-2.852746020220e+04,2.534439371714e+04,1.373685056628e+04,-3.947547279703e+00,1.293326216326e+00,6.995321575532e-01
7.709662374e+03,-2.865002728794e+04,2.538450409984e+04,1.375854531624e+04,-3.942263172360e+00,1.288638138914e+00,6.969908281597e-01
7.740850397e+03,-2.877289627822e+04,2.542462123007e+04,1.378024353967e+04,-3.936982654613e+00,1.283965894286e+00,6.944580893303e-01
7.772156649e+03,-2.889606578929e+04,2.546474441568e+04,1.380194486172e+04,-3.931705830209e+00,1.279309496705e+00,6.919339487253e-01
7.803580925e+03,-2.901953388491e+04,2.550487279028e+04,1.382364881328e+04,-3.926432825194e+00,1.274668979687e+00,6.894184244436e-01
7.835124216e+03,-2.914330333079e+04,2.554500701714e+04,1.384535575263e+04,-3.921163564202e+00,1.270044199664e+00,6.869114385890e-01
7.866786895e+03,-2.926737445446e+04,2.558514696442e+04,1.386706560795e+04,-3.915898076150e+00,1.265435105579e+00,6.844129634144e-01
7.898568661e+03,-2.939174493362e+04,2.562529164591e+04,1.388877784535e+04,-3.910636501553e+00,1.260841744024e+00,6.819230241073e-01
7.930469660e+03,-2.951641422080e+04,2.566544065416e+04,1.391049224399e+04,-3.905378904451e+00,1.256264094418e+00,6.794416094409e-01
7.962492532e+03,-2.964139148585e+04,2.570559670296e+04,1.393221027109e+04,-3.900124940233e+00,1.251701781827e+00,6.769685161055e-01
7.994636638e+03,-2.976667306856e+04,2.574575837183e+04,1.395393115789e+04,-3.894874805472e+00,1.247154903183e+00,6.745037965759e-01
8.026900218e+03,-2.989225098661e+04,2.578592287123e+04,1.397565339522e+04,-3.889628874565e+00,1.242623707601e+00,6.720475858211e-01
8.059286261e+03,-3.001813572318e+04,2.582609332167e+04,1.399737867024e+04,-3.884386749475e+00,1.238107776832e+00,6.695996570527e-01
8.091794815e+03,-3.014432631341e+04,2.586626917332e+04,1.401910668509e+04,-3.879148511665e+00,1.233607108292e+00,6.671600088030e-01
8.124426712e+03,-3.027082481934e+04,2.590645084056e+04,1.404083766333e+04,-3.873914116547e+00,1.229121591368e+00,6.647285810454e-01
8.157180091e+03,-3.039762287621e+04,2.594663543206e+04,1.406257004079e+04,-3.868683949521e+00,1.224651483452e+00,6.623055132336e-01
8.190057482e+03,-3.052472913630e+04,2.598682545622e+04,1.408430517354e+04,-3.863457692550e+00,1.220196440200e+00,6.598906186459e-01
8.223057794e+03,-3.065213821497e+04,2.602701897419e+04,1.410604201251e+04,-3.858235606045e+00,1.215756611852e+00,6.574839786527e-01
8.256182884e+03,-3.077985612546e+04,2.606721764693e+04,1.412778145545e+04,-3.853017482197e+00,1.211331750369e+00,6.550854587371e-01
8.289433734e+03,-3.090788547617e+04,2.610742205102e+04,1.414952381363e+04,-3.847803254290e+00,1.206921729301e+00,6.526949902892e-01
8.322808474e+03,-3.103621790287e+04,2.614762932268e+04,1.417126753781e+04,-3.842593301231e+00,1.202526798752e+00,6.503127088130e-01
8.356308441e+03,-3.116485738826e+04,2.618784047813e+04,1.419301317704e+04,-3.837387498267e+00,1.198146782840e+00,6.479385189049e-01
8.389933838e+03,-3.129380354966e+04,2.622805516325e+04,1.421476053930e+04,-3.832185898050e+00,1.193781656009e+00,6.455724066455e-01
8.423684828e+03,-3.142305584296e+04,2.626827297573e+04,1.423650940650e+04,-3.826988559048e+00,1.189431397653e+00,6.432143607996e-01
8.457564155e+03,-3.155262359794e+04,2.630849657752e+04,1.425826121764e+04,-3.821795143853e+00,1.185095657126e+00,6.408641912355e-01
8.491570395e+03,-3.168250017975e+04,2.634872366585e+04,1.428001472689e+04,-3.816605956203e+00,1.180774620418e+00,6.385219987034e-01
8.525703930e+03,-3.181268587798e+04,2.638895409510e+04,1.430176985497e+04,-3.811421020647e+00,1.176468239844e+00,6.361877572914e-01
8.559966726e+03,-3.194318699295e+04,2.642918957083e+04,1.432352752364e+04,-3.806240123177e+00,1.172176270664e+00,6.338613342749e-01
8.594357660e+03,-3.207399806507e+04,2.646942816840e+04,1.434528669160e+04,-3.801063517158e+00,1.167898856164e+00,6.315428072566e-01
8.628878287e+03,-3.220512381373e+04,2.650967109992e+04,1.436704801373e+04,-3.795891051844e+00,1.163635805359e+00,6.292320726514e-01
8.663527023e+03,-3.233655704186e+04,2.654991592048e+04,1.438881016743e+04,-3.790723046234e+00,1.159387314710e+00,6.269292368841e-01
8.698305725e+03,-3.246830360475e+04,2.659016418919e+04,1.441057399524e+04,-3.785559304487e+00,1.155153156886e+00,6.246341766692e-01
8.733213980e+03,-3.260036075425e+04,2.663041483038e+04,1.443233891495e+04,-3.780399968848e+00,1.150933382861e+00,6.223469195727e-01
8.768253850e+03,-3.273273509305e+04,2.667066961725e+04,1.445410588482e+04,-3.775244816171e+00,1.146727745206e+00,6.200673314170e-01
8.803424602e+03,-3.286542264202e+04,2.671092709862e+04,1.447587411963e+04,-3.770094036278e+00,1.142536334455e+00,6.177954612106e-01
8.838727123e+03,-3.299842555718e+04,2.675118769036e+04,1.449764384366e+04,-3.764947579549e+00,1.138359045949e+00,6.155312521629e-01
8.874161681e+03,-3.313174363662e+04,2.679145109193e+04,1.451941489386e+04,-3.759805487796e+00,1.134195849850e+00,6.132746880380e-01
8.909727499e+03,-3.326537276431e+04,2.683171582621e+04,1.454118647097e+04,-3.754667952534e+00,1.130046837196e+00,6.110258181183e-01
8.945426929e+03,-3.339932057171e+04,2.687198395590e+04,1.456295968976e+04,-3.749534713339e+00,1.125911734339e+00,6.087844940174e-01
8.981260781e+03,-3.353358887980e+04,2.691225578277e+04,1.458473471280e+04,-3.744405734720e+00,1.121790450722e+00,6.065506665895e-01
9.017227901e+03,-3.366817214141e+04,2.695252940208e+04,1.460651050964e+04,-3.739281261747e+00,1.117683121120e+00,6.043244088241e-01
9.053329741e+03,-3.380307458101e+04,2.699280583937e+04,1.462828763419e+04,-3.734161166059e+00,1.113589580609e+00,6.021056312674e-01
9.089565881e+03,-3.393829341530e+04,2.703308402441e+04,1.465006550724e+04,-3.729045585628e+00,1.109509877880e+00,5.998943602493e-01
9.125938153e+03,-3.407383425018e+04,2.707336538581e+04,1.467184490062e+04,-3.723934340793e+00,1.105443808610e+00,5.976904849617e-01
9.162445512e+03,-3.420969197183e+04,2.711364816293e+04,1.469362486180e+04,-3.718827656485e+00,1.101391490997e+00,5.954940694096e-01
9.199088523e+03,-3.434586746368e+04,2.715393238208e+04,1.471540540445e+04,-3.713725530392e+00,1.097352862252e+00,5.933050794988e-01
9.235868203e+03,-3.448236328199e+04,2.719421856119e+04,1.473718680799e+04,-3.708627897843e+00,1.093327810863e+00,5.911234547284e-01
9.272786136e+03,-3.461918406986e+04,2.723450782591e+04,1.475896968044e+04,-3.703534617423e+00,1.089316165891e+00,5.889491023867e-01
9.309840248e+03,-3.475632090852e+04,2.727479731048e+04,1.478075247179e+04,-3.698446051943e+00,1.085318153595e+00,5.867821450484e-01
9.347032128e+03,-3.489377845491e+04,2.731508814874e+04,1.480253579449e+04,-3.693362058222e+00,1.081333601763e+00,5.846224893122e-01
9.384363596e+03,-3.503156219647e+04,2.735538170546e+04,1.482432038580e+04,-3.688282464334e+00,1.077362317268e+00,5.824700304432e-01
9.421834231e+03,-3.516966932491e+04,2.739567691386e+04,1.484610566834e+04,-3.683207404911e+00,1.073404347509e+00,5.803247940724e-01
9.459442754e+03,-3.530809390137e+04,2.743597180533e+04,1.486789057723e+04,-3.678137127319e+00,1.069459826857e+00,5.781868529690e-01
9.497191054e+03,-3.544684163809e+04,2.747626780796e+04,1.488967588393e+04,-3.673071451012e+00,1.065528556526e+00,5.760560993316e-01
9.535079460e+03,-3.558591251061e+04,2.751656467504e+04,1.491146145448e+04,-3.668010406182e+00,1.061610502457e+00,5.739325146413e-01
9.573109508e+03,-3.572531089970e+04,2.755686343282e+04,1.493324784306e+04,-3.662953863070e+00,1.057705507397e+00,5.718160136072e-01
9.611280095e+03,-3.586503150779e+04,2.759716230851e+04,1.495503409066e+04,-3.657902042944e+00,1.053813685558e+00,5.697066580738e-01
9.649593694e+03,-3.600508213398e+04,2.763746330862e+04,1.497682128141e+04,-3.652854692958e+00,1.049934785970e+00,5.676043119581e-01
9.688047385e+03,-3.614545085300e+04,2.767776276353e+04,1.499860743086e+04,-3.647812270921e+00,1.046069104092e+00,5.655091353387e-01
9.726644634e+03,-3.628614907432e+04,2.771806371227e+04,1.502039418130e+04,-3.642774394515e+00,1.042216290638e+00,5.634209388461e-01
9.765384949e+03,-3.642717373312e+04,2.775836503290e+04,1.504218092560e+04,-3.637741202090e+00,1.038376396291e+00,5.613397498925e-01
9.804269993e+03,-3.656852961424e+04,2.779866784791e+04,1.506396826992e+04,-3.632712551390e+00,1.034549257787e+00,5.592654799330e-01
9.843296748e+03,-3.671020449472e+04,2.783896843564e+04,1.508575420176e+04,-3.627688904078e+00,1.030735171243e+00,5.571982894012e-01
9.882470901e+03,-3.685221774380e+04,2.787927206295e+04,1.510754156766e+04,-3.622669601026e+00,1.026933581909e+00,5.551378775716e-01
9.921790529e+03,-3.699456110144e+04,2.791957613265e+04,1.512932896297e+04,-3.617654963394e+00,1.023144680001e+00,5.530843474834e-01
9.961254703e+03,-3.713722993864e+04,2.795987909460e+04,1.515111554910e+04,-3.612645180868e+00,1.019368554780e+00,5.510377474563e-01
1.000086622e+04,-3.728023308789e+04,2.800018320120e+04,1.517290254296e+04,-3.607639970247e+00,1.015604939340e+00,5.489979327748e-01
1.004062373e+04,-3.742356437980e+04,2.804048646920e+04,1.519468887184e+04,-3.602639574491e+00,1.011853963398e+00,5.469649736865e-01
1.008052725e+04,-3.756722262456e+04,2.808078832754e+04,1.521647422642e+04,-3.597644060504e+00,1.008115623687e+00,5.449388683643e-01
1.012057736e+04,-3.771120865514e+04,2.812108877462e+04,1.523825860517e+04,-3.592653424285e+00,1.004389863951e+00,5.429195862607e-01
1.016077638e+04,-3.785552950638e+04,2.816138953727e+04,1.526004294090e+04,-3.587667447933e+00,1.000676469198e+00,5.409070107992e-01
1.020112314e+04,-3.800017972690e+04,2.820168885040e+04,1.528182627883e+04,-3.582686345607e+00,9.969755469711e-01,5.389012002092e-01
1.024161919e+04,-3.814516353075e+04,2.824198764720e+04,1.530360912272e+04,-3.577709997442e+00,9.932869563479e-01,5.369020780579e-01
1.028226448e+04,-3.829047947148e+04,2.828228528294e+04,1.532539112343e+04,-3.572738478430e+00,9.896107015139e-01,5.349096465578e-01
1.032305996e+04,-3.843612967510e+04,2.832258210470e+04,1.534717246787e+04,-3.567771740931e+00,9.859466961045e-01,5.329238588461e-01
1.036400627e+04,-3.858211508833e+04,2.836287812975e+04,1.536895316473e+04,-3.562809777902e+00,9.822948842685e-01,5.309446845972e-01
1.040510232e+04,-3.872843054084e+04,2.840317169118e+04,1.539073231232e+04,-3.557852789257e+00,9.786553623068e-01,5.289721759480e-01
1.044635059e+04,-3.887508360270e+04,2.844346463243e+04,1.541251090639e+04,-3.552900542745e+00,9.750279092840e-01,5.270062131028e-01
1.048775062e+04,-3.902207130211e+04,2.848375589216e+04,1.543428837259e+04,-3.547953163339e+00,9.714125669346e-01,5.250468186253e-01
1.052930297e+04,-3.916939433876e+04,2.852404542031e+04,1.545606468317e+04,-3.543010651374e+00,9.678092856962e-01,5.230939655993e-01
1.057100982e+04,-3.931705908948e+04,2.856433471299e+04,1.547784064608e+04,-3.538072817607e+00,9.642178786041e-01,5.211475526417e-01
1.061286900e+04,-3.946505661085e+04,2.860462108553e+04,1.549961480959e+04,-3.533139985017e+00,9.606385315429e-01,5.192076804406e-01
1.065488347e+04,-3.961339600237e+04,2.864490677103e+04,1.552138837997e+04,-3.528211873899e+00,9.570709927318e-01,5.172742124856e-01
1.069705202e+04,-3.976207168720e+04,2.868519000855e+04,1.554316040475e+04,-3.523288693338e+00,9.535153652001e-01,5.153472045603e-01
1.073937483e+04,-3.991108301424e+04,2.872547038197e+04,1.556493065834e+04,-3.518370487342e+00,9.499716320709e-01,5.134266474636e-01
1.078185263e+04,-4.006043123844e+04,2.876574799102e+04,1.558669919396e+04,-3.513457236698e+00,9.464397310837e-01,5.115125073984e-01
1.082448830e+04,-4.021012510973e+04,2.880602494735e+04,1.560846715215e+04,-3.508548677024e+00,9.429194247930e-01,5.096046556254e-01
1.086728114e+04,-4.036016086987e+04,2.884629998775e+04,1.563023384946e+04,-3.503644955486e+00,9.394107719405e-01,5.077031239267e-01
1.091022918e+04,-4.051053027017e+04,2.888657065803e+04,1.565199795884e+04,-3.498746363342e+00,9.359139333234e-01,5.058079993929e-01
1.095333541e+04,-4.066124249205e+04,2.892683917707e+04,1.567376067874e+04,-3.493852622958e+00,9.324286634188e-01,5.039191489082e-01
1.099659855e+04,-4.081229168003e+04,2.896710373799e+04,1.569552103195e+04,-3.488963946135e+00,9.289550661945e-01,5.020366287645e-01
1.104002087e+04,-4.096368446722e+04,2.900736586662e+04,1.571727984236e+04,-3.484080139651e+00,9.254929577298e-01,5.001603392322e-01
1.108360271e+04,-4.111542069698e+04,2.904762527376e+04,1.573903695293e+04,-3.479201230705e+00,9.220423113781e-01,4.982902658171e-01
1.112734302e+04,-4.126749535579e+04,2.908788038721e+04,1.576079151330e+04,-3.474327401500e+00,9.186032098469e-01,4.964264532890e-01
1.117124542e+04,-4.141991972593e+04,2.912813394647e+04,1.578254500319e+04,-3.469458312103e+00,9.151753677841e-01,4.945687469492e-01
1.121530841e+04,-4.157268719113e+04,2.916838395371e+04,1.580429634220e+04,-3.464594195918e+00,9.117589045600e-01,4.927172114372e-01
1.125953121e+04,-4.172579371810e+04,2.920862910635e+04,1.582604482567e+04,-3.459735201421e+00,9.083538788671e-01,4.908718785082e-01
1.130391647e+04,-4.187924716121e+04,2.924887122627e+04,1.584779143741e+04,-3.454881099675e+00,9.049600851522e-01,4.890326367108e-01
1.134846429e+04,-4.203304648779e+04,2.928910979448e+04,1.586953589620e+04,-3.450031944409e+00,9.015775165586e-01,4.871994822769e-01
1.139317424e+04,-4.218718886032e+04,2.932934382472e+04,1.589127766833e+04,-3.445187845230e+00,8.982062049986e-01,4.853724324483e-01
1.143804714e+04,-4.234167577212e+04,2.936957346490e+04,1.591301683298e+04,-3.440348774821e+00,8.948460869926e-01,4.835514527705e-01
1.148308478e+04,-4.249651201060e+04,2.940979971483e+04,1.593475392965e+04,-3.435514603484e+00,8.914970286563e-01,4.817364706342e-01
1.152828666e+04,-4.265169449129e+04,2.945002152550e+04,1.595648839072e+04,-3.430685447724e+00,8.881590671726e-01,4.799275061379e-01
1.157365455e+04,-4.280722793908e+04,2.949023987318e+04,1.597822074295e+04,-3.425861180637e+00,8.848320715821e-01,4.781244882581e-01
1.161918722e+04,-4.296310675854e+04,2.953045306414e+04,1.599995007035e+04,-3.421041995465e+00,8.815161320122e-01,4.763274657861e-01
1.166488630e+04,-4.311933511750e+04,2.957066192881e+04,1.602167682087e+04,-3.416227782507e+00,8.782111299038e-01,4.745363744188e-01
1.171075288e+04,-4.327591543133e+04,2.961086683885e+04,1.604340119454e+04,-3.411418487168e+00,8.749169853410e-01,4.727511707954e-01
1.175678617e+04,-4.343284359147e+04,2.965106649159e+04,1.606512248669e+04,-3.406614254907e+00,8.716337555630e-01,4.709718858843e-01
1.180298738e+04,-4.359012233450e+04,2.969126134234e+04,1.608684094254e+04,-3.401815020697e+00,8.683613537998e-01,4.691984726104e-01
1.184935516e+04,-4.374774570576e+04,2.973144962724e+04,1.610855560826e+04,-3.397020984202e+00,8.650998738056e-01,4.674309817304e-01
1.189589261e+04,-4.390572290286e+04,2.977163344708e+04,1.613026761815e+04,-3.392231883826e+00,8.618490956139e-01,4.656692939866e-01
1.194259899e+04,-4.406404996106e+04,2.981181154514e+04,1.615197629238e+04,-3.387447858380e+00,8.586090719817e-01,4.639134379183e-01
1.198947536e+04,-4.422272911906e+04,2.985198424359e+04,1.617368180422e+04,-3.382668858282e+00,8.553797278996e-01,4.621633728248e-01
1.203652252e+04,-4.438176167964e+04,2.989215162388e+04,1.619538419687e+04,-3.377894862576e+00,8.521610081833e-01,4.604190687492e-01
1.208374139e+04,-4.454114939362e+04,2.993231387787e+04,1.621708357316e+04,-3.373125837137e+00,8.489528491631e-01,4.586804911366e-01
1.213113092e+04,-4.470088724908e+04,2.997246949595e+04,1.623877911664e+04,-3.368361949578e+00,8.457553228676e-01,4.569476789701e-01
1.217869267e+04,-4.486097919886e+04,3.001261922675e+04,1.626047123098e+04,-3.363603099211e+00,8.425683210752e-01,4.552205735511e-01
1.222642726e+04,-4.502142584966e+04,3.005276297407e+04,1.628215986336e+04,-3.358849285575e+00,8.393918032974e-01,4.534991528873e-01
1.227433634e+04,-4.518223140851e+04,3.009290153859e+04,1.630384544554e+04,-3.354100401995e+00,8.362256585474e-01,4.517833567823e-01
1.232241656e+04,-4.534338317121e+04,3.013303150557e+04,1.632552613180e+04,-3.349356840102e+00,8.330701078161e-01,4.500733049447e-01
1.237067525e+04,-4.550490428942e+04,3.017315838806e+04,1.634720489979e+04,-3.344617936083e+00,8.299246702370e-01,4.483687367337e-01
1.241910510e+04,-4.566676892109e+04,3.021327551702e+04,1.636887814568e+04,-3.339884465116e+00,8.267898210325e-01,4.466699096305e-01
1.246771194e+04,-4.582899516347e+04,3.025338713619e+04,1.639054816131e+04,-3.335155913566e+00,8.236651803794e-01,4.449766177520e-01
1.251649671e+04,-4.599158465784e+04,3.029349339322e+04,1.641221502557e+04,-3.330432251719e+00,8.205506904103e-01,4.432888296892e-01
1.256545687e+04,-4.615452753204e+04,3.033359160270e+04,1.643387728684e+04,-3.325713783054e+00,8.174465126005e-01,4.416066328977e-01
1.261459310e+04,-4.631782469046e+04,3.037368174553e+04,1.645553493395e+04,-3.321000496484e+00,8.143526006198e-01,4.399300022206e-01
1.266390912e+04,-4.648148703600e+04,3.041376624715e+04,1.647718927631e+04,-3.316292093814e+00,8.112687205800e-01,4.382588108608e-01
1.271340432e+04,-4.664551109409e+04,3.045384399950e+04,1.649883971443e+04,-3.311588692266e+00,8.081949117200e-01,4.365930800328e-01
1.276307694e+04,-4.680988958260e+04,3.049391297629e+04,1.652048515283e+04,-3.306890516119e+00,8.051312825472e-01,4.349328684880e-01
1.281292848e+04,-4.697462611917e+04,3.053397381629e+04,1.654212593569e+04,-3.302197476650e+00,8.020777370598e-01,4.332781241523e-01
1.286296023e+04,-4.713972345300e+04,3.057402694013e+04,1.656376228936e+04,-3.297509510830e+00,7.990341966420e-01,4.316288043733e-01
1.291317297e+04,-4.730518279561e+04,3.061407239106e+04,1.658539423630e+04,-3.292826599827e+00,7.960006118443e-01,4.299848823045e-01
1.296356702e+04,-4.747100371352e+04,3.065410981354e+04,1.660702158357e+04,-3.288148771311e+00,7.929769635557e-01,4.283463475400e-01
1.301414211e+04,-4.763718388261e+04,3.069413839884e+04,1.662864389340e+04,-3.283476105592e+00,7.899632666276e-01,4.267132080782e-01
1.306489965e+04,-4.780372648247e+04,3.073415866523e+04,1.665026144485e+04,-3.278808527861e+00,7.869594359436e-01,4.250854177449e-01
1.311584050e+04,-4.797063293662e+04,3.077417070388e+04,1.667187428626e+04,-3.274146013183e+00,7.839654190008e-01,4.234629480391e-01
1.316696404e+04,-4.813789972547e+04,3.081417342265e+04,1.669348182678e+04,-3.269488674279e+00,7.809812517452e-01,4.218458183908e-01
1.321827319e+04,-4.830553495792e+04,3.085416850917e+04,1.671508497706e+04,-3.264836300131e+00,7.780067629323e-01,4.202339359530e-01
1.326976682e+04,-4.847353348794e+04,3.089415448214e+04,1.673668293607e+04,-3.260189048454e+00,7.750420176713e-01,4.186273359595e-01
1.332144543e+04,-4.864189547329e+04,3.093413113057e+04,1.675827558889e+04,-3.255546928839e+00,7.720869862003e-01,4.170260022331e-01
1.337331064e+04,-4.881062476141e+04,3.097409911670e+04,1.677986329230e+04,-3.250909849439e+00,7.691415745350e-01,4.154298837947e-01
1.342536430e+04,-4.897972587020e+04,3.101405925296e+04,1.680144648414e+04,-3.246277701187e+00,7.662056784888e-01,4.138389241370e-01
1.347760425e+04,-4.914919029163e+04,3.105400927515e+04,1.682302394053e+04,-3.241650731435e+00,7.632794198305e-01,4.122531891973e-01
1.353003170e+04,-4.931902053060e+04,3.109394952591e+04,1.684459584558e+04,-3.237028885022e+00,7.603627284606e-01,4.106726409401e-01
1.358264864e+04,-4.948922151222e+04,3.113388090996e+04,1.686616268698e+04,-3.232412041876e+00,7.574554939408e-01,4.090972194705e-01
1.363545344e+04,-4.965978655839e+04,3.117380160916e+04,1.688772348179e+04,-3.227800396622e+00,7.545578041932e-01,4.075269723843e-01
1.368844943e+04,-4.983072486259e+04,3.121371352242e+04,1.690927925462e+04,-3.223193714239e+00,7.516694771791e-01,4.059618009869e-01
1.374163585e+04,-5.000203252114e+04,3.125361548164e+04,1.693082937361e+04,-3.218592113921e+00,7.487905536825e-01,4.044017273304e-01
1.379501191e+04,-5.017370553804e+04,3.129350630673e+04,1.695237320046e+04,-3.213995715704e+00,7.459210745499e-01,4.028467735008e-01
1.384858208e+04,-5.034575675045e+04,3.133338872454e+04,1.697391220685e+04,-3.209404189487e+00,7.430608000537e-01,4.012968095427e-01
1.390234249e+04,-5.051817226451e+04,3.137325925986e+04,1.699544451495e+04,-3.204817919267e+00,7.402099358256e-01,3.997519468379e-01
1.395629381e+04,-5.069095272245e+04,3.141311781840e+04,1.701697007288e+04,-3.200236899201e+00,7.373684440727e-01,3.982121648584e-01
1.401043991e+04,-5.086410908258e+04,3.145296667629e+04,1.703849010885e+04,-3.195660851247e+00,7.345361189186e-01,3.966773519929e-01
1.406477986e+04,-5.103763687121e+04,3.149280454736e+04,1.706000392726e+04,-3.191089906727e+00,7.317130086967e-01,3.951475343846e-01
1.411931407e+04,-5.121153583693e+04,3.153263112187e+04,1.708151135984e+04,-3.186524084500e+00,7.288990919810e-01,3.936227003747e-01
1.417404385e+04,-5.138580867821e+04,3.157244676440e+04,1.710301260245e+04,-3.181963326022e+00,7.260942998679e-01,3.921028125766e-01
1.422896975e+04,-5.156045567446e+04,3.161225128356e+04,1.712450755068e+04,-3.177407636427e+00,7.232986029651e-01,3.905878550150e-01
1.428409105e+04,-5.173547301384e+04,3.165204355888e+04,1.714599559847e+04,-3.172857126896e+00,7.205120368943e-01,3.890778469445e-01
1.433940996e+04,-5.191086619060e+04,3.169182458711e+04,1.716747728301e+04,-3.168311666303e+00,7.177344889568e-01,3.875727272469e-01
1.439492939e+04,-5.208664289062e+04,3.173159584881e+04,1.718895340275e+04,-3.163771068613e+00,7.149658138575e-01,3.860724171407e-01
1.445064393e+04,-5.226278449710e+04,3.177135287871e+04,1.721042154543e+04,-3.159235826259e+00,7.122062798130e-01,3.845770619208e-01
1.450655595e+04,-5.243929703204e+04,3.181109679402e+04,1.723188231331e+04,-3.154705793901e+00,7.094557658302e-01,3.830865959746e-01
1.456267035e+04,-5.261619439655e+04,3.185083046694e+04,1.725333725623e+04,-3.150180626759e+00,7.067140311217e-01,3.816008887747e-01
1.461898651e+04,-5.279347309322e+04,3.189055284621e+04,1.727478580544e+04,-3.145660427337e+00,7.039811069748e-01,3.801199572274e-01
1.467550293e+04,-5.297112687022e+04,3.193026227392e+04,1.729622706467e+04,-3.141145366627e+00,7.012570655824e-01,3.786438404051e-01
1.473221879e+04,-5.314915161778e+04,3.196995758350e+04,1.731766040294e+04,-3.136635559144e+00,6.985419444580e-01,3.771725585878e-01
1.478913832e+04,-5.332755914431e+04,3.200964115430e+04,1.733908710391e+04,-3.132130716542e+00,6.958355389170e-01,3.757060008122e-01
1.484626114e+04,-5.350634667953e+04,3.204931210973e+04,1.736050669316e+04,-3.127630920446e+00,6.931378674607e-01,3.742441770561e-01
1.490358706e+04,-5.368551205808e+04,3.208896971357e+04,1.738191877207e+04,-3.123136236189e+00,6.904489385954e-01,3.727870918811e-01
1.496111524e+04,-5.386505115814e+04,3.212861280343e+04,1.740332271196e+04,-3.118646777015e+00,6.877687892228e-01,3.713347652357e-01
1.501884830e+04,-5.404497062596e+04,3.216824259535e+04,1.742471916829e+04,-3.114162386657e+00,6.850972954424e-01,3.698871299326e-01
1.507678808e+04,-5.422527466189e+04,3.220785975486e+04,1.744610849926e+04,-3.109682971441e+00,6.824343714613e-01,3.684441394343e-01
1.513493469e+04,-5.440596198259e+04,3.224746373855e+04,1.746749041032e+04,-3.105208574393e+00,6.797800131124e-01,3.670057914352e-01
1.519328612e+04,-5.458702486413e+04,3.228705259994e+04,1.748886384948e+04,-3.100739396615e+00,6.771343096414e-01,3.655721342480e-01
1.525184488e+04,-5.476846948426e+04,3.232662743808e+04,1.751022940896e+04,-3.096275295047e+00,6.744971463453e-01,3.641431056697e-01
1.531061361e+04,-5.495030253481e+04,3.236618945108e+04,1.753158773443e+04,-3.091816115796e+00,6.718684029971e-01,3.627186405037e-01
1.536958935e+04,-5.513251324593e+04,3.240573603814e+04,1.755293742065e+04,-3.087362133014e+00,6.692482118205e-01,3.612988103520e-01
1.542877292e+04,-5.531510260889e+04,3.244526716527e+04,1.757427844813e+04,-3.082913331130e+00,6.666365339287e-01,3.598835940948e-01
1.548816936e+04,-5.549808457609e+04,3.248478559269e+04,1.759561230581e+04,-3.078469380405e+00,6.640331468025e-01,3.584728711058e-01
1.554777664e+04,-5.568145138687e+04,3.252428937945e+04,1.761693794469e+04,-3.074030480042e+00,6.614381385749e-01,3.570666890948e-01
1.560759423e+04,-5.586519975561e+04,3.256377756228e+04,1.763825484356e+04,-3.069596718785e+00,6.588515321722e-01,3.556650604376e-01
1.566762407e+04,-5.604933412923e+04,3.260325084105e+04,1.765956337906e+04,-3.065167998458e+00,6.562732415251e-01,3.542679384472e-01
1.572786548e+04,-5.623385084143e+04,3.264270817395e+04,1.768086298762e+04,-3.060744416251e+00,6.537032945605e-01,3.528753382091e-01
1.578831915e+04,-5.641875038650e+04,3.268214941395e+04,1.770215358867e+04,-3.056325968744e+00,6.511416606055e-01,3.514872430548e-01
1.584899055e+04,-5.660404797991e+04,3.272157754206e+04,1.772343679016e+04,-3.051912302380e+00,6.485881067794e-01,3.501035267433e-01
1.590987468e+04,-5.678972670931e+04,3.276098869690e+04,1.774471050648e+04,-3.047503829633e+00,6.460428438454e-01,3.487243034353e-01
1.597097195e+04,-5.697578624390e+04,3.280038255980e+04,1.776597456443e+04,-3.043100565793e+00,6.435058521211e-01,3.473495624177e-01
1.603228846e+04,-5.716224360451e+04,3.283976247341e+04,1.778723076707e+04,-3.038702117192e+00,6.409768770941e-01,3.459791657280e-01
1.609382144e+04,-5.734908870617e+04,3.287912604178e+04,1.780847781987e+04,-3.034308731463e+00,6.384560338410e-01,3.446131756763e-01
1.615556924e+04,-5.753631501620e+04,3.291847163628e+04,1.782971484252e+04,-3.029920569843e+00,6.359433869742e-01,3.432516272269e-01
1.621753638e+04,-5.772393462646e+04,3.295780154188e+04,1.785094306711e+04,-3.025537356985e+00,6.334387512634e-01,3.418944199600e-01
1.627972242e+04,-5.791194455925e+04,3.299711487160e+04,1.787216201362e+04,-3.021159171343e+00,6.309421444504e-01,3.405415634418e-01
1.634212686e+04,-5.810034176740e+04,3.303641073081e+04,1.789337119792e+04,-3.016786091884e+00,6.284535843251e-01,3.391930672648e-01
1.640475284e+04,-5.828913404690e+04,3.307569048496e+04,1.791457135569e+04,-3.012417945985e+00,6.259729457080e-01,3.378488635493e-01
1.646760371e+04,-5.847832991287e+04,3.311495563287e+04,1.793576329457e+04,-3.008054546586e+00,6.235000961786e-01,3.365088804918e-01
1.653067211e+04,-5.866790557832e+04,3.315420097754e+04,1.795694420835e+04,-3.003696450333e+00,6.210353244891e-01,3.351732745133e-01
1.659396765e+04,-5.885788827829e+04,3.319343189463e+04,1.797811699701e+04,-2.999343039356e+00,6.185782547125e-01,3.338418418594e-01
1.665748179e+04,-5.904825076927e+04,3.323264249655e+04,1.799927848171e+04,-2.994994945967e+00,6.161292173422e-01,3.325147615696e-01
1.672122172e+04,-5.923901301643e+04,3.327183664001e+04,1.802043074257e+04,-2.990651721167e+00,6.136879329029e-01,3.311918821547e-01
1.678518507e+04,-5.943016627880e+04,3.331101226523e+04,1.804157266664e+04,-2.986313572043e+00,6.112544917565e-01,3.298732525322e-01
1.684937438e+04,-5.962171648836e+04,3.335017032679e+04,1.806270476773e+04,-2.981980371537e+00,6.088287965752e-01,3.285588199144e-01
1.691378655e+04,-5.981365282192e+04,3.338930835533e+04,1.808382571191e+04,-2.977652371331e+00,6.064109620985e-01,3.272486464286e-01
1.697842349e+04,-6.000597936203e+04,3.342842693225e+04,1.810493581160e+04,-2.973329485289e+00,6.040009138938e-01,3.259426916935e-01
1.704329108e+04,-6.019871190298e+04,3.346752900416e+04,1.812603665556e+04,-2.969011366296e+00,6.015984329872e-01,3.246408370042e-01
1.710838531e+04,-6.039183693074e+04,3.350661156217e+04,1.814712661868e+04,-2.964698325072e+00,5.992036669805e-01,3.233431622950e-01
1.717370876e+04,-6.058536042828e+04,3.354567555629e+04,1.816820621225e+04,-2.960390234937e+00,5.968165200642e-01,3.220496156011e-01
1.723926768e+04,-6.077929923147e+04,3.358472410716e+04,1.818927711879e+04,-2.956086730294e+00,5.944367651330e-01,3.207600738106e-01
1.730505152e+04,-6.097362049623e+04,3.362375033687e+04,1.821033562549e+04,-2.951788547240e+00,5.920647841968e-01,3.194747438793e-01
1.737106828e+04,-6.116834618849e+04,3.366275840084e+04,1.823138397325e+04,-2.947495205847e+00,5.897002870483e-01,3.181934685017e-01
1.743731165e+04,-6.136345607105e+04,3.370174398821e+04,1.825241983458e+04,-2.943207158252e+00,5.873434975017e-01,3.169163689106e-01
1.750378703e+04,-6.155896442284e+04,3.374070970026e+04,1.827344461168e+04,-2.938924095774e+00,5.849942205790e-01,3.156433394031e-01
1.757049589e+04,-6.175487386665e+04,3.377965579547e+04,1.829445844261e+04,-2.934645967692e+00,5.826524038529e-01,3.143743515220e-01
1.763743783e+04,-6.195118162558e+04,3.381858145820e+04,1.831546088582e+04,-2.930372841185e+00,5.803180595729e-01,3.131094118570e-01
1.770461404e+04,-6.214788951781e+04,3.385748678662e+04,1.833645199284e+04,-2.926104682933e+00,5.779911450654e-01,3.118484972361e-01
1.777202385e+04,-6.234499385936e+04,3.389637079165e+04,1.835743122856e+04,-2.921841578754e+00,5.756716826690e-01,3.105916197162e-01
1.783967661e+04,-6.254252035859e+04,3.393523826831e+04,1.837840117855e+04,-2.917582980597e+00,5.733593506219e-01,3.093386048916e-01
1.790756474e+04,-6.274044510738e+04,3.397408423470e+04,1.839935915343e+04,-2.913329411894e+00,5.710544097055e-01,3.080895940273e-01
1.797568437e+04,-6.293875521042e+04,3.401290591079e+04,1.842030365189e+04,-2.909081153787e+00,5.687569876159e-01,3.068446562719e-01
1.804404488e+04,-6.313747633131e+04,3.405170806228e+04,1.844123724357e+04,-2.904837661651e+00,5.664667657164e-01,3.056036189128e-01
1.811264724e+04,-6.333660956175e+04,3.409049062435e+04,1.846215989196e+04,-2.900598919889e+00,5.641837124995e-01,3.043664648281e-01
1.818148698e+04,-6.353614019182e+04,3.412925046496e+04,1.848306990584e+04,-2.896365247757e+00,5.619079764398e-01,3.031332744258e-01
1.825056562e+04,-6.373607099963e+04,3.416798786604e+04,1.850396743578e+04,-2.892136591064e+00,5.596395045989e-01,3.019040189712e-01
1.831988541e+04,-6.393640677978e+04,3.420670349362e+04,1.852485283959e+04,-2.887912853755e+00,5.573782219859e-01,3.006786577791e-01
1.838944261e+04,-6.413713508403e+04,3.424539468531e+04,1.854572467948e+04,-2.883694302693e+00,5.551242478390e-01,2.994572554152e-01
1.845925452e+04,-6.433830408860e+04,3.428407044428e+04,1.856658781057e+04,-2.879479933224e+00,5.528770230243e-01,2.982395088423e-01
1.852930378e+04,-6.453986196993e+04,3.432272052742e+04,1.858743670573e+04,-2.875270838305e+00,5.506371079483e-01,2.970257216901e-01
1.859959899e+04,-6.474183185306e+04,3.436134911133e+04,1.860827361638e+04,-2.871066539260e+00,5.484042246007e-01,2.958157432591e-01
1.867013797e+04,-6.494420575434e+04,3.439995440040e+04,1.862909757235e+04,-2.866867207861e+00,5.461784415237e-01,2.946096106429e-01
1.874092319e+04,-6.514698901714e+04,3.443853714776e+04,1.864990897827e+04,-2.862672738382e+00,5.439596799843e-01,2.934072811283e-01
1.881195781e+04,-6.535018894771e+04,3.447709846842e+04,1.867070843393e+04,-2.858482985925e+00,5.417478411363e-01,2.922087011022e-01
1.888323179e+04,-6.555377516724e+04,3.451563233988e+04,1.869149268930e+04,-2.854298580661e+00,5.395432347863e-01,2.910140383983e-01
1.895475830e+04,-6.575778358485e+04,3.455414529769e+04,1.871226526789e+04,-2.850118788704e+00,5.373454516677e-01,2.898230711885e-01
1.902652984e+04,-6.596219107017e+04,3.459263270510e+04,1.873302366714e+04,-2.845944089222e+00,5.351547216194e-01,2.886359239726e-01
1.909855542e+04,-6.616702156993e+04,3.463109880068e+04,1.875377017149e+04,-2.841773998311e+00,5.329707686957e-01,2.874524471676e-01
1.917082706e+04,-6.637225059773e+04,3.466953871658e+04,1.877450215380e+04,-2.837609019444e+00,5.307938346256e-01,2.862727717168e-01
1.924335195e+04,-6.657789689765e+04,3.470795569886e+04,1.879522136313e+04,-2.833448776459e+00,5.286237007455e-01,2.850967790777e-01
1.931613117e+04,-6.678396177337e+04,3.474634971202e+04,1.881592777861e+04,-2.829293248990e+00,5.264603350865e-01,2.839244518771e-01
1.938915466e+04,-6.699041498798e+04,3.478471486501e+04,1.883661822144e+04,-2.825143049869e+00,5.243040345162e-01,2.827559509385e-01
1.946243569e+04,-6.719729235792e+04,3.482305755262e+04,1.885729613870e+04,-2.820997462550e+00,5.221544048215e-01,2.815910625884e-01
1.953597005e+04,-6.740458024565e+04,3.486137497046e+04,1.887796001623e+04,-2.816856765718e+00,5.200115693604e-01,2.804298536252e-01
1.960976104e+04,-6.761228618492e+04,3.489966823927e+04,1.889861045669e+04,-2.812720813547e+00,5.178754313978e-01,2.792722715784e-01
1.968381130e+04,-6.782041582295e+04,3.493793811913e+04,1.891924786817e+04,-2.808589499331e+00,5.157459150306e-01,2.781182752660e-01
1.975811466e+04,-6.802895002155e+04,3.497618082025e+04,1.893987020523e+04,-2.804463207270e+00,5.136231971686e-01,2.769679605068e-01
1.983267227e+04,-6.823789035840e+04,3.501439637448e+04,1.896047748333e+04,-2.800341908660e+00,5.115072414595e-01,2.758213075519e-01
1.990749180e+04,-6.844725648784e+04,3.505258810410e+04,1.898107149216e+04,-2.796225220171e+00,5.093978302260e-01,2.746781983905e-01
1.998256463e+04,-6.865702258438e+04,3.509075103048e+04,1.900164954534e+04,-2.792113653222e+00,5.072952045462e-01,2.735387636153e-01
2.005789899e+04,-6.886720987155e+04,3.512888875100e+04,1.902221358086e+04,-2.788006794857e+00,5.051991321989e-01,2.724028773336e-01
2.013349713e+04,-6.907782281281e+04,3.516700179345e+04,1.904276388144e+04,-2.783904563130e+00,5.031095511559e-01,2.712705058813e-01
2.020935860e+04,-6.928885835685e+04,3.520508932302e+04,1.906329999506e+04,-2.779807022707e+00,5.010264742608e-01,2.701416561681e-01
2.028547580e+04,-6.950029360620e+04,3.524314694376e+04,1.908381954971e+04,-2.775714620874e+00,4.989501081181e-01,2.690164401062e-01
2.036185640e+04,-6.971214813628e+04,3.528117791857e+04,1.910432430283e+04,-2.771626980990e+00,4.968802408287e-01,2.678947428141e-01
2.043850342e+04,-6.992442849453e+04,3.531918314376e+04,1.912481473577e+04,-2.767543981213e+00,4.948167907205e-01,2.667765199818e-01
2.051541309e+04,-7.013712244515e+04,3.535716015414e+04,1.914528951755e+04,-2.763465860703e+00,4.927598585926e-01,2.656618261839e-01
2.059258821e+04,-7.035023595099e+04,3.539510974480e+04,1.916574907493e+04,-2.759392508231e+00,4.907093681670e-01,2.645506200333e-01
2.067002957e+04,-7.056376939674e+04,3.543303171049e+04,1.918619329535e+04,-2.755323919972e+00,4.886652975940e-01,2.634428896386e-01
2.074773864e+04,-7.077772503414e+04,3.547092617583e+04,1.920662224406e+04,-2.751260056636e+00,4.866276073557e-01,2.623386135335e-01
2.082571479e+04,-7.099209932094e+04,3.550879223955e+04,1.922703543324e+04,-2.747200988861e+00,4.845963131240e-01,2.612378001601e-01
2.090395536e+04,-7.120688318640e+04,3.554662803497e+04,1.924743185468e+04,-2.743146890483e+00,4.825714818665e-01,2.601404857595e-01
2.098247385e+04,-7.142211180543e+04,3.558443947565e+04,1.926781469423e+04,-2.739097101828e+00,4.805527648737e-01,2.590464813047e-01
2.106125549e+04,-7.163774293970e+04,3.562221886385e+04,1.928817980032e+04,-2.735052421154e+00,4.785405406983e-01,2.579559918938e-01
2.114030928e+04,-7.185379937492e+04,3.565996992870e+04,1.930852918121e+04,-2.731012422692e+00,4.765345776945e-01,2.568688919399e-01
2.121964132e+04,-7.207029596080e+04,3.569769497540e+04,1.932886407742e+04,-2.726976833566e+00,4.745347216437e-01,2.557850978147e-01
2.129923394e+04,-7.228718269840e+04,3.573538502750e+04,1.934917964840e+04,-2.722946587359e+00,4.725414155731e-01,2.547048495598e-01
2.137910943e+04,-7.250451847697e+04,3.577305004866e+04,1.936948126274e+04,-2.718920591990e+00,4.705541000464e-01,2.536278439441e-01
2.145926046e+04,-7.272228147284e+04,3.581068596085e+04,1.938976672021e+04,-2.714899257023e+00,4.685729589893e-01,2.525541805919e-01
2.153968137e+04,-7.294045451762e+04,3.584828952902e+04,1.941003427511e+04,-2.710882901275e+00,4.665981302459e-01,2.514839341555e-01
2.162037931e+04,-7.315905518274e+04,3.588586351398e+04,1.943028541342e+04,-2.706871202946e+00,4.646294364465e-01,2.504170084589e-01
2.170135160e+04,-7.337807439448e+04,3.592340608271e+04,1.945051914513e+04,-2.702864330830e+00,4.626669415766e-01,2.493534381271e-01
2.178260505e+04,-7.359752873589e+04,3.596091979939e+04,1.947073685009e+04,-2.698861984326e+00,4.607104798221e-01,2.482931332453e-01
2.186413733e+04,-7.381740999957e+04,3.599840297718e+04,1.949093761703e+04,-2.694864316474e+00,4.587601076915e-01,2.472361243860e-01
2.194594929e+04,-7.403771868609e+04,3.603585542335e+04,1.951112133995e+04,-2.690871320733e+00,4.568158035549e-01,2.461823997744e-01
2.202803695e+04,-7.425844220565e+04,3.607327472848e+04,1.953128671824e+04,-2.686883226695e+00,4.548776605223e-01,2.451320098202e-01
2.211041385e+04,-7.447961509006e+04,3.611066646250e+04,1.955143675137e+04,-2.682899413551e+00,4.529453588336e-01,2.440847811741e-01
2.219307336e+04,-7.470121766613e+04,3.614802700512e+04,1.957156948612e+04,-2.678920239887e+00,4.510190548011e-01,2.430407984979e-01
2.227601014e+04,-7.492323373683e+04,3.618535335691e+04,1.959168330402e+04,-2.674945997635e+00,4.490988712805e-01,2.420001283224e-01
2.235923945e+04,-7.514570231480e+04,3.622265179246e+04,1.961178158397e+04,-2.670975991300e+00,4.471844544106e-01,2.409625788144e-01
2.244274736e+04,-7.536858426817e+04,3.625991546708e+04,1.963186063545e+04,-2.667010921918e+00,4.452761244793e-01,2.399283235059e-01
2.252653264e+04,-7.559187448843e+04,3.629714327407e+04,1.965191985998e+04,-2.663050879299e+00,4.433739059053e-01,2.388973755794e-01
2.261060827e+04,-7.581560575775e+04,3.633434040731e+04,1.967196205394e+04,-2.659095283149e+00,4.414775018946e-01,2.378695741280e-01
2.269496800e+04,-7.603975954431e+04,3.637150350447e+04,1.969198540337e+04,-2.655144463256e+00,4.395870529262e-01,2.368449952343e-01
2.277962132e+04,-7.626435916883e+04,3.640863614767e+04,1.971199183598e+04,-2.651198010985e+00,4.377023460165e-01,2.358235234125e-01
2.286456252e+04,-7.648938756637e+04,3.644573522732e+04,1.973197967403e+04,-2.647256228967e+00,4.358235084534e-01,2.348052275960e-01
2.294979924e+04,-7.671486307192e+04,3.648280347742e+04,1.975195038813e+04,-2.643318798783e+00,4.339503713093e-01,2.337900161749e-01
2.303532108e+04,-7.694075627363e+04,3.651983578189e+04,1.977190121961e+04,-2.639386235768e+00,4.320831623841e-01,2.327780125593e-01
2.312113109e+04,-7.716707338241e+04,3.655683289463e+04,1.979183257234e+04,-2.635458431528e+00,4.302218123572e-01,2.317691791252e-01
2.320723884e+04,-7.739383773696e+04,3.659379834643e+04,1.981174634605e+04,-2.631534982998e+00,4.283661131358e-01,2.307634030340e-01
2.329363794e+04,-7.762103058070e+04,3.663072879239e+04,1.983164073637e+04,-2.627616216931e+00,4.265162023505e-01,2.297607588259e-01
2.338033145e+04,-7.784865805159e+04,3.666762495200e+04,1.985151612848e+04,-2.623702028549e+00,4.246720133841e-01,2.287612103403e-01
2.346731875e+04,-7.807671664093e+04,3.670448597677e+04,1.987137206289e+04,-2.619792479368e+00,4.228335581886e-01,2.277647640007e-01
2.355459920e+04,-7.830520276172e+04,3.674131101237e+04,1.989120807697e+04,-2.615887631381e+00,4.210008487801e-01,2.267714262656e-01
2.364217670e+04,-7.853412473351e+04,3.677810112218e+04,1.991102474107e+04,-2.611987343165e+00,4.191738018182e-01,2.257811519094e-01
2.373005051e+04,-7.876347871461e+04,3.681485540851e+04,1.993082156917e+04,-2.608091681166e+00,4.173524316299e-01,2.247939486424e-01
2.381822617e+04,-7.899327725400e+04,3.685157559639e+04,1.995059948790e+04,-2.604200433788e+00,4.155366227445e-01,2.238097538230e-01
2.390670567e+04,-7.922352351934e+04,3.688826189555e+04,1.997035860762e+04,-2.600313550049e+00,4.137263352444e-01,2.228285457592e-01
2.399548085e+04,-7.945419435666e+04,3.692491033437e+04,1.999009678669e+04,-2.596431421797e+00,4.119217351057e-01,2.218504143573e-01
2.408456237e+04,-7.968531557597e+04,3.696152472958e+04,2.000981607815e+04,-2.592553615719e+00,4.101226044945e-01,2.208752414913e-01
2.417394314e+04,-7.991686679137e+04,3.699810156433e+04,2.002951458533e+04,-2.588680475219e+00,4.083290865072e-01,2.199031046668e-01
2.426363558e+04,-8.014887822287e+04,3.703464531855e+04,2.004919471827e+04,-2.584811496804e+00,4.065409320382e-01,2.189338688051e-01
2.435362168e+04,-8.038130133208e+04,3.707114806615e+04,2.006885220587e+04,-2.580947490370e+00,4.047584990985e-01,2.179677279034e-01
2.444391462e+04,-8.061416830099e+04,3.710761459196e+04,2.008848962228e+04,-2.577087920007e+00,4.029815238703e-01,2.170045389079e-01
2.453450903e+04,-8.084746330458e+04,3.714404213746e+04,2.010810547940e+04,-2.573233048259e+00,4.012101110448e-01,2.160443585090e-01
2.462541895e+04,-8.108122055266e+04,3.718043575173e+04,2.012770249338e+04,-2.569382311385e+00,3.994439858405e-01,2.150870377065e-01
2.471663347e+04,-8.131540997667e+04,3.721679045831e+04,2.014727798176e+04,-2.565536206439e+00,3.976833606455e-01,2.141326915669e-01
2.480815963e+04,-8.155004771091e+04,3.725310847650e+04,2.016683313682e+04,-2.561694469004e+00,3.959280985847e-01,2.131812458403e-01
2.489999318e+04,-8.178512087954e+04,3.728938752607e+04,2.018636672804e+04,-2.557857310587e+00,3.941782805881e-01,2.122327443378e-01
2.499212651e+04,-8.202060811443e+04,3.732562404551e+04,2.020587683516e+04,-2.554025078016e+00,3.924340484361e-01,2.112872638566e-01
2.508458760e+04,-8.225657895661e+04,3.736182843957e+04,2.022536905737e+04,-2.550196641109e+00,3.906948724301e-01,2.103445172094e-01
2.517734907e+04,-8.249296147158e+04,3.739798937727e+04,2.024483729128e+04,-2.546373168162e+00,3.889612680093e-01,2.094047837397e-01
2.527043433e+04,-8.272981336654e+04,3.743411540211e+04,2.026428613372e+04,-2.542553725811e+00,3.872327964322e-01,2.084678255616e-01
2.536381985e+04,-8.296707283693e+04,3.747019680597e+04,2.028371035538e+04,-2.538739310353e+00,3.855098930002e-01,2.075338785825e-01
2.545753574e+04,-8.320481434424e+04,3.750624462305e+04,2.030311589359e+04,-2.534928725130e+00,3.837920019492e-01,2.066026414770e-01
2.555155279e+04,-8.344296184647e+04,3.754224703511e+04,2.032249638336e+04,-2.531123189208e+00,3.820796576306e-01,2.056744038486e-01
2.564588497e+04,-8.368154880128e+04,3.757820884082e+04,2.034185440511e+04,-2.527322164980e+00,3.803726020916e-01,2.047490258080e-01
2.574053440e+04,-8.392057858606e+04,3.761413026533e+04,2.036119007714e+04,-2.523525598261e+00,3.786707957623e-01,2.038264858465e-01
2.583552489e+04,-8.416010924569e+04,3.765001970671e+04,2.038050791675e+04,-2.519732571042e+00,3.769738132118e-01,2.029065532785e-01
2.593082528e+04,-8.440006008497e+04,3.768586476478e+04,2.039980124633e+04,-2.515944363338e+00,3.752822127634e-01,2.019895307099e-01
2.602644906e+04,-8.464046314793e+04,3.772166994992e+04,2.041907249062e+04,-2.512160467836e+00,3.735957525951e-01,2.010752869896e-01
2.612239095e+04,-8.488130313434e+04,3.775743269582e+04,2.043832026536e+04,-2.508381125037e+00,3.719145250071e-01,2.001638720948e-01
2.621864409e+04,-8.512256091860e+04,3.779314989825e+04,2.045754289691e+04,-2.504606632205e+00,3.702386467155e-01,1.992553492409e-01
2.631522861e+04,-8.536428491876e+04,3.782882844166e+04,2.047674408739e+04,-2.500836230956e+00,3.685677661150e-01,1.983495277570e-01
2.641213442e+04,-8.560644786597e+04,3.786446400362e+04,2.049592150744e+04,-2.497070347143e+00,3.669020575166e-01,1.974465020800e-01
2.650937994e+04,-8.584909372939e+04,3.790006274601e+04,2.051507846987e+04,-2.493308298575e+00,3.652412051398e-01,1.965461009551e-01
2.660694575e+04,-8.609217193219e+04,3.793561694490e+04,2.053421081493e+04,-2.489550870411e+00,3.635855414970e-01,1.956485045862e-01
2.670484334e+04,-8.633570910101e+04,3.797113020731e+04,2.055332048047e+04,-2.485797650287e+00,3.619348703476e-01,1.947536065235e-01
2.680306193e+04,-8.657967642038e+04,3.800659804539e+04,2.057240504842e+04,-2.482049081258e+00,3.602893720252e-01,1.938615044727e-01
2.690161672e+04,-8.682410957767e+04,3.804202535709e+04,2.059146715106e+04,-2.478304614338e+00,3.586487912007e-01,1.929720599466e-01
2.700050749e+04,-8.706900596905e+04,3.807741145303e+04,2.061050641409e+04,-2.474564290945e+00,3.570131323622e-01,1.920852753154e-01
2.709972559e+04,-8.731434205509e+04,3.811275263749e+04,2.062952084577e+04,-2.470828470227e+00,3.553825384552e-01,1.912012280162e-01
2.719926562e+04,-8.756010256553e+04,3.814804644225e+04,2.064850911499e+04,-2.467097381581e+00,3.537570948154e-01,1.903199642547e-01
2.729915148e+04,-8.780634441708e+04,3.818330074528e+04,2.066747545679e+04,-2.463370160537e+00,3.521364108812e-01,1.894412722184e-01
2.739937138e+04,-8.805303644583e+04,3.821851077215e+04,2.068641729913e+04,-2.459647280082e+00,3.505206788963e-01,1.885652560727e-01
2.749992495e+04,-8.830017565343e+04,3.825367580500e+04,2.070533425248e+04,-2.455928784322e+00,3.489099039877e-01,1.876919185351e-01
2.760081853e+04,-8.854777558013e+04,3.828879747380e+04,2.072422719024e+04,-2.452214469003e+00,3.473039839059e-01,1.868212041042e-01
2.770204117e+04,-8.879580730667e+04,3.832387139006e+04,2.074309374834e+04,-2.448504766298e+00,3.457030915023e-01,1.859532064359e-01
2.780361390e+04,-8.904432027962e+04,3.835890424630e+04,2.076193752327e+04,-2.444798936279e+00,3.441068938890e-01,1.850877449759e-01
2.790552207e+04,-8.929327651909e+04,3.839389038148e+04,2.078075546645e+04,-2.441097545600e+00,3.425156218176e-01,1.842249447733e-01
2.800777712e+04,-8.954270188925e+04,3.842883313149e+04,2.079954936861e+04,-2.437400209107e+00,3.409290962084e-01,1.833647086657e-01
2.811036596e+04,-8.979256240300e+04,3.846372744164e+04,2.081831650758e+04,-2.433707429362e+00,3.393475191164e-01,1.825071461461e-01
2.821328782e+04,-9.004285414834e+04,3.849857249734e+04,2.083705644185e+04,-2.430019260351e+00,3.377708994394e-01,1.816522619771e-01
2.831656070e+04,-9.029361885355e+04,3.853337381497e+04,2.085577213461e+04,-2.426335085761e+00,3.361989602220e-01,1.807999059218e-01
2.842017938e+04,-9.054484170346e+04,3.856812902807e+04,2.087446230948e+04,-2.422655123501e+00,3.346317814722e-01,1.799501212971e-01
2.852413358e+04,-9.079649570776e+04,3.860283411985e+04,2.089312480281e+04,-2.418979766357e+00,3.330695168044e-01,1.791029913348e-01
2.862845773e+04,-9.104866203778e+04,3.863749996636e+04,2.091176545932e+04,-2.415307829690e+00,3.315116500081e-01,1.782582360550e-01
2.873312127e+04,-9.130126462944e+04,3.867211578966e+04,2.093037847959e+04,-2.411640422198e+00,3.299586389343e-01,1.774161036602e-01
2.883814179e+04,-9.155434384951e+04,3.870668682371e+04,2.094896667419e+04,-2.407976956493e+00,3.284102217329e-01,1.765764520940e-01
2.894349153e+04,-9.180783074028e+04,3.874120336982e+04,2.096752482466e+04,-2.404318427534e+00,3.268668053833e-01,1.757395019827e-01
2.904920389e+04,-9.206180359185e+04,3.877567580362e+04,2.098605850587e+04,-2.400663702648e+00,3.253278987002e-01,1.749049869053e-01
2.915526302e+04,-9.231622218228e+04,3.881009835609e+04,2.100456461226e+04,-2.397013360261e+00,3.237937326018e-01,1.740730320160e-01
2.926168373e+04,-9.257111987843e+04,3.884447523683e+04,2.102304540306e+04,-2.393366920722e+00,3.222640927829e-01,1.732435210326e-01
2.936844821e+04,-9.282645188268e+04,3.887880010681e+04,2.104149746660e+04,-2.389725023165e+00,3.207392344881e-01,1.724165923051e-01
2.947557968e+04,-9.308227162837e+04,3.891307984640e+04,2.105992449760e+04,-2.386086904184e+00,3.192188254049e-01,1.715920655530e-01
2.958305322e+04,-9.333851744045e+04,3.894730589383e+04,2.107832188976e+04,-2.382453439022e+00,3.177032185410e-01,1.707701321469e-01
2.969088155e+04,-9.359521759015e+04,3.898148174966e+04,2.109669152090e+04,-2.378824222763e+00,3.161922317194e-01,1.699506932239e-01
2.979907976e+04,-9.385240583537e+04,3.901561159265e+04,2.111503563301e+04,-2.375198777893e+00,3.146856539352e-01,1.691336342821e-01
2.990763813e+04,-9.411005684370e+04,3.904969174018e+04,2.113335224254e+04,-2.371577461695e+00,3.131836216432e-01,1.683190292538e-01
3.001655303e+04,-9.436815984238e+04,3.908372046990e+04,2.115164041975e+04,-2.367960423435e+00,3.116861841862e-01,1.675069048309e-01
3.012583423e+04,-9.462673582856e+04,3.911770024621e+04,2.116990148496e+04,-2.364347367264e+00,3.101932067256e-01,1.666971878148e-01
3.023547261e+04,-9.488576107759e+04,3.915162764939e+04,2.118813359623e+04,-2.360738622837e+00,3.087048131236e-01,1.658899453129e-01
3.034547535e+04,-9.514525037499e+04,3.918550431995e+04,2.120633763099e+04,-2.357133981682e+00,3.072209049411e-01,1.650851238665e-01
3.045584065e+04,-9.540519735739e+04,3.921932912567e+04,2.122451297662e+04,-2.353533530155e+00,3.057415054515e-01,1.642827360283e-01
3.056657356e+04,-9.566561169400e+04,3.925310302126e+04,2.124266014188e+04,-2.349937132408e+00,3.042665466573e-01,1.634827448475e-01
3.067768930e+04,-9.592652694890e+04,3.928683002858e+04,2.126078128326e+04,-2.346344325517e+00,3.027958272562e-01,1.626850410677e-01
3.078916520e+04,-9.618788762310e+04,3.932050265666e+04,2.127887237153e+04,-2.342755872897e+00,3.013296479951e-01,1.618897877384e-01
3.090099050e+04,-9.644966646943e+04,3.935411713141e+04,2.129693137494e+04,-2.339172142786e+00,2.998681463086e-01,1.610970593368e-01
3.101319669e+04,-9.671193507872e+04,3.938768235357e+04,2.131496307101e+04,-2.335592151846e+00,2.984109089013e-01,1.603066316182e-01
3.112576733e+04,-9.697465277511e+04,3.942119280560e+04,2.133296449116e+04,-2.332016453810e+00,2.969581494306e-01,1.595186204009e-01
3.123872130e+04,-9.723786141099e+04,3.945465351341e+04,2.135093833074e+04,-2.328444477542e+00,2.955096241658e-01,1.587328934060e-01
3.135203840e+04,-9.750151170410e+04,3.948805790431e+04,2.136888105460e+04,-2.324876889815e+00,2.940655917451e-01,1.579495908545e-01
3.146574853e+04,-9.776567097240e+04,3.952141418840e+04,2.138679706806e+04,-2.321312778665e+00,2.926256715973e-01,1.571685062342e-01
3.157982825e+04,-9.803028248042e+04,3.955471487575e+04,2.140468234346e+04,-2.317752909070e+00,2.911901615421e-01,1.563898010217e-01
3.169430266e+04,-9.829540216675e+04,3.958796668100e+04,2.142254048236e+04,-2.314196527825e+00,2.897587466357e-01,1.556133042970e-01
3.180912504e+04,-9.856091966625e+04,3.962115547162e+04,2.144036389026e+04,-2.310645111494e+00,2.883320091860e-01,1.548393318714e-01
3.192433276e+04,-9.882691933099e+04,3.965429151770e+04,2.145815807807e+04,-2.307097526344e+00,2.869094813833e-01,1.540676298981e-01
3.203991889e+04,-9.909338286121e+04,3.968737222387e+04,2.147592164728e+04,-2.303554014722e+00,2.854912491014e-01,1.532982448868e-01
3.215588750e+04,-9.936031742380e+04,3.972039817133e+04,2.149365490520e+04,-2.300014478880e+00,2.840772617895e-01,1.525311493387e-01
3.227223240e+04,-9.962770655369e+04,3.975336702039e+04,2.151135659077e+04,-2.296479134100e+00,2.826675939232e-01,1.517663835822e-01
3.238897539e+04,-9.989559808991e+04,3.978628434710e+04,2.152902969293e+04,-2.292947346540e+00,2.812619817467e-01,1.510038044484e-01
3.250611912e+04,-1.001639956879e+05,3.981915024554e+04,2.154667425691e+04,-2.289419069532e+00,2.798603964606e-01,1.502433962312e-01
3.262363684e+04,-1.004328357898e+05,3.985195661594e+04,2.156428592924e+04,-2.285895136616e+00,2.784631581113e-01,1.494853324892e-01
3.274153828e+04,-1.007021384649e+05,3.988470561799e+04,2.158186586450e+04,-2.282375280215e+00,2.770701489365e-01,1.487295492565e-01
3.285983647e+04,-1.009719311973e+05,3.991740027451e+04,2.159941568028e+04,-2.278859139210e+00,2.756812150879e-01,1.479759629837e-01
3.297851188e+04,-1.012421672035e+05,3.995003460890e+04,2.161693216344e+04,-2.275347320266e+00,2.742965850374e-01,1.472246975542e-01
3.309757596e+04,-1.015128703495e+05,3.998261121064e+04,2.163441669892e+04,-2.271839508835e+00,2.729161233055e-01,1.464756793844e-01
3.321701609e+04,-1.017840097967e+05,4.001512608032e+04,2.165186713520e+04,-2.268336099682e+00,2.715399737361e-01,1.457289864462e-01
3.333685170e+04,-1.020556273986e+05,4.004758394183e+04,2.166928600252e+04,-2.264836547718e+00,2.701679109055e-01,1.449844963491e-01
3.345708584e+04,-1.023277277617e+05,4.007998502113e+04,2.168667341678e+04,-2.261340791806e+00,2.687999002354e-01,1.442421902498e-01
3.357772629e+04,-1.026003261343e+05,4.011233079693e+04,2.170403016604e+04,-2.257848635276e+00,2.674358544690e-01,1.435020207183e-01
3.369877514e+04,-1.028734248000e+05,4.014462119225e+04,2.172135620336e+04,-2.254360048974e+00,2.660757522047e-01,1.427639760570e-01
3.382022366e+04,-1.031470017420e+05,4.017685326836e+04,2.173864994634e+04,-2.250875313083e+00,2.647196924193e-01,1.420281098911e-01
3.394205275e+04,-1.034210116734e+05,4.020902139661e+04,2.175590836976e+04,-2.247394999642e+00,2.633678865607e-01,1.412945368848e-01
3.406428865e+04,-1.036955113894e+05,4.024113194427e+04,2.177313488436e+04,-2.243918383032e+00,2.620200418307e-01,1.405630980682e-01
3.418691091e+04,-1.039704526661e+05,4.027317896445e+04,2.179032629437e+04,-2.240446070185e+00,2.606763827376e-01,1.398339151955e-01
3.430993123e+04,-1.042458595696e+05,4.030516497165e+04,2.180748394333e+04,-2.236977751969e+00,2.593367785749e-01,1.391069172553e-01
3.443337452e+04,-1.045217854480e+05,4.033709582261e+04,2.182461096705e+04,-2.233512755442e+00,2.580009594400e-01,1.383819576870e-01
3.455722931e+04,-1.047982021898e+05,4.036896790918e+04,2.184170542420e+04,-2.230051433788e+00,2.566690518822e-01,1.376591050814e-01
3.468149170e+04,-1.050750987297e+05,4.040077962507e+04,2.185876644741e+04,-2.226593923560e+00,2.553410983374e-01,1.369383823840e-01
3.480613334e+04,-1.053524097164e+05,4.043252317972e+04,2.187578985308e+04,-2.223141034649e+00,2.540173987683e-01,1.362199523150e-01
3.493117517e+04,-1.056301795445e+05,4.046420338547e+04,2.189277821662e+04,-2.219692206996e+00,2.526977271386e-01,1.355036921170e-01
3.505666946e+04,-1.059085218544e+05,4.049583283486e+04,2.190973828438e+04,-2.216246030615e+00,2.513815347411e-01,1.347893038837e-01
3.518253834e+04,-1.061872615185e+05,4.052739129728e+04,2.192665920249e+04,-2.212804671459e+00,2.500696388484e-01,1.340772311185e-01
3.530882888e+04,-1.064665005814e+05,4.055889004177e+04,2.194354700751e+04,-2.209366863455e+00,2.487615459164e-01,1.333672058539e-01
3.543554141e+04,-1.067462372993e+05,4.059032852465e+04,2.196040140170e+04,-2.205932627034e+00,2.474572541819e-01,1.326592270428e-01
3.556264610e+04,-1.070264035571e+05,4.062169878734e+04,2.197721811249e+04,-2.202502793689e+00,2.461570690235e-01,1.319534603627e-01
3.569016997e+04,-1.073070566101e+05,4.065300694402e+04,2.199400041165e+04,-2.199076657140e+00,2.448607121864e-01,1.312497546877e-01
3.581809612e+04,-1.075881569973e+05,4.068424828480e+04,2.201074576847e+04,-2.195654694634e+00,2.435683540054e-01,1.305482023955e-01
3.594647073e+04,-1.078698036833e+05,4.071543346360e+04,2.202745988701e+04,-2.192235699935e+00,2.422795294863e-01,1.298485509741e-01
3.607525754e+04,-1.081519146667e+05,4.074655304534e+04,2.204413770381e+04,-2.188820667783e+00,2.409946044184e-01,1.291509989024e-01
3.620446307e+04,-1.084345018610e+05,4.077760803227e+04,2.206077974976e+04,-2.185409449614e+00,2.397135128488e-01,1.284555102888e-01
3.633410103e+04,-1.087175928469e+05,4.080860111880e+04,2.207738746227e+04,-2.182001710088e+00,2.384361193245e-01,1.277620115060e-01
3.646415364e+04,-1.090011463597e+05,4.083952745912e+04,2.209395823820e+04,-2.178597942772e+00,2.371625992073e-01,1.270705976675e-01
3.659461338e+04,-1.092851437752e+05,4.087038473097e+04,2.211049082709e+04,-2.175198364992e+00,2.358930234393e-01,1.263813072032e-01
3.672552413e+04,-1.095696781402e+05,4.090118270694e+04,2.212699045818e+04,-2.171801860381e+00,2.346269657138e-01,1.256939085659e-01
3.685684313e+04,-1.098546540828e+05,4.093191072810e+04,2.214345141435e+04,-2.168409564671e+00,2.333648399880e-01,1.250086264177e-01
3.698859781e+04,-1.101401288023e+05,4.096257464981e+04,2.215987682578e+04,-2.165020792268e+00,2.321063813499e-01,1.243253168325e-01
3.712076676e+04,-1.104260534748e+05,4.099316891013e+04,2.217626370651e+04,-2.161636118411e+00,2.308517937326e-01,1.236440904492e-01
3.725339495e+04,-1.107125229568e+05,4.102370331271e+04,2.219261730058e+04,-2.158254418097e+00,2.296006510453e-01,1.229647158094e-01
3.738641482e+04,-1.109993889084e+05,4.105416173304e+04,2.220892896534e+04,-2.154877437633e+00,2.283535896702e-01,1.222875383792e-01
3.751988165e+04,-1.112867682666e+05,4.108455629328e+04,2.222520518610e+04,-2.151503794023e+00,2.271100888365e-01,1.216122752818e-01
3.765377575e+04,-1.115746161638e+05,4.111488190957e+04,2.224144323340e+04,-2.148134011056e+00,2.258703324721e-01,1.209390262999e-01
3.778811068e+04,-1.118629593309e+05,4.114514107074e+04,2.225764443286e+04,-2.144767771921e+00,2.246341946979e-01,1.202677229798e-01
3.792288737e+04,-1.121517972670e+05,4.117533338060e+04,2.227380856512e+04,-2.141405079802e+00,2.234016677096e-01,1.195983609852e-01
3.805809125e+04,-1.124410963149e+05,4.120545499830e+04,2.228993356679e+04,-2.138046322167e+00,2.221728841767e-01,1.189310122710e-01
3.819373665e+04,-1.127308847472e+05,4.123550854809e+04,2.230602083560e+04,-2.134691166082e+00,2.209477129193e-01,1.182656054989e-01
3.832981680e+04,-1.130211456603e+05,4.126549195037e+04,2.232206925114e+04,-2.131339803059e+00,2.197262146650e-01,1.176021735539e-01
3.846637913e+04,-1.133119775679e+05,4.129541500449e+04,2.233808405057e+04,-2.127991095298e+00,2.185079664986e-01,1.169404866325e-01
3.860335284e+04,-1.136032272062e+05,4.132526159815e+04,2.235405660306e+04,-2.124646804477e+00,2.172936004880e-01,1.162808879395e-01
3.874077775e+04,-1.138949768695e+05,4.135503986490e+04,2.236999125417e+04,-2.121305979182e+00,2.160827615341e-01,1.156231845044e-01
3.887865650e+04,-1.141872296490e+05,4.138474976782e+04,2.238588797639e+04,-2.117968581542e+00,2.148754273202e-01,1.149673641020e-01
3.901695447e+04,-1.144799097566e+05,4.141438329454e+04,2.240174247523e+04,-2.114635471071e+00,2.136718993833e-01,1.143135904305e-01
3.915571373e+04,-1.147731038204e+05,4.144394890136e+04,2.241755926750e+04,-2.111305655735e+00,2.124718102784e-01,1.136616637908e-01
3.929490523e+04,-1.150667479889e+05,4.147343982067e+04,2.243333472502e+04,-2.107979856230e+00,2.112754108119e-01,1.130117203283e-01
3.943455381e+04,-1.153608922342e+05,4.150286075076e+04,2.244907135334e+04,-2.104657501406e+00,2.100824864593e-01,1.123636434031e-01
3.957463710e+04,-1.156554869882e+05,4.153220641282e+04,2.246476632123e+04,-2.101339145943e+00,2.088932273641e-01,1.117175362137e-01
3.971518575e+04,-1.159505942479e+05,4.156148265395e+04,2.248042274799e+04,-2.098024086828e+00,2.077073727301e-01,1.110732569712e-01
3.985618532e+04,-1.162461811168e+05,4.159068586399e+04,2.249603869481e+04,-2.094712690226e+00,2.065250450588e-01,1.104308721255e-01
3.999765178e+04,-1.165422785443e+05,4.161981875510e+04,2.251161560375e+04,-2.091404605887e+00,2.053461108211e-01,1.097903090208e-01
4.013957579e+04,-1.168388644012e+05,4.164887879886e+04,2.252715211455e+04,-2.088100077860e+00,2.041706486487e-01,1.091516102733e-01
4.028195939e+04,-1.171359404377e+05,4.167786582789e+04,2.254264812945e+04,-2.084799082481e+00,2.029986415836e-01,1.085147665625e-01
4.042479990e+04,-1.174334985453e+05,4.170677871593e+04,2.255810303804e+04,-2.081501705336e+00,2.018301114365e-01,1.078797896341e-01
4.056810360e+04,-1.177315492444e+05,4.173561814841e+04,2.257351719835e+04,-2.078207825394e+00,2.006650067984e-01,1.072466514457e-01
4.071187429e+04,-1.180300979265e+05,4.176438430038e+04,2.258889069532e+04,-2.074917379285e+00,1.995032969439e-01,1.066153351913e-01
4.085607991e+04,-1.183290755564e+05,4.179307021202e+04,2.260421980127e+04,-2.071631121192e+00,1.983452391698e-01,1.059859805932e-01
4.100078288e+04,-1.186286089879e+05,4.182168771107e+04,2.261951082797e+04,-2.068347652633e+00,1.971903323507e-01,1.053583152015e-01
4.114594672e+04,-1.189286200613e+05,4.185022895678e+04,2.263475957678e+04,-2.065067828355e+00,1.960388693832e-01,1.047324980828e-01
4.129158086e+04,-1.192291256929e+05,4.187869522225e+04,2.264996671915e+04,-2.061791458611e+00,1.948907752694e-01,1.041084883665e-01
4.143769158e+04,-1.195301362469e+05,4.190708713623e+04,2.266513258192e+04,-2.058518426743e+00,1.937460010742e-01,1.034862593421e-01
4.158423732e+04,-1.198315636665e+05,4.193539608707e+04,2.268025255660e+04,-2.055249683114e+00,1.926048703422e-01,1.028659867638e-01
4.173127055e+04,-1.201335134076e+05,4.196363166204e+04,2.269533175507e+04,-2.051984077741e+00,1.914669729766e-01,1.022474476123e-01
4.187881216e+04,-1.204360255726e+05,4.199179720567e+04,2.271037195354e+04,-2.048721176827e+00,1.903321507650e-01,1.016305557607e-01
4.202679483e+04,-1.207389595133e+05,4.201987927825e+04,2.272536596609e+04,-2.045462492875e+00,1.892009216578e-01,1.010155926541e-01
4.217526720e+04,-1.210424123292e+05,4.204788656262e+04,2.274031841981e+04,-2.042206974912e+00,1.880729122961e-01,1.004023552161e-01
4.232423067e+04,-1.213463841472e+05,4.207581869287e+04,2.275522910953e+04,-2.038954619268e+00,1.869481139398e-01,9.979083857340e-02
4.247364045e+04,-1.216507810942e+05,4.210366672204e+04,2.277009325006e+04,-2.035706423943e+00,1.858268633232e-01,9.918122568635e-02
4.262356812e+04,-1.219557463416e+05,4.213144339722e+04,2.278491763564e+04,-2.032460856836e+00,1.847086237044e-01,9.857322461582e-02
4.277395188e+04,-1.222611515202e+05,4.215913666604e+04,2.279969582409e+04,-2.029219280366e+00,1.835938568104e-01,9.796708628831e-02
4.292481673e+04,-1.225670449660e+05,4.218675059947e+04,2.281442997857e+04,-2.025981174296e+00,1.824823752521e-01,9.736270870263e-02
4.307614976e+04,-1.228733979303e+05,4.221428227812e+04,2.282911853185e+04,-2.022746836557e+00,1.813742730527e-01,9.676014287053e-02
4.322798898e+04,-1.231802847291e+05,4.224173802866e+04,2.284376484934e+04,-2.019515478042e+00,1.802692721145e-01,9.615923744690e-02
4.338029852e+04,-1.234876302228e+05,4.226911077694e+04,2.285836514724e+04,-2.016287885339e+00,1.791676337000e-01,9.556013438648e-02
4.353312103e+04,-1.237955178294e+05,4.229640759523e+04,2.287292318762e+04,-2.013063178137e+00,1.780690497328e-01,9.496266602532e-02
4.368643168e+04,-1.241038947509e+05,4.232362342673e+04,2.288743626297e+04,-2.009841906355e+00,1.769737002874e-01,9.436693016979e-02
4.384021933e+04,-1.244127360327e+05,4.235075573999e+04,2.290190301340e+04,-2.006624324312e+00,1.758816638189e-01,9.377296937150e-02
4.399450988e+04,-1.247220910442e+05,4.237780852809e+04,2.291632555767e+04,-2.003409912287e+00,1.747927561896e-01,9.318068335527e-02
4.414931367e+04,-1.250319777485e+05,4.240478297680e+04,2.293070451698e+04,-2.000198480982e+00,1.737069062262e-01,9.259003327629e-02
4.430459424e+04,-1.253423204730e+05,4.243167214860e+04,2.294503618264e+04,-1.996990809536e+00,1.726243697817e-01,9.200115818114e-02
4.446038382e+04,-1.256531810521e+05,4.245848105862e+04,2.295932321714e+04,-1.993786253148e+00,1.715449215480e-01,9.141393538350e-02
4.461665105e+04,-1.259644942259e+05,4.248520373813e+04,2.297356242898e+04,-1.990585478698e+00,1.704687784650e-01,9.082848277495e-02
4.477342447e+04,-1.262763143123e+05,4.251184451531e+04,2.298775611386e+04,-1.987387921370e+00,1.693957428604e-01,9.024469269271e-02
4.493069231e+04,-1.265886151756e+05,4.253840080556e+04,2.300190288379e+04,-1.984193843933e+00,1.683258954487e-01,8.966260892177e-02
4.508846516e+04,-1.269014152057e+05,4.256487382532e+04,2.301600337578e+04,-1.981003052709e+00,1.672591638482e-01,8.908219195270e-02
4.524673067e+04,-1.272146872605e+05,4.259126093513e+04,2.303005617296e+04,-1.977815818586e+00,1.661956310578e-01,8.850348681862e-02
4.540552583e+04,-1.275285018295e+05,4.261756770357e+04,2.304406422944e+04,-1.974631420111e+00,1.651350492232e-01,8.792635851910e-02
4.556481815e+04,-1.278427919235e+05,4.264378814375e+04,2.305802434562e+04,-1.971450532857e+00,1.640776362935e-01,8.735092551831e-02
4.572461956e+04,-1.281575784406e+05,4.266992365538e+04,2.307193725539e+04,-1.968272939242e+00,1.630233124730e-01,8.677714426234e-02
4.588492807e+04,-1.284728547214e+05,4.269597333283e+04,2.308580246511e+04,-1.965098700941e+00,1.619720909267e-01,8.620502178317e-02
4.604575547e+04,-1.287886412649e+05,4.272193850848e+04,2.309962067213e+04,-1.961927606528e+00,1.609238944973e-01,8.563451595266e-02
4.620709700e+04,-1.291049259297e+05,4.274781781727e+04,2.311339113802e+04,-1.958759773168e+00,1.598787548831e-01,8.506564388593e-02
4.636894517e+04,-1.294216913602e+05,4.277360948978e+04,2.312711290945e+04,-1.955595368739e+00,1.588367201922e-01,8.449843163411e-02
4.653131668e+04,-1.297389674995e+05,4.279931560679e+04,2.314078708139e+04,-1.952434088616e+00,1.577976829816e-01,8.393282057572e-02
4.669422410e+04,-1.300567760728e+05,4.282493753982e+04,2.315441437074e+04,-1.949275712797e+00,1.567615643197e-01,8.336876759830e-02
4.685761241e+04,-1.303750070606e+05,4.285046608305e+04,2.316798986939e+04,-1.946121327660e+00,1.557287131869e-01,8.280646255006e-02
4.702152846e+04,-1.306937491247e+05,4.287590802545e+04,2.318151717575e+04,-1.942970046514e+00,1.546988316742e-01,8.224574311241e-02
4.718596501e+04,-1.310129854108e+05,4.290126165467e+04,2.319499536673e+04,-1.939822030876e+00,1.536719656851e-01,8.168663413498e-02
4.735091986e+04,-1.313327089058e+05,4.292652606066e+04,2.320842394605e+04,-1.936677343833e+00,1.526481287263e-01,8.112914283215e-02
4.751641147e+04,-1.316529526260e+05,4.295170348330e+04,2.322180409133e+04,-1.933535655529e+00,1.516272065986e-01,8.057320687647e-02
4.768242369e+04,-1.319736824888e+05,4.297679087422e+04,2.323513416956e+04,-1.930397295129e+00,1.506092994805e-01,8.001888067413e-02
4.784897077e+04,-1.322949232438e+05,4.300178980576e+04,2.324841500316e+04,-1.927262014863e+00,1.495943201654e-01,7.946611658970e-02
4.801605221e+04,-1.326166711091e+05,4.302669960703e+04,2.326164622234e+04,-1.924129846801e+00,1.485822724095e-01,7.891491651971e-02
4.818365021e+04,-1.329388890586e+05,4.305151705899e+04,2.327482610418e+04,-1.921001144976e+00,1.475732636413e-01,7.836533883017e-02
4.835179854e+04,-1.332616392070e+05,4.307624657781e+04,2.328795698053e+04,-1.917875300748e+00,1.465670908636e-01,7.781727280566e-02
4.852045439e+04,-1.335848366265e+05,4.310088130153e+04,2.330103519448e+04,-1.914753130255e+00,1.455640098982e-01,7.727085764724e-02
4.868964242e+04,-1.339085259175e+05,4.312542429875e+04,2.331406236206e+04,-1.911634194723e+00,1.445638725669e-01,7.672601249603e-02
4.885940847e+04,-1.342327917743e+05,4.314988158241e+04,2.332704166031e+04,-1.908517674901e+00,1.435664101230e-01,7.618259078484e-02
4.902967268e+04,-1.345574788502e+05,4.317424106881e+04,2.333996666256e+04,-1.905405058005e+00,1.425720919263e-01,7.564084807108e-02
4.920048006e+04,-1.348826703512e+05,4.319850867625e+04,2.335284049576e+04,-1.902295537881e+00,1.415806532151e-01,7.510063996072e-02
4.937186013e+04,-1.352084194794e+05,4.322268796874e+04,2.336566503568e+04,-1.899188602260e+00,1.405919246402e-01,7.456187401593e-02
4.954377600e+04,-1.355346531706e+05,4.324677312819e+04,2.337843718159e+04,-1.896084943700e+00,1.396061204319e-01,7.402466681037e-02
4.971622528e+04,-1.358613641420e+05,4.327076326974e+04,2.339115645019e+04,-1.892984624217e+00,1.386232534546e-01,7.348902520413e-02
4.988924612e+04,-1.361886217603e+05,4.329466310221e+04,2.340382532312e+04,-1.889886980498e+00,1.376431071534e-01,7.295483101811e-02
5.006276567e+04,-1.365162855228e+05,4.331846202190e+04,2.341643816530e+04,-1.886793334818e+00,1.366660930694e-01,7.242230839730e-02
5.023686330e+04,-1.368445025048e+05,4.334217036414e+04,2.342900043976e+04,-1.883702291117e+00,1.356917635428e-01,7.189121319136e-02
5.041151427e+04,-1.371732230869e+05,4.336578413894e+04,2.344151001658e+04,-1.880614312706e+00,1.347202587109e-01,7.136162161731e-02
5.058671243e+04,-1.375024328385e+05,4.338930194170e+04,2.345396613654e+04,-1.877529528832e+00,1.337516128126e-01,7.083355217901e-02
5.076246070e+04,-1.378321344293e+05,4.341272360170e+04,2.346636869406e+04,-1.874447907719e+00,1.327858093770e-01,7.030699573737e-02
5.093877254e+04,-1.381623502055e+05,4.343605032952e+04,2.347871831460e+04,-1.871369234596e+00,1.318227748389e-01,6.978191201956e-02
5.111565193e+04,-1.384930846339e+05,4.345928204735e+04,2.349101494089e+04,-1.868293462813e+00,1.308624886038e-01,6.925828962580e-02
5.129306614e+04,-1.388242737225e+05,4.348241390190e+04,2.350325598856e+04,-1.865221180365e+00,1.299051277771e-01,6.873622496589e-02
5.147104052e+04,-1.391559619944e+05,4.350544865567e+04,2.351544290409e+04,-1.862151966402e+00,1.289505546134e-01,6.821564276527e-02
5.164958919e+04,-1.394881728218e+05,4.352838754358e+04,2.352757632441e+04,-1.859085599161e+00,1.279986941283e-01,6.769650195833e-02
5.182869730e+04,-1.398208756093e+05,4.355122806862e+04,2.353965491226e+04,-1.856022355263e+00,1.270496261461e-01,6.717884590851e-02
5.200837740e+04,-1.401540907611e+05,4.357397125270e+04,2.355167919153e+04,-1.852962040678e+00,1.261032844495e-01,6.666263832654e-02
5.218861073e+04,-1.404877805928e+05,4.359661415466e+04,2.356364759077e+04,-1.849904994716e+00,1.251597677480e-01,6.614793288618e-02
5.236941055e+04,-1.408219668198e+05,4.361915788793e+04,2.357556068211e+04,-1.846851011068e+00,1.242190060510e-01,6.563469123778e-02
5.255079557e+04,-1.411566810087e+05,4.364160418959e+04,2.358741936620e+04,-1.843799795685e+00,1.232809029222e-01,6.512286059051e-02
5.273275387e+04,-1.414918981824e+05,4.366395098779e+04,2.359922253092e+04,-1.840751570867e+00,1.223455209325e-01,6.461247490152e-02
5.291530030e+04,-1.418276426351e+05,4.368619950510e+04,2.361097080432e+04,-1.837706110248e+00,1.214127848618e-01,6.410349294475e-02
5.309840026e+04,-1.421638478621e+05,4.370834496214e+04,2.362266164532e+04,-1.834664010171e+00,1.204828712838e-01,6.359601089758e-02
5.328208702e+04,-1.425005720279e+05,4.373039082219e+04,2.363429686486e+04,-1.831624737126e+00,1.195556110066e-01,6.308993625066e-02
5.346635063e+04,-1.428377938805e+05,4.375233530334e+04,2.364587550444e+04,-1.828588476927e+00,1.186310549357e-01,6.258529660270e-02
5.365117954e+04,-1.431754894003e+05,4.377417647845e+04,2.365739652960e+04,-1.825555438294e+00,1.177092605105e-01,6.208212312779e-02
5.383662669e+04,-1.435137522505e+05,4.379591999922e+04,2.366886290282e+04,-1.822524774719e+00,1.167899649227e-01,6.158027217721e-02
5.402262546e+04,-1.438524578941e+05,4.381755747207e+04,2.368027017923e+04,-1.819497595676e+00,1.158734989549e-01,6.107992414072e-02
5.420924378e+04,-1.441917270528e+05,4.383909622240e+04,2.369162220213e+04,-1.816472815735e+00,1.149595282364e-01,6.058089627960e-02
5.439640233e+04,-1.445314125681e+05,4.386052653623e+04,2.370291383330e+04,-1.813451739530e+00,1.140484410397e-01,6.008340040633e-02
5.458418919e+04,-1.448716713253e+05,4.388185793339e+04,2.371415006990e+04,-1.810432964682e+00,1.131398086021e-01,5.958720220926e-02
5.477254669e+04,-1.452123957595e+05,4.390308326260e+04,2.372532712533e+04,-1.807417440005e+00,1.122339110876e-01,5.909245448578e-02
5.496151057e+04,-1.455536475194e+05,4.392420598312e+04,2.373644680196e+04,-1.804404612864e+00,1.113305767224e-01,5.859906323241e-02
5.515106712e+04,-1.458953987799e+05,4.394522397078e+04,2.374750796161e+04,-1.801394722960e+00,1.104298719087e-01,5.810706451841e-02
5.534119698e+04,-1.462376116710e+05,4.396613453317e+04,2.375850916818e+04,-1.798388095718e+00,1.095318880857e-01,5.761650810372e-02
5.553194315e+04,-1.465803606170e+05,4.398694183216e+04,2.376945259133e+04,-1.795384070307e+00,1.086364222467e-01,5.712728289236e-02
5.572326187e+04,-1.469235639612e+05,4.400764052852e+04,2.378033540293e+04,-1.792383355196e+00,1.077436799163e-01,5.663950097360e-02
5.591520726e+04,-1.472673157424e+05,4.402823590368e+04,2.379116035940e+04,-1.789385121339e+00,1.068534089014e-01,5.615302435254e-02
5.610777050e+04,-1.476115969244e+05,4.404872638174e+04,2.380192661064e+04,-1.786389530276e+00,1.059656522186e-01,5.566787631850e-02
5.630090619e+04,-1.479563233403e+05,4.406910657877e+04,2.381263130739e+04,-1.783397306553e+00,1.050806188872e-01,5.518417090038e-02
5.649462914e+04,-1.483015186120e+05,4.408937755209e+04,2.382327498535e+04,-1.780408235416e+00,1.041982392603e-01,5.470186984633e-02
5.668898831e+04,-1.486472668297e+05,4.410954383577e+04,2.383386000362e+04,-1.777421582371e+00,1.033182912207e-01,5.422085153892e-02
5.688393400e+04,-1.489934765111e+05,4.412959969374e+04,2.384438332972e+04,-1.774438131052e+00,1.024410003281e-01,5.374123906870e-02
5.707950441e+04,-1.493402124265e+05,4.414954849310e+04,2.385484670887e+04,-1.771457315832e+00,1.015661947645e-01,5.326293829688e-02
5.727566978e+04,-1.496874187393e+05,4.416938663041e+04,2.386524822915e+04,-1.768479609512e+00,1.006940078880e-01,5.278602192721e-02
5.747250083e+04,-1.500352173844e+05,4.418912064156e+04,2.387559129426e+04,-1.765503961145e+00,9.982412698223e-02,5.231031873962e-02
5.766989357e+04,-1.503834215286e+05,4.420873953260e+04,2.388587011963e+04,-1.762531961982e+00,9.895701188546e-02,5.183607998790e-02
5.786793877e+04,-1.507321882653e+05,4.422825177856e+04,2.389608912345e+04,-1.759562263024e+00,9.809226347996e-02,5.136308717943e-02
5.806660653e+04,-1.510814616333e+05,4.424765381165e+04,2.390624641309e+04,-1.756595335665e+00,9.723001426675e-02,5.089141255676e-02
5.826588290e+04,-1.514312140510e+05,4.426694371174e+04,2.391634096048e+04,-1.753631406516e+00,9.637032475519e-02,5.042108900426e-02
5.846575960e+04,-1.517814280118e+05,4.428612015145e+04,2.392637204862e+04,-1.750670614872e+00,9.551322970204e-02,4.995213532874e-02
5.866624236e+04,-1.521321106081e+05,4.430518316275e+04,2.393633967183e+04,-1.747712891384e+00,9.465870334136e-02,4.948453722500e-02
5.886738154e+04,-1.524833467191e+05,4.432413694784e+04,2.394624600305e+04,-1.744757513522e+00,9.380653192390e-02,4.901817750021e-02
5.906915094e+04,-1.528350873166e+05,4.434297842711e+04,2.395608940752e+04,-1.741804888222e+00,9.295682806910e-02,4.855311754803e-02
5.927157704e+04,-1.531873752991e+05,4.436170946750e+04,2.396587083521e+04,-1.738854649558e+00,9.210948173135e-02,4.808929689922e-02
5.947461017e+04,-1.535401210097e+05,4.438032489807e+04,2.397558756105e+04,-1.735907541128e+00,9.126470143347e-02,4.762682946429e-02
5.967832291e+04,-1.538934473167e+05,4.439883077853e+04,2.398524272234e+04,-1.732962530108e+00,9.042218633092e-02,4.716555030863e-02
5.988263050e+04,-1.542472040101e+05,4.441721883254e+04,2.399483197558e+04,-1.730020861399e+00,8.958228761303e-02,4.670565147350e-02
6.008760519e+04,-1.546015130518e+05,4.443549500675e+04,2.400435839670e+04,-1.727081512849e+00,8.874470830782e-02,4.624697011607e-02
6.029315975e+04,-1.549562206100e+05,4.445365099146e+04,2.401381762942e+04,-1.724145751731e+00,8.790980420787e-02,4.578970085193e-02
6.049941595e+04,-1.553115335902e+05,4.447169697026e+04,2.402321495320e+04,-1.721211858182e+00,8.707708127345e-02,4.533357286005e-02
6.070630850e+04,-1.556673360729e+05,4.448962659375e+04,2.403254703336e+04,-1.718280784595e+00,8.624680555558e-02,4.487873160861e-02
6.091382859e+04,-1.560236098432e+05,4.450743856113e+04,2.404181316695e+04,-1.715352672332e+00,8.541901192354e-02,4.442519596552e-02
6.112199479e+04,-1.563803836031e+05,4.452513391740e+04,2.405101387117e+04,-1.712427277097e+00,8.459362624019e-02,4.397292507368e-02
6.133082078e+04,-1.567376775236e+05,4.454271324317e+04,2.406014942019e+04,-1.709504426472e+00,8.377059514977e-02,4.352188944502e-02
6.154026946e+04,-1.570954249947e+05,4.456017286812e+04,2.406921787956e+04,-1.706584656991e+00,8.295006473135e-02,4.307216889041e-02
6.175041536e+04,-1.574537499822e+05,4.457751841434e+04,2.407822214080e+04,-1.703666950142e+00,8.213174417248e-02,4.262360376142e-02
6.196115741e+04,-1.578124769715e+05,4.459474098753e+04,2.408715755896e+04,-1.700752726832e+00,8.131602708419e-02,4.217640956874e-02
6.217255256e+04,-1.581716999023e+05,4.461184474741e+04,2.409602626577e+04,-1.697841213354e+00,8.050269146390e-02,4.173046437432e-02
6.238464154e+04,-1.585314845829e+05,4.462883238101e+04,2.410482962438e+04,-1.694931870247e+00,7.969158228951e-02,4.128568290962e-02
6.259738432e+04,-1.588917597280e+05,4.464570007860e+04,2.411356563013e+04,-1.692025267685e+00,7.888285418595e-02,4.084214969287e-02
6.281076908e+04,-1.592525021156e+05,4.466244636448e+04,2.412223349008e+04,-1.689121584089e+00,7.807655184943e-02,4.039988898521e-02
6.302484729e+04,-1.596137954699e+05,4.467907469991e+04,2.413083496543e+04,-1.686220138281e+00,7.727248161340e-02,3.995879429108e-02
6.323958094e+04,-1.599755722498e+05,4.469558154047e+04,2.413936819169e+04,-1.683321465822e+00,7.647078751582e-02,3.951894435170e-02
6.345499175e+04,-1.603378657366e+05,4.471196798836e+04,2.414783370800e+04,-1.680425292239e+00,7.567138905927e-02,3.908029473343e-02
6.367107777e+04,-1.607006693078e+05,4.472823331094e+04,2.415623110423e+04,-1.677531663368e+00,7.487429451305e-02,3.864284969628e-02
6.388783631e+04,-1.610639750839e+05,4.474437672963e+04,2.416455994676e+04,-1.674640634528e+00,7.407951466205e-02,3.820661488267e-02
6.410527403e+04,-1.614277908796e+05,4.476039816546e+04,2.417282016282e+04,-1.671752135981e+00,7.328702590564e-02,3.777157706012e-02
6.432338723e+04,-1.617921071600e+05,4.477629677248e+04,2.418101128386e+04,-1.668866235806e+00,7.249684250799e-02,3.733774377831e-02
6.454216686e+04,-1.621569054876e+05,4.479207133578e+04,2.418913265185e+04,-1.665983071660e+00,7.170899758828e-02,3.690513294462e-02
6.476159958e+04,-1.625221604783e+05,4.480772037267e+04,2.419718347202e+04,-1.663102834572e+00,7.092353851701e-02,3.647377030323e-02
6.498172719e+04,-1.628879383638e+05,4.482324631044e+04,2.420516496030e+04,-1.660224993760e+00,7.014031601028e-02,3.604357358956e-02
6.520254047e+04,-1.632542204233e+05,4.483864791485e+04,2.421307644781e+04,-1.657349689260e+00,6.935936397880e-02,3.561456113483e-02
6.542402339e+04,-1.636209767661e+05,4.485392351750e+04,2.422091704394e+04,-1.654477147139e+00,6.858073933467e-02,3.518676391877e-02
6.564617105e+04,-1.639881960324e+05,4.486907225743e+04,2.422868627382e+04,-1.651607446693e+00,6.780445884338e-02,3.476019087629e-02
6.586904573e+04,-1.643559777374e+05,4.488409779846e+04,2.423638598086e+04,-1.648739802876e+00,6.703030600812e-02,3.433472273846e-02
6.609263247e+04,-1.647242935401e+05,4.489899849785e+04,2.424401528531e+04,-1.645874431141e+00,6.625833533930e-02,3.391038914030e-02
6.631690645e+04,-1.650930991288e+05,4.491377212046e+04,2.425157300626e+04,-1.643011668758e+00,6.548863360555e-02,3.348723746941e-02
6.654188707e+04,-1.654624229334e+05,4.492841937116e+04,2.425905946775e+04,-1.640151287148e+00,6.472113517688e-02,3.306523133951e-02
6.676752929e+04,-1.658321877121e+05,4.494293678083e+04,2.426647286100e+04,-1.637293875356e+00,6.395599365089e-02,3.264445491057e-02
6.699390073e+04,-1.662025008887e+05,4.495732814227e+04,2.427381508587e+04,-1.634438594829e+00,6.319298024627e-02,3.222478206231e-02
6.722096235e+04,-1.665732950902e+05,4.497159038747e+04,2.428108453857e+04,-1.631585957640e+00,6.243222784495e-02,3.180628556294e-02
6.744870444e+04,-1.669445511614e+05,4.498572238068e+04,2.428828060363e+04,-1.628736101507e+00,6.167376869762e-02,3.138898285513e-02
6.767715590e+04,-1.673163128421e+05,4.499972537221e+04,2.429540387993e+04,-1.625888681646e+00,6.091750674804e-02,3.097282078070e-02
6.790629986e+04,-1.676885492642e+05,4.501359777599e+04,2.430245352202e+04,-1.623043925769e+00,6.016349828955e-02,3.055783000265e-02
6.813613778e+04,-1.680612594749e+05,4.502733915117e+04,2.430942926769e+04,-1.620201831625e+00,5.941173836765e-02,3.014400748557e-02
6.836672279e+04,-1.684345260772e+05,4.504095208799e+04,2.431633239074e+04,-1.617361761837e+00,5.866205456615e-02,2.973125798492e-02
6.859802931e+04,-1.688083039884e+05,4.505443446356e+04,2.432316177183e+04,-1.614524052856e+00,5.791453213008e-02,2.931962808572e-02
6.883002892e+04,-1.691825438741e+05,4.506778407510e+04,2.432991625469e+04,-1.611689070264e+00,5.716926323683e-02,2.890916822199e-02
6.906277186e+04,-1.695573232463e+05,4.508100324638e+04,2.433659697317e+04,-1.608856218608e+00,5.642608742502e-02,2.849978968366e-02
6.929622357e+04,-1.699325828892e+05,4.509408943554e+04,2.434320259962e+04,-1.606025937643e+00,5.568511627314e-02,2.809155359013e-02
6.953040245e+04,-1.703083489165e+05,4.510704311880e+04,2.434973333185e+04,-1.603198021731e+00,5.494629197942e-02,2.768442775841e-02
6.976528862e+04,-1.706845859221e+05,4.511986264569e+04,2.435618829492e+04,-1.600372728404e+00,5.420967783166e-02,2.727844672530e-02
7.000093635e+04,-1.710613772615e+05,4.513255039660e+04,2.436256864240e+04,-1.597549423947e+00,5.347510492865e-02,2.687351704691e-02
7.023728389e+04,-1.714386205988e+05,4.514510247608e+04,2.436887237037e+04,-1.594728866913e+00,5.274276686549e-02,2.646974508904e-02
7.047434020e+04,-1.718163269106e+05,4.515751885362e+04,2.437509942097e+04,-1.591910964739e+00,5.201263531582e-02,2.606711490532e-02
7.071216095e+04,-1.721945813185e+05,4.516980187291e+04,2.438125092319e+04,-1.589095074196e+00,5.128453993008e-02,2.566553219613e-02
7.095066900e+04,-1.725732576133e+05,4.518194700462e+04,2.438732456303e+04,-1.586282125659e+00,5.055871736743e-02,2.526512713981e-02
7.118997561e+04,-1.729525287994e+05,4.519395933725e+04,2.439332283724e+04,-1.583470825914e+00,4.983483034006e-02,2.486571330012e-02
7.142997546e+04,-1.733322243456e+05,4.520583300695e+04,2.439924276901e+04,-1.580662430966e+00,4.911319870131e-02,2.446746678692e-02
7.167068202e+04,-1.737123622626e+05,4.521756820465e+04,2.440508440969e+04,-1.577856795913e+00,4.839378077737e-02,2.407036427160e-02
7.191219079e+04,-1.740930897065e+05,4.522916900051e+04,2.441084973474e+04,-1.575052826888e+00,4.767629264911e-02,2.367424865296e-02
7.215446150e+04,-1.744743392517e+05,4.524063281831e+04,2.441653740947e+04,-1.572251014556e+00,4.696085693486e-02,2.327918721433e-02
7.239749712e+04,-1.748561118235e+05,4.525195920285e+04,2.442214715542e+04,-1.569451344606e+00,4.624746667458e-02,2.288517571661e-02
7.264121829e+04,-1.752382793307e+05,4.526314394632e+04,2.442767684005e+04,-1.566654745857e+00,4.553635451537e-02,2.249234229324e-02
7.288567850e+04,-1.756209223173e+05,4.527418902581e+04,2.443312739352e+04,-1.563860617275e+00,4.482736335078e-02,2.210059980730e-02
7.313090877e+04,-1.760040857233e+05,4.528509528166e+04,2.443849917747e+04,-1.561068621991e+00,4.412040418936e-02,2.170989869651e-02
7.337687035e+04,-1.763877053529e+05,4.529586044018e+04,2.444379101892e+04,-1.558279218605e+00,4.341558955486e-02,2.132030075817e-02
7.362360421e+04,-1.767718415332e+05,4.530648574893e+04,2.444900347742e+04,-1.555491959184e+00,4.271280267132e-02,2.093174105091e-02
7.387113772e+04,-1.771565329521e+05,4.531697177183e+04,2.445413677086e+04,-1.552706555989e+00,4.201196799364e-02,2.054417737953e-02
7.411944053e+04,-1.775417285885e+05,4.532731661810e+04,2.445918991447e+04,-1.549923371112e+00,4.131317358586e-02,2.015765801609e-02
7.436847872e+04,-1.779273722399e+05,4.533751834178e+04,2.446416190230e+04,-1.547142800835e+00,4.061651530972e-02,1.977223558744e-02
7.461828249e+04,-1.783135071139e+05,4.534757765592e+04,2.446905302615e+04,-1.544364523511e+00,3.992190889606e-02,1.938786307600e-02
7.486887595e+04,-1.787001666708e+05,4.535749495473e+04,2.447386341761e+04,-1.541588290002e+00,3.922928884219e-02,1.900450380910e-02
7.512024917e+04,-1.790873318080e+05,4.536726926085e+04,2.447859254087e+04,-1.538814229382e+00,3.853868424259e-02,1.862217345567e-02
7.537236954e+04,-1.794749486115e+05,4.537689876864e+04,2.448323946299e+04,-1.536042718203e+00,3.785018534238e-02,1.824092156268e-02
7.562523260e+04,-1.798630067670e+05,4.538638281488e+04,2.448780380668e+04,-1.533273819025e+00,3.716380384846e-02,1.786075421619e-02
7.587889060e+04,-1.802515827965e+05,4.539572282151e+04,2.449228619484e+04,-1.530506976126e+00,3.647939857283e-02,1.748159279292e-02
7.613331456e+04,-1.806406285444e+05,4.540491716438e+04,2.449668578416e+04,-1.527742523294e+00,3.579704884101e-02,1.710348080212e-02
7.638850708e+04,-1.810301443471e+05,4.541396541241e+04,2.450100230582e+04,-1.524980447967e+00,3.511674806832e-02,1.672641416994e-02
7.664452161e+04,-1.814202079443e+05,4.542286888389e+04,2.450523632103e+04,-1.522220190420e+00,3.443835537725e-02,1.635031435639e-02
7.690129776e+04,-1.818107234963e+05,4.543162491328e+04,2.450938649430e+04,-1.519462419971e+00,3.376203217563e-02,1.597527039088e-02
7.715887304e+04,-1.822017443187e+05,4.544023424252e+04,2.451345311042e+04,-1.516706750282e+00,3.308768041289e-02,1.560122745668e-02
7.741720036e+04,-1.825931952863e+05,4.544869477598e+04,2.451743511267e+04,-1.513953700477e+00,3.241542372944e-02,1.522825369232e-02
7.767630751e+04,-1.829851149173e+05,4.545700692551e+04,2.452133262883e+04,-1.511202988547e+00,3.174518969107e-02,1.485630847811e-02
7.793625739e+04,-1.833775944213e+05,4.546517212487e+04,2.452514625652e+04,-1.508453966004e+00,3.107681746580e-02,1.448530207681e-02
7.819698841e+04,-1.837705368681e+05,4.547318785890e+04,2.452887474524e+04,-1.505707303301e+00,3.041046723339e-02,1.411532291587e-02
7.845849046e+04,-1.841639233734e+05,4.548105331279e+04,2.453251764566e+04,-1.502963121475e+00,2.974616491654e-02,1.374638493909e-02
7.872086655e+04,-1.845579049167e+05,4.548877099400e+04,2.453607603936e+04,-1.500220359158e+00,2.908365089730e-02,1.337834345809e-02
7.898401382e+04,-1.849523230283e+05,4.549633729021e+04,2.453954817993e+04,-1.497480111213e+00,2.842318694005e-02,1.301134338391e-02
7.924795317e+04,-1.853472054094e+05,4.550375230289e+04,2.454293403977e+04,-1.494742174059e+00,2.776472058553e-02,1.264535510508e-02
7.951265939e+04,-1.857425106844e+05,4.551101483216e+04,2.454623299622e+04,-1.492006823163e+00,2.710831464770e-02,1.228041307365e-02
7.977820945e+04,-1.861383500053e+05,4.551812645329e+04,2.454944568386e+04,-1.489273279439e+00,2.645377914326e-02,1.191641117220e-02
8.004456335e+04,-1.865346597735e+05,4.552508552652e+04,2.455257127596e+04,-1.486541973095e+00,2.580121434634e-02,1.155340464980e-02
8.031172585e+04,-1.869314432573e+05,4.553189164741e+04,2.455560950727e+04,-1.483812871358e+00,2.515060938830e-02,1.119138696255e-02
8.057976426e+04,-1.873287963172e+05,4.553854593658e+04,2.455856078545e+04,-1.481085306667e+00,2.450180265229e-02,1.083026764013e-02
8.084862477e+04,-1.877266350579e+05,4.554504645659e+04,2.456142415560e+04,-1.478359846908e+00,2.385492683783e-02,1.047011998999e-02
8.111831761e+04,-1.881249706364e+05,4.555139290020e+04,2.456419939009e+04,-1.475636406130e+00,2.320995879495e-02,1.011093059427e-02
8.138884727e+04,-1.885238056967e+05,4.555758481006e+04,2.456688619339e+04,-1.472914957001e+00,2.256688940234e-02,9.752693832991e-03
8.166020891e+04,-1.889231291165e+05,4.556362151777e+04,2.456948417826e+04,-1.470195565967e+00,2.192573169460e-02,9.395416424802e-03
8.193233279e+04,-1.893228345756e+05,4.556950099066e+04,2.457199238010e+04,-1.467478945240e+00,2.128665032570e-02,9.039189619673e-03
8.220525579e+04,-1.897229727029e+05,4.557522358074e+04,2.457441086177e+04,-1.464764737768e+00,2.064955776841e-02,8.683964145000e-03
8.247903993e+04,-1.901236305220e+05,4.558079005420e+04,2.457673984551e+04,-1.462052343067e+00,2.001431030758e-02,8.329659323551e-03
8.275373586e+04,-1.905248777542e+05,4.558620080377e+04,2.457897937712e+04,-1.459341282055e+00,1.938079383531e-02,7.976210897107e-03
8.302926324e+04,-1.909265928134e+05,4.559145364416e+04,2.458112843514e+04,-1.456632368095e+00,1.874919626126e-02,7.623723102679e-03
8.330561340e+04,-1.913287591597e+05,4.559654789652e+04,2.458318663493e+04,-1.453925701820e+00,1.811953818800e-02,7.272206888316e-03
8.358277448e+04,-1.917313557795e+05,4.560148285366e+04,2.458515358456e+04,-1.451221413008e+00,1.749184677887e-02,6.921676877951e-03
8.386083223e+04,-1.921345031479e+05,4.560625948876e+04,2.458702955227e+04,-1.448518682710e+00,1.686592947326e-02,6.572024949339e-03
8.413969619e+04,-1.925380660632e+05,4.561087570384e+04,2.458881359238e+04,-1.445818407324e+00,1.624199134349e-02,6.223365072394e-03
8.441939134e+04,-1.929420769013e+05,4.561533143482e+04,2.459050556599e+04,-1.443120358202e+00,1.561997652514e-02,5.875665478739e-03
8.469991085e+04,-1.933465219696e+05,4.561962608331e+04,2.459210512589e+04,-1.440424615131e+00,1.499990051082e-02,5.528934263418e-03
8.498131777e+04,-1.937514881300e+05,4.562376007771e+04,2.459361229882e+04,-1.437730588899e+00,1.438162528013e-02,5.183093645823e-03
8.526358051e+04,-1.941569257385e+05,4.562773239281e+04,2.459502656883e+04,-1.435038600211e+00,1.376522216834e-02,4.838182902470e-03
8.554680431e+04,-1.945629815239e+05,4.563154388630e+04,2.459634808105e+04,-1.432347667105e+00,1.315046459318e-02,4.494074573119e-03
8.583078919e+04,-1.949693646939e+05,4.563519133590e+04,2.459757557147e+04,-1.429659706175e+00,1.253778795702e-02,4.151011753463e-03
8.611568273e+04,-1.953762825967e+05,4.563867615979e+04,2.459870937666e+04,-1.426973333863e+00,1.192687404311e-02,3.808815671615e-03
8.640138462e+04,-1.957835879522e+05,4.564199661521e+04,2.459974877402e+04,-1.424289511526e+00,1.131793896291e-02,3.467606757140e-03
8.668800522e+04,-1.961914340229e+05,4.564515346484e+04,2.460069383888e+04,-1.421607218431e+00,1.071074866825e-02,3.127253231702e-03
8.697546989e+04,-1.965997104164e+05,4.564814533931e+04,2.460154398313e+04,-1.418927170544e+00,1.010546303049e-02,2.787844050365e-03
8.726387710e+04,-1.970085527273e+05,4.565097270014e+04,2.460229914639e+04,-1.416248468166e+00,9.501876809954e-03,2.449263448583e-03
8.755316547e+04,-1.974178695137e+05,4.565363435380e+04,2.460295879997e+04,-1.413571701604e+00,8.900121230567e-03,2.111584330265e-03
8.784332244e+04,-1.978276389087e+05,4.565612966540e+04,2.460352258729e+04,-1.410897002927e+00,8.300223643081e-03,1.774821381969e-03
8.813435447e+04,-1.982378659623e+05,4.565845818180e+04,2.460399019844e+04,-1.408224327923e+00,7.702171737128e-03,1.438967031810e-03
8.842628666e+04,-1.986485818706e+05,4.566061957201e+04,2.460436133778e+04,-1.405553462748e+00,7.105915483513e-03,1.103992498478e-03
8.871910497e+04,-1.990597626613e+05,4.566261319567e+04,2.460463564833e+04,-1.402884552811e+00,6.511485233064e-03,7.699141357689e-04
8.901280108e+04,-1.994713925277e+05,4.566443848493e+04,2.460481279681e+04,-1.400217689496e+00,5.918899057398e-03,4.367414139134e-04
8.930734971e+04,-1.998834320644e+05,4.566609480651e+04,2.460489246164e+04,-1.397553115882e+00,5.328208440943e-03,1.045026115181e-04
8.960277867e+04,-2.002959161895e+05,4.566758184335e+04,2.460487434500e+04,-1.394890593863e+00,4.739358081036e-03,-2.268340502618e-04
8.989919740e+04,-2.007089931927e+05,4.566889955692e+04,2.460475806902e+04,-1.392229157212e+00,4.152132721065e-03,-5.573904634303e-04
9.019649751e+04,-2.011225075084e+05,4.567004688058e+04,2.460454330706e+04,-1.389569799042e+00,3.566749913357e-03,-8.870449409465e-04
9.049471403e+04,-2.015365036718e+05,4.567102343489e+04,2.460422970353e+04,-1.386912221758e+00,2.983142051728e-03,-1.215836284878e-03
9.079379940e+04,-2.019509114834e+05,4.567182856555e+04,2.460381698671e+04,-1.384256864346e+00,2.401403343783e-03,-1.543712146687e-03
9.109384017e+04,-2.023658465962e+05,4.567246197841e+04,2.460330469862e+04,-1.381602974886e+00,1.821367122739e-03,-1.870767219375e-03
9.139471968e+04,-2.027811434994e+05,4.567292293141e+04,2.460269271707e+04,-1.378951600233e+00,1.243260038705e-03,-2.196874446643e-03
9.169655300e+04,-2.031969568873e+05,4.567321111181e+04,2.460198048976e+04,-1.376301740831e+00,6.668619750537e-04,-2.522158739581e-03
9.199929696e+04,-2.036132228527e+05,4.567332593236e+04,2.460116776762e+04,-1.373653793567e+00,9.225757536546e-05,-2.846573130289e-03
9.230295234e+04,-2.040299382263e+05,4.567326688941e+04,2.460025422068e+04,-1.371007767052e+00,-4.805532811845e-04,-3.170118461709e-03
9.260752230e+04,-2.044471030976e+05,4.567303348032e+04,2.459923951199e+04,-1.368363649105e+00,-1.051575202628e-03,-3.492798119061e-03
9.291301400e+04,-2.048647229922e+05,4.567262519403e+04,2.459812328768e+04,-1.365721393175e+00,-1.620820152066e-03,-3.814619657396e-03
9.321943404e+04,-2.052828026053e+05,4.567204150982e+04,2.459690518934e+04,-1.363080958191e+00,-2.188298803995e-03,-4.135589921329e-03
9.352685381e+04,-2.057014347094e+05,4.567128171892e+04,2.459558456382e+04,-1.360441748504e+00,-2.754140488494e-03,-4.455782932496e-03
9.383512992e+04,-2.061204197233e+05,4.567034566961e+04,2.459416169474e+04,-1.357805010797e+00,-3.318079725658e-03,-4.775049288359e-03
9.414431108e+04,-2.065398199107e+05,4.566923279335e+04,2.459263607263e+04,-1.355170339366e+00,-3.880205733353e-03,-5.093440258948e-03
9.445454903e+04,-2.069598363566e+05,4.566794195958e+04,2.459100657077e+04,-1.352536461524e+00,-4.440791169754e-03,-5.411111192694e-03
9.476561740e+04,-2.073801581929e+05,4.566647359397e+04,2.458927403800e+04,-1.349905315377e+00,-4.999425160093e-03,-5.727830120419e-03
9.507774806e+04,-2.078010942561e+05,4.566482608725e+04,2.458743684295e+04,-1.347274956283e+00,-5.556522185763e-03,-6.043832907264e-03
9.539079944e+04,-2.082224488818e+05,4.566299960155e+04,2.458549543821e+04,-1.344646597394e+00,-6.111826323235e-03,-6.358975332996e-03
9.570480661e+04,-2.086442649101e+05,4.566099344203e+04,2.458344927876e+04,-1.342019959424e+00,-6.665398307718e-03,-6.673292739095e-03
9.601971633e+04,-2.090664665563e+05,4.565880747892e+04,2.458129839484e+04,-1.339395501680e+00,-7.217143192334e-03,-6.986732080472e-03
9.633552693e+04,-2.094890475327e+05,4.565644130469e+04,2.457904250925e+04,-1.336773249311e+00,-7.767057905561e-03,-7.299292441881e-03
9.665235081e+04,-2.099121537756e+05,4.565389357186e+04,2.457668048081e+04,-1.334152285057e+00,-8.315336308843e-03,-7.611084930695e-03
9.697009570e+04,-2.103356575195e+05,4.565116450602e+04,2.457421265210e+04,-1.331533388973e+00,-8.861816600288e-03,-7.922018476562e-03
9.728886230e+04,-2.107596884235e+05,4.564825272473e+04,2.457163789421e+04,-1.328915747875e+00,-9.406669800496e-03,-8.232191341376e-03
9.760859318e+04,-2.111841653724e+05,4.564515820529e+04,2.456895630654e+04,-1.326299851876e+00,-9.949794958869e-03,-8.541547052193e-03
9.792925000e+04,-2.116090331400e+05,4.564188085523e+04,2.456616789301e+04,-1.323686028503e+00,-1.049112576031e-02,-8.850048764636e-03
9.825087723e+04,-2.120343462881e+05,4.563841975709e+04,2.456327194888e+04,-1.321073929258e+00,-1.103073603370e-02,-9.157739492572e-03
9.857348297e+04,-2.124601110028e+05,4.563477432339e+04,2.456026806106e+04,-1.318463504265e+00,-1.156863740666e-02,-9.464626853930e-03
9.889712880e+04,-2.128864037144e+05,4.563094330795e+04,2.455715528670e+04,-1.315854274311e+00,-1.210492951777e-02,-9.770768745818e-03
9.922164432e+04,-2.133129956398e+05,4.562692827013e+04,2.455393494716e+04,-1.313247626724e+00,-1.263932880632e-02,-1.007600426843e-02
9.954720162e+04,-2.137401086283e+05,4.562272662770e+04,2.455060501905e+04,-1.310642192802e+00,-1.317211745803e-02,-1.038049557822e-02
9.987375288e+04,-2.141676750848e+05,4.561833845096e+04,2.454716562143e+04,-1.308038374141e+00,-1.370321415665e-02,-1.068419729013e-02
1.002012892e+05,-2.145956787073e+05,4.561376336411e+04,2.454361650656e+04,-1.305436257963e+00,-1.423260228244e-02,-1.098710094931e-02
1.005297647e+05,-2.150240553568e+05,4.560900155908e+04,2.453995785528e+04,-1.302836220920e+00,-1.476020672453e-02,-1.128916459080e-02
1.008593755e+05,-2.154530554800e+05,4.560404963694e+04,2.453618710603e+04,-1.300236732445e+00,-1.528633866032e-02,-1.159056751348e-02
1.011898331e+05,-2.158822992754e+05,4.559891144756e+04,2.453230722067e+04,-1.297640081463e+00,-1.581053598444e-02,-1.189104606835e-02
1.015213929e+05,-2.163121140331e+05,4.559358257062e+04,2.452831488191e+04,-1.295044274819e+00,-1.633320244628e-02,-1.219083274701e-02
1.018539491e+05,-2.167423574594e+05,4.558806414696e+04,2.452421098108e+04,-1.292450161378e+00,-1.685416758969e-02,-1.248983097091e-02
1.021874823e+05,-2.171729999391e+05,4.558235604144e+04,2.451999543251e+04,-1.289857906621e+00,-1.737339942376e-02,-1.278802347227e-02
1.025220120e+05,-2.176040620806e+05,4.557645746964e+04,2.451566766758e+04,-1.287267373270e+00,-1.789092668997e-02,-1.308542785853e-02
1.028576416e+05,-2.180356722390e+05,4.557036606598e+04,2.451122597243e+04,-1.284677778914e+00,-1.840690619587e-02,-1.338213545718e-02
1.031941872e+05,-2.184675893283e+05,4.556408469424e+04,2.450667244312e+04,-1.282090557318e+00,-1.892105325584e-02,-1.367798371896e-02
1.035317295e+05,-2.188999125350e+05,4.555761146271e+04,2.450200570038e+04,-1.279505099547e+00,-1.943349050446e-02,-1.397304428446e-02
1.038703718e+05,-2.193327691634e+05,4.555094386779e+04,2.449722394858e+04,-1.276920632765e+00,-1.994437163180e-02,-1.426740689292e-02
1.042099457e+05,-2.197659394433e+05,4.554408475492e+04,2.449232922681e+04,-1.274338456296e+00,-2.045344070421e-02,-1.456092527619e-02
1.045505716e+05,-2.201995722772e+05,4.553703127016e+04,2.448731948838e+04,-1.271757668620e+00,-2.096087665617e-02,-1.485370376830e-02
1.048922931e+05,-2.206337182450e+05,4.552978196345e+04,2.448219370672e+04,-1.269177957658e+00,-2.146674107094e-02,-1.514577922173e-02
1.052349755e+05,-2.210682011673e+05,4.552233922844e+04,2.447695356507e+04,-1.266600357412e+00,-2.197083195899e-02,-1.543703626096e-02
1.055786659e+05,-2.215030767575e+05,4.551470163863e+04,2.447159803825e+04,-1.264024522779e+00,-2.247321810599e-02,-1.572751580944e-02
1.059234216e+05,-2.219384123011e+05,4.550686745827e+04,2.446612589516e+04,-1.261450042368e+00,-2.297398042406e-02,-1.601726593557e-02
1.062691166e+05,-2.223740443990e+05,4.549883913419e+04,2.446053882162e+04,-1.258877868283e+00,-2.347293480146e-02,-1.630618134152e-02
1.066159024e+05,-2.228101593924e+05,4.549061272161e+04,2.445483404857e+04,-1.256306886388e+00,-2.397029829144e-02,-1.659438897691e-02
1.069637173e+05,-2.232466745532e+05,4.548218920081e+04,2.444901223681e+04,-1.253737571921e+00,-2.446597936033e-02,-1.688183716146e-02
1.073126859e+05,-2.236837410419e+05,4.547356502772e+04,2.444307092007e+04,-1.251169023619e+00,-2.496015192431e-02,-1.716862818110e-02
1.076627078e+05,-2.241212281152e+05,4.546474213945e+04,2.443701141491e+04,-1.248601998546e+00,-2.545267023163e-02,-1.745467891538e-02
1.080137450e+05,-2.245590834276e+05,4.545572106623e+04,2.443083405369e+04,-1.246036790033e+00,-2.594347871731e-02,-1.773995843997e-02
1.083658700e+05,-2.249973923374e+05,4.544649950025e+04,2.442453722420e+04,-1.243472884624e+00,-2.643267613821e-02,-1.802452554838e-02
1.087189438e+05,-2.254359776414e+05,4.543708067850e+04,2.441812309733e+04,-1.240911304251e+00,-2.692006840601e-02,-1.830826867912e-02
1.090730506e+05,-2.258749392527e+05,4.542746201265e+04,2.441158986460e+04,-1.238351449702e+00,-2.740577074455e-02,-1.859125621059e-02
1.094283109e+05,-2.263144215228e+05,4.541763973476e+04,2.440493493290e+04,-1.235792466777e+00,-2.788994525668e-02,-1.887358409945e-02
1.097845902e+05,-2.267542530085e+05,4.540761708719e+04,2.439816046157e+04,-1.233235340965e+00,-2.837240559031e-02,-1.915514519102e-02
1.101418597e+05,-2.271943937304e+05,4.539739452832e+04,2.439126670943e+04,-1.230680289112e+00,-2.885311187746e-02,-1.943591758035e-02
1.105002943e+05,-2.276350540587e+05,4.538696660533e+04,2.438424995547e+04,-1.228126076653e+00,-2.933229659457e-02,-1.971603857217e-02
1.108598292e+05,-2.280761490562e+05,4.537633467657e+04,2.437711107432e+04,-1.225573184189e+00,-2.980986915437e-02,-1.999545685418e-02
1.112204493e+05,-2.285176549737e+05,4.536549873207e+04,2.436985001226e+04,-1.223021736001e+00,-3.028580634194e-02,-2.027416042112e-02
1.115822624e+05,-2.289596986074e+05,4.535445500710e+04,2.436246420256e+04,-1.220470987479e+00,-3.076024656351e-02,-2.055223200791e-02
1.119450943e+05,-2.294020616785e+05,4.534320836032e+04,2.435495684402e+04,-1.217922185106e+00,-3.123295785870e-02,-2.082953729478e-02
1.123090249e+05,-2.298448370935e+05,4.533175591560e+04,2.434732595824e+04,-1.215374778880e+00,-3.170404265202e-02,-2.110613791807e-02
1.126740209e+05,-2.302879791040e+05,4.532009830876e+04,2.433957191067e+04,-1.212829017909e+00,-3.217345502696e-02,-2.138200853178e-02
1.130401270e+05,-2.307315371455e+05,4.530823368721e+04,2.433169340905e+04,-1.210284604134e+00,-3.264125002604e-02,-2.165718312519e-02
1.134071676e+05,-2.311752939622e+05,4.529616741929e+04,2.432369394886e+04,-1.207742767635e+00,-3.310720230608e-02,-2.193153066235e-02
1.137755526e+05,-2.316197398799e+05,4.528388554601e+04,2.431556421645e+04,-1.205200687063e+00,-3.357182855286e-02,-2.220535714402e-02
1.141449754e+05,-2.320644989981e+05,4.527139775015e+04,2.430731056451e+04,-1.202660501082e+00,-3.403473678804e-02,-2.247843346735e-02
1.145155008e+05,-2.325096446005e+05,4.525870146809e+04,2.429893122737e+04,-1.200121775989e+00,-3.449600631127e-02,-2.275080807959e-02
1.148870539e+05,-2.329550819711e+05,4.524579890743e+04,2.429042758806e+04,-1.197585036548e+00,-3.495554208681e-02,-2.302242653590e-02
1.152597499e+05,-2.334009443987e+05,4.523268568560e+04,2.428179668382e+04,-1.195049508741e+00,-3.541348440895e-02,-2.329337349343e-02
1.156336292e+05,-2.338472746519e+05,4.521935990321e+04,2.427303719497e+04,-1.192514936540e+00,-3.586987873031e-02,-2.356367776563e-02
1.160085619e+05,-2.342939123208e+05,4.520582578423e+04,2.426415182203e+04,-1.189982216602e+00,-3.632456329432e-02,-2.383324539110e-02
1.163846017e+05,-2.347409168149e+05,4.519208102847e+04,2.425513897317e+04,-1.187450996545e+00,-3.677760147724e-02,-2.410211571777e-02
1.167617505e+05,-2.351882851997e+05,4.517812518623e+04,2.424599827190e+04,-1.184921278167e+00,-3.722899275603e-02,-2.437029028980e-02
1.171400441e+05,-2.356360548752e+05,4.516395652550e+04,2.423672850139e+04,-1.182392835564e+00,-3.767877702423e-02,-2.463779472399e-02
1.175195640e+05,-2.360843165607e+05,4.514957152202e+04,2.422732727579e+04,-1.179865143545e+00,-3.812704664451e-02,-2.490468602063e-02
1.179002874e+05,-2.365330375425e+05,4.513497053042e+04,2.421779474648e+04,-1.177338374306e+00,-3.857376969157e-02,-2.517094732856e-02
1.182820894e+05,-2.369820653681e+05,4.512015793835e+04,2.420813368940e+04,-1.174813371841e+00,-3.901879636304e-02,-2.543649136865e-02
1.186649932e+05,-2.374314224446e+05,4.510513251895e+04,2.419834320957e+04,-1.172289994148e+00,-3.946215164324e-02,-2.570133495920e-02
1.190488229e+05,-2.378808981152e+05,4.508990095336e+04,2.418842755789e+04,-1.169769406010e+00,-3.990363164872e-02,-2.596535805957e-02
1.194339996e+05,-2.383309803533e+05,4.507444615340e+04,2.417837551402e+04,-1.167248855976e+00,-4.034371772140e-02,-2.622885059191e-02
1.198202731e+05,-2.387813708980e+05,4.505877767820e+04,2.416819320278e+04,-1.164730001556e+00,-4.078211895017e-02,-2.649164066406e-02
1.202076473e+05,-2.392320694607e+05,4.504289505492e+04,2.415788021353e+04,-1.162212828129e+00,-4.121883769078e-02,-2.675373170168e-02
1.205962467e+05,-2.396832154593e+05,4.502679279111e+04,2.414743287829e+04,-1.159696542368e+00,-4.165401068846e-02,-2.701520796098e-02
1.209860111e+05,-2.401347333885e+05,4.501047295673e+04,2.413685243802e+04,-1.157181551441e+00,-4.208756627616e-02,-2.727602867228e-02
1.213769463e+05,-2.405866247621e+05,4.499393491992e+04,2.412613837679e+04,-1.154667832094e+00,-4.251950749270e-02,-2.753619791361e-02
1.217689298e+05,-2.410387429556e+05,4.497718356602e+04,2.411529374737e+04,-1.152156183512e+00,-4.294969665171e-02,-2.779563488305e-02
1.221621102e+05,-2.414912543285e+05,4.496021223499e+04,2.410431412431e+04,-1.149645665294e+00,-4.337829430838e-02,-2.805443859374e-02
1.225563776e+05,-2.419440273802e+05,4.494302533662e+04,2.409320224539e+04,-1.147136991160e+00,-4.380517787536e-02,-2.831253728177e-02
1.229519740e+05,-2.423973341811e+05,4.492561192305e+04,2.408195091837e+04,-1.144628639323e+00,-4.423060484792e-02,-2.857008908303e-02
1.233487415e+05,-2.428509880161e+05,4.490797848585e+04,2.407056422311e+04,-1.142121629537e+00,-4.465440035310e-02,-2.882699071581e-02
1.237465889e+05,-2.433048794582e+05,4.489012879755e+04,2.405904447216e+04,-1.139616549884e+00,-4.507646437039e-02,-2.908318384235e-02
1.241455645e+05,-2.437590590413e+05,4.487206042825e+04,2.404738997030e+04,-1.137113104194e+00,-4.549684639750e-02,-2.933870077240e-02
1.245458783e+05,-2.442137598044e+05,4.485376346803e+04,2.403559420197e+04,-1.134609993691e+00,-4.591576273897e-02,-2.959367560872e-02
1.249472684e+05,-2.446686787555e+05,4.483524951577e+04,2.402366451750e+04,-1.132108871314e+00,-4.633293523052e-02,-2.984794163518e-02
1.253497847e+05,-2.451238676421e+05,4.481651604245e+04,2.401159915266e+04,-1.129609434892e+00,-4.674841384300e-02,-3.010153164660e-02
1.257534673e+05,-2.455793668846e+05,4.479756089617e+04,2.399939658635e+04,-1.127111445775e+00,-4.716223731764e-02,-3.035447177486e-02
1.261582620e+05,-2.460351101350e+05,4.477838636537e+04,2.398705815378e+04,-1.124615250855e+00,-4.757434730866e-02,-3.060672885357e-02
1.265643272e+05,-2.464912702951e+05,4.475898462747e+04,2.397457868271e+04,-1.122119887238e+00,-4.798490133824e-02,-3.085840197114e-02
1.269716394e+05,-2.469478150866e+05,4.473935640807e+04,2.396195850102e+04,-1.119625517044e+00,-4.839387055749e-02,-3.110947632700e-02
1.273800980e+05,-2.474046264048e+05,4.471950623912e+04,2.394920037869e+04,-1.117132769544e+00,-4.880115024677e-02,-3.135989037798e-02
1.277899374e+05,-2.478619603870e+05,4.469942234704e+04,2.393629660411e+04,-1.114640232401e+00,-4.920696889572e-02,-3.160978757598e-02
1.282009106e+05,-2.483195355122e+05,4.467911646668e+04,2.392325456926e+04,-1.112149425033e+00,-4.961107690001e-02,-3.185901720177e-02
1.286130479e+05,-2.487773804996e+05,4.465858686841e+04,2.391007300936e+04,-1.109660173656e+00,-5.001350134046e-02,-3.210759866887e-02
1.290264459e+05,-2.492355972261e+05,4.463782843632e+04,2.389674848483e+04,-1.107171908216e+00,-5.041433257217e-02,-3.235559071752e-02
1.294409185e+05,-2.496939741173e+05,4.461685028171e+04,2.388328668524e+04,-1.104685760389e+00,-5.081338692996e-02,-3.260288254865e-02
1.298567949e+05,-2.501528696338e+05,4.459563542136e+04,2.386967655251e+04,-1.102199770132e+00,-5.121097688885e-02,-3.284967087878e-02
1.302737504e+05,-2.506119197587e+05,4.457420010782e+04,2.385592835054e+04,-1.099715893560e+00,-5.160678741499e-02,-3.309576328511e-02
1.306918922e+05,-2.510712375567e+05,4.455253865840e+04,2.384203826626e+04,-1.097233500578e+00,-5.200091783032e-02,-3.334122435887e-02
1.311113970e+05,-2.515310114326e+05,4.453064157244e+04,2.382800003947e+04,-1.094751557515e+00,-5.239352966226e-02,-3.358615799771e-02
1.315319721e+05,-2.519909148975e+05,4.450852387815e+04,2.381382313245e+04,-1.092271810061e+00,-5.278434474578e-02,-3.383039383252e-02
1.319537638e+05,-2.524511030965e+05,4.448617771118e+04,2.379950232758e+04,-1.089793403313e+00,-5.317349652419e-02,-3.407401824101e-02
1.323767883e+05,-2.529115882355e+05,4.446360195670e+04,2.378503673217e+04,-1.087316254731e+00,-5.356099578981e-02,-3.431704125199e-02
1.328010102e+05,-2.533723261433e+05,4.444079827862e+04,2.377042723087e+04,-1.084840584821e+00,-5.394680594689e-02,-3.455944319893e-02
1.332265229e+05,-2.538334127892e+05,4.441776138714e+04,2.375567025045e+04,-1.082365861274e+00,-5.433100751629e-02,-3.480127809095e-02
1.336531056e+05,-2.542946036422e+05,4.439450306220e+04,2.374077314869e+04,-1.079893378526e+00,-5.471339772147e-02,-3.504242155285e-02
1.340810547e+05,-2.547562137770e+05,4.437100692547e+04,2.372572524417e+04,-1.077421430067e+00,-5.509423824849e-02,-3.528304203551e-02
1.345101164e+05,-2.552179639164e+05,4.434728667649e+04,2.371053511676e+04,-1.074951494406e+00,-5.547329881154e-02,-3.552299758121e-02
1.349405777e+05,-2.556801571288e+05,4.432332621208e+04,2.369519225696e+04,-1.072481933562e+00,-5.585082808590e-02,-3.576244924958e-02
1.353723568e+05,-2.561426991578e+05,4.429912973469e+04,2.367969915590e+04,-1.070013236156e+00,-5.622674757631e-02,-3.600135128038e-02
1.358050671e+05,-2.566051711495e+05,4.427471883238e+04,2.366406943180e+04,-1.067547618168e+00,-5.660071841417e-02,-3.623949162358e-02
1.362391410e+05,-2.570680304014e+05,4.425006901563e+04,2.364828719676e+04,-1.065082622373e+00,-5.697311158833e-02,-3.647710994912e-02
1.366744783e+05,-2.575311639402e+05,4.422518570377e+04,2.363235570991e+04,-1.062618834230e+00,-5.734383519162e-02,-3.671415164781e-02
1.371109968e+05,-2.579944790304e+05,4.420007342621e+04,2.361627765682e+04,-1.060156729097e+00,-5.771281513049e-02,-3.695057312475e-02
1.375487596e+05,-2.584580373546e+05,4.417472840705e+04,2.360005040210e+04,-1.057695960944e+00,-5.808010074780e-02,-3.718640979716e-02
1.379877560e+05,-2.589218219455e+05,4.414915110806e+04,2.358367401999e+04,-1.055236601981e+00,-5.844567843563e-02,-3.742165687253e-02
1.384281081e+05,-2.593859559037e+05,4.412333419727e+04,2.356714359075e+04,-1.052777982456e+00,-5.880964430503e-02,-3.765638039352e-02
1.388696959e+05,-2.598503070295e+05,4.409728448988e+04,2.355046324905e+04,-1.050320785600e+00,-5.917189370752e-02,-3.789051713074e-02
1.393124146e+05,-2.603147598930e+05,4.407100809821e+04,2.353363667667e+04,-1.047865603113e+00,-5.953233700884e-02,-3.812401306838e-02
1.397563416e+05,-2.607793907720e+05,4.404450037035e+04,2.351666065906e+04,-1.045412012354e+00,-5.989103394120e-02,-3.835691082718e-02
1.402015848e+05,-2.612443071435e+05,4.401775470551e+04,2.349953072885e+04,-1.042959427854e+00,-6.024806677720e-02,-3.858926814701e-02
1.406480330e+05,-2.617093870109e+05,4.399077766183e+04,2.348225084243e+04,-1.040508475159e+00,-6.060334109841e-02,-3.882102795810e-02
1.410956060e+05,-2.621745421693e+05,4.396357404482e+04,2.346482383129e+04,-1.038059599398e+00,-6.095678995020e-02,-3.905215067014e-02
1.415445663e+05,-2.626400398994e+05,4.393612778278e+04,2.344723914797e+04,-1.035611375165e+00,-6.130861564115e-02,-3.928277306476e-02
1.419948133e+05,-2.631057695974e+05,4.390844484294e+04,2.342950035866e+04,-1.033164367133e+00,-6.165873271659e-02,-3.951284398989e-02
1.424462937e+05,-2.635716706616e+05,4.388052839499e+04,2.341160923451e+04,-1.030718875328e+00,-6.200709467223e-02,-3.974233752779e-02
1.428988590e+05,-2.640375851529e+05,4.385238762617e+04,2.339357140136e+04,-1.028275708700e+00,-6.235358366545e-02,-3.997118036800e-02
1.433529948e+05,-2.645040068336e+05,4.382399219453e+04,2.337536714084e+04,-1.025832260574e+00,-6.269856498116e-02,-4.019961881469e-02
1.438083119e+05,-2.649705295876e+05,4.379536624056e+04,2.335701165439e+04,-1.023390641664e+00,-6.304173566588e-02,-4.042745757267e-02
1.442648013e+05,-2.654371394279e+05,4.376651034085e+04,2.333850503681e+04,-1.020950905171e+00,-6.338308526819e-02,-4.065469430370e-02
1.447224435e+05,-2.659038115675e+05,4.373742577388e+04,2.331984782945e+04,-1.018513160436e+00,-6.372259559237e-02,-4.088132151061e-02
1.451814027e+05,-2.663707080905e+05,4.370810208371e+04,2.330103304030e+04,-1.016076541567e+00,-6.406038352547e-02,-4.110742220057e-02
1.456414243e+05,-2.668375649809e+05,4.367855557073e+04,2.328207084040e+04,-1.013642406460e+00,-6.439625750613e-02,-4.133287302648e-02
1.461027816e+05,-2.673046548027e+05,4.364876869675e+04,2.326294968181e+04,-1.011209314139e+00,-6.473041288264e-02,-4.155781010693e-02
1.465653979e+05,-2.677718939331e+05,4.361874636885e+04,2.324367241471e+04,-1.008777681731e+00,-6.506278780019e-02,-4.178219729155e-02
1.470291675e+05,-2.682391706260e+05,4.358849548263e+04,2.322424316525e+04,-1.006348070932e+00,-6.539330177562e-02,-4.200598543305e-02
1.474941224e+05,-2.687065123904e+05,4.355801403334e+04,2.320466034108e+04,-1.003920318281e+00,-6.572197363953e-02,-4.222919239524e-02
1.479602517e+05,-2.691739033842e+05,4.352730282160e+04,2.318492414696e+04,-1.001494485767e+00,-6.604879140501e-02,-4.245181528169e-02
1.484277941e+05,-2.696415772272e+05,4.349634610531e+04,2.316502414784e+04,-9.990693420959e-01,-6.637391611228e-02,-4.267396962196e-02
1.488965258e+05,-2.701093045227e+05,4.346515867399e+04,2.314496952707e+04,-9.966460580869e-01,-6.669718579174e-02,-4.289555070461e-02
1.493663918e+05,-2.705770254639e+05,4.343374433092e+04,2.312476240718e+04,-9.942249229091e-01,-6.701855821443e-02,-4.311653501774e-02
1.498375854e+05,-2.710449274103e+05,4.340209021447e+04,2.310439418411e+04,-9.918049469123e-01,-6.733816029174e-02,-4.333701566905e-02
1.503098627e+05,-2.715127631853e+05,4.337021281236e+04,2.308387513245e+04,-9.893873883302e-01,-6.765582157006e-02,-4.355688089210e-02
1.507833584e+05,-2.719806616482e+05,4.333810319675e+04,2.306319916832e+04,-9.869715603675e-01,-6.797162848544e-02,-4.377619618171e-02
1.512581251e+05,-2.724486694254e+05,4.330575789214e+04,2.304236370723e+04,-9.845572025696e-01,-6.828561021905e-02,-4.399498801074e-02
1.517340640e+05,-2.729166840802e+05,4.327318374340e+04,2.302137280773e+04,-9.821448233382e-01,-6.859769593250e-02,-4.421321322186e-02
1.522111726e+05,-2.733846985393e+05,4.324038108843e+04,2.300022633428e+04,-9.797344384151e-01,-6.890787929465e-02,-4.443087345810e-02
1.526894136e+05,-2.738526715845e+05,4.320735269752e+04,2.297892571542e+04,-9.773262391054e-01,-6.921613149953e-02,-4.464795458654e-02
1.531688921e+05,-2.743207012242e+05,4.317409149370e+04,2.295746602266e+04,-9.749197004860e-01,-6.952251509914e-02,-4.486450701450e-02
1.536495520e+05,-2.747887277617e+05,4.314060153201e+04,2.293584950109e+04,-9.725151092189e-01,-6.982698860167e-02,-4.508050800741e-02
1.541313250e+05,-2.752566803472e+05,4.310688779121e+04,2.291407899127e+04,-9.701128082628e-01,-7.012950412561e-02,-4.529592999418e-02
1.546141589e+05,-2.757245040286e+05,4.307295423254e+04,2.289215667646e+04,-9.677130579675e-01,-7.043002494977e-02,-4.551075303195e-02
1.550981976e+05,-2.761923339523e+05,4.303879099733e+04,2.287007580471e+04,-9.653151438802e-01,-7.072863602295e-02,-4.572504440353e-02
1.555834251e+05,-2.766601497774e+05,4.300439943165e+04,2.284783685354e+04,-9.629191497980e-01,-7.102532160870e-02,-4.593879983029e-02
1.560698016e+05,-2.771279085644e+05,4.296978260041e+04,2.282544140836e+04,-9.605252748557e-01,-7.132005192540e-02,-4.615200485179e-02
1.565571702e+05,-2.775954553954e+05,4.293495202334e+04,2.280289652639e+04,-9.581342900089e-01,-7.161272784292e-02,-4.636459435835e-02
1.570457512e+05,-2.780629976944e+05,4.289989226557e+04,2.278019181374e+04,-9.557451130099e-01,-7.190347717595e-02,-4.657666808911e-02
1.575354287e+05,-2.785304198748e+05,4.286461194585e+04,2.275733243914e+04,-9.533583136104e-01,-7.219222525848e-02,-4.678817889976e-02
1.580261296e+05,-2.789976483515e+05,4.282911671025e+04,2.273432164912e+04,-9.509742456531e-01,-7.247892482391e-02,-4.699909909838e-02
1.585179373e+05,-2.794647588802e+05,4.279340089556e+04,2.271115535440e+04,-9.485925007794e-01,-7.276362034004e-02,-4.720946849568e-02
1.590107886e+05,-2.799316873443e+05,4.275746948923e+04,2.268783636544e+04,-9.462133842532e-01,-7.304627044346e-02,-4.741926382029e-02
1.595047281e+05,-2.803984721470e+05,4.272131964175e+04,2.266436240315e+04,-9.438366786820e-01,-7.332689605628e-02,-4.762850798460e-02
1.599997729e+05,-2.808651256249e+05,4.268495046785e+04,2.264073245429e+04,-9.414622998908e-01,-7.360550175217e-02,-4.783721211014e-02
1.604958642e+05,-2.813315882815e+05,4.264836671135e+04,2.261694915814e+04,-9.390905290743e-01,-7.388204925635e-02,-4.804535526670e-02
1.609929628e+05,-2.817978196825e+05,4.261157172607e+04,2.259301425013e+04,-9.367215498583e-01,-7.415651226195e-02,-4.825292525696e-02
1.614910179e+05,-2.822637691665e+05,4.257456976228e+04,2.256893004787e+04,-9.343555973256e-01,-7.442885897466e-02,-4.845990551992e-02
1.619900566e+05,-2.827294587905e+05,4.253735934387e+04,2.254469513839e+04,-9.319925371055e-01,-7.469910028783e-02,-4.866631190078e-02
1.624900616e+05,-2.831948693652e+05,4.249994227986e+04,2.252031024118e+04,-9.296324443282e-01,-7.496722283881e-02,-4.887214194799e-02
1.629910920e+05,-2.836600526505e+05,4.246231466318e+04,2.249577234297e+04,-9.272750345478e-01,-7.523325380048e-02,-4.907742457200e-02
1.634930430e+05,-2.841249080645e+05,4.242448492251e+04,2.247108646914e+04,-9.249207953853e-01,-7.549713309865e-02,-4.928212148942e-02
1.639958684e+05,-2.845893904033e+05,4.238645713961e+04,2.244625481306e+04,-9.225699330879e-01,-7.575883322777e-02,-4.948621911697e-02
1.644997018e+05,-2.850536201370e+05,4.234822180183e+04,2.242127068221e+04,-9.202218157286e-01,-7.601841952163e-02,-4.968977661862e-02
1.650044335e+05,-2.855174931522e+05,4.230978782550e+04,2.239613941423e+04,-9.178769479270e-01,-7.627583089522e-02,-4.989275456164e-02
1.655099804e+05,-2.859809308719e+05,4.227116220007e+04,2.237086509427e+04,-9.155357041720e-01,-7.653102182192e-02,-5.009512504490e-02
1.660163199e+05,-2.864439106733e+05,4.223234736767e+04,2.234544883455e+04,-9.131981757201e-01,-7.678397834939e-02,-5.029688481717e-02
1.665236122e+05,-2.869065766360e+05,4.219333171943e+04,2.231988253386e+04,-9.108636127967e-01,-7.703477669867e-02,-5.049810314328e-02
1.670317562e+05,-2.873688339003e+05,4.215412369213e+04,2.229417121123e+04,-9.085324720842e-01,-7.728336240407e-02,-5.069874519401e-02
1.675405433e+05,-2.878304912926e+05,4.211474015219e+04,2.226832542843e+04,-9.062056945825e-01,-7.752963123499e-02,-5.089873479850e-02
1.680502225e+05,-2.882917730104e+05,4.207516260405e+04,2.224233254019e+04,-9.038821275542e-01,-7.777370092248e-02,-5.109817585458e-02
1.685606316e+05,-2.887525304234e+05,4.203540437858e+04,2.221620078275e+04,-9.015624974017e-01,-7.801549023826e-02,-5.129701079103e-02
1.690716809e+05,-2.892126813256e+05,4.199547332094e+04,2.218993480202e+04,-8.992471949005e-01,-7.825495473189e-02,-5.149521111936e-02
1.695835094e+05,-2.896723497821e+05,4.195535938962e+04,2.216352747297e+04,-8.969355730767e-01,-7.849215715183e-02,-5.169283722253e-02
1.700959405e+05,-2.901313760905e+05,4.191507727590e+04,2.213698794306e+04,-8.946284123736e-01,-7.872701327475e-02,-5.188982743454e-02
1.706090015e+05,-2.905897839516e+05,4.187462575785e+04,2.211031488628e+04,-8.923255706281e-01,-7.895953407846e-02,-5.208619908969e-02
1.711227027e+05,-2.910475819690e+05,4.183400491435e+04,2.208350782496e+04,-8.900269819098e-01,-7.918972233431e-02,-5.228196300605e-02
1.716371035e+05,-2.915048221114e+05,4.179321093198e+04,2.205656370169e+04,-8.877323630071e-01,-7.941760194271e-02,-5.247714848028e-02
1.721520055e+05,-2.919613274512e+05,4.175226048898e+04,2.202949299425e+04,-8.854425792601e-01,-7.964308309191e-02,-5.267168720812e-02
1.726674377e+05,-2.924171238958e+05,4.171115226864e+04,2.200229429919e+04,-8.831574778072e-01,-7.986617771850e-02,-5.286559762418e-02
1.731832857e+05,-2.928721105551e+05,4.166989643597e+04,2.197497380889e+04,-8.808775414955e-01,-8.008683585446e-02,-5.305884428315e-02
1.736995990e+05,-2.933263317419e+05,4.162849008367e+04,2.194752906343e+04,-8.786025253445e-01,-8.030507855557e-02,-5.325145354409e-02
1.742164969e+05,-2.937798923521e+05,4.158692465599e+04,2.191995383897e+04,-8.763318818093e-01,-8.052095454614e-02,-5.344347727624e-02
1.747337046e+05,-2.942325519397e+05,4.154522329686e+04,2.189226294169e+04,-8.740667922192e-01,-8.073434839374e-02,-5.363482121273e-02
1.752512443e+05,-2.946843311511e+05,4.150338537617e+04,2.186445541789e+04,-8.718071303440e-01,-8.094527010686e-02,-5.382550183012e-02
1.757691308e+05,-2.951352442278e+05,4.146141082553e+04,2.183653067834e+04,-8.695528024169e-01,-8.115372614634e-02,-5.401553285211e-02
1.762873115e+05,-2.955852467580e+05,4.141930505519e+04,2.180849177562e+04,-8.673040080992e-01,-8.135969577312e-02,-5.420490330209e-02
1.768057851e+05,-2.960343391611e+05,4.137706933754e+04,2.178033900867e+04,-8.650607230443e-01,-8.156317904728e-02,-5.439362113608e-02
1.773245711e+05,-2.964825397546e+05,4.133470325195e+04,2.175207154141e+04,-8.628228338275e-01,-8.176418377950e-02,-5.458170181396e-02
1.778435698e+05,-2.969297642444e+05,4.129221611964e+04,2.172369503802e+04,-8.605907394713e-01,-8.196267190818e-02,-5.476911778276e-02
1.783626666e+05,-2.973759160740e+05,4.124961860004e+04,2.169521607455e+04,-8.583648997500e-01,-8.215860136013e-02,-5.495583654938e-02
1.788819127e+05,-2.978210421335e+05,4.120690774149e+04,2.166663213435e+04,-8.561450587370e-01,-8.235199363801e-02,-5.514188574194e-02
1.794012495e+05,-2.982650946642e+05,4.116408965579e+04,2.163794675974e+04,-8.539314329062e-01,-8.254282869381e-02,-5.532725339538e-02
1.799206071e+05,-2.987080170085e+05,4.112117141287e+04,2.160916414502e+04,-8.517242830020e-01,-8.273108340343e-02,-5.551192392780e-02
1.804399783e+05,-2.991498062906e+05,4.107815494333e+04,2.158028504448e+04,-8.495236017990e-01,-8.291675798176e-02,-5.569590424394e-02
1.809592526e+05,-2.995903721931e+05,4.103505076181e+04,2.155131598229e+04,-8.473298176983e-01,-8.309981636677e-02,-5.587916489014e-02
1.814785663e+05,-3.000298339284e+05,4.099184890782e+04,2.152224972235e+04,-8.451423159898e-01,-8.328030957581e-02,-5.606176357935e-02
1.819977676e+05,-3.004680665744e+05,4.094856337187e+04,2.149309513212e+04,-8.429616977066e-01,-8.345818762320e-02,-5.624365652088e-02
1.825168031e+05,-3.009050292093e+05,4.090520002447e+04,2.146385563464e+04,-8.407881455765e-01,-8.363343621761e-02,-5.642483494077e-02
1.830356827e+05,-3.013407346831e+05,4.086175944083e+04,2.143453108642e+04,-8.386215750496e-01,-8.380606284095e-02,-5.660531237773e-02
1.835543749e+05,-3.017751608224e+05,4.081824569068e+04,2.140512370115e+04,-8.364620760673e-01,-8.397606091232e-02,-5.678508784517e-02
1.840727615e+05,-3.022082135346e+05,4.077467014023e+04,2.137564063704e+04,-8.343100960997e-01,-8.414339648024e-02,-5.696413065174e-02
1.845908734e+05,-3.026399236193e+05,4.073103167710e+04,2.134608062282e+04,-8.321654620360e-01,-8.430808459768e-02,-5.714246179070e-02
1.851086387e+05,-3.030702365225e+05,4.068733782025e+04,2.131644823340e+04,-8.300284251290e-01,-8.447010760384e-02,-5.732006697398e-02
1.856258977e+05,-3.034990254001e+05,4.064360357893e+04,2.128675314944e+04,-8.278995955073e-01,-8.462942206827e-02,-5.749690216065e-02
1.861428155e+05,-3.039264328735e+05,4.059981652587e+04,2.125698643076e+04,-8.257782456858e-01,-8.478608502718e-02,-5.767303444227e-02
1.866592312e+05,-3.043523318059e+05,4.055599179514e+04,2.122715785988e+04,-8.236649876779e-01,-8.494005364891e-02,-5.784841966120e-02
1.871751522e+05,-3.047767345551e+05,4.051213030229e+04,2.119726756720e+04,-8.215597412869e-01,-8.509133687628e-02,-5.802307116064e-02
1.876905238e+05,-3.051996024428e+05,4.046823824938e+04,2.116731928874e+04,-8.194626798160e-01,-8.523992544573e-02,-5.819698125399e-02
1.882054077e+05,-3.056209925313e+05,4.042431190572e+04,2.113730998482e+04,-8.173735021335e-01,-8.538584364083e-02,-5.837018159883e-02
1.887196355e+05,-3.060407735042e+05,4.038036720125e+04,2.110725005323e+04,-8.152928413599e-01,-8.552905064658e-02,-5.854262640251e-02
1.892331808e+05,-3.064589309459e+05,4.033640798222e+04,2.107714165908e+04,-8.132207511210e-01,-8.566954718682e-02,-5.871431793474e-02
1.897460078e+05,-3.068754431686e+05,4.029243888790e+04,2.104698751902e+04,-8.111573213797e-01,-8.580733176899e-02,-5.888525544984e-02
1.902581363e+05,-3.072903335759e+05,4.024845980410e+04,2.101678709373e+04,-8.091024190756e-01,-8.594241779237e-02,-5.905545666772e-02
1.907695897e+05,-3.077036281072e+05,4.020447030350e+04,2.098653962179e+04,-8.070558990826e-01,-8.607481885119e-02,-5.922494029050e-02
1.912801745e+05,-3.081151782333e+05,4.016048859507e+04,2.095625717396e+04,-8.050184803952e-01,-8.620449335929e-02,-5.939365345418e-02
1.917899048e+05,-3.085250033518e+05,4.011651508679e+04,2.092593960109e+04,-8.029900506718e-01,-8.633145433812e-02,-5.956161213320e-02
1.922988711e+05,-3.089331839570e+05,4.007254355525e+04,2.089558216854e+04,-8.009701957432e-01,-8.645573273877e-02,-5.972885727269e-02
1.928068860e+05,-3.093395777969e+05,4.002859177454e+04,2.086519671400e+04,-7.989596040569e-01,-8.657729166032e-02,-5.989533850310e-02
1.933139234e+05,-3.097441726236e+05,3.998466361385e+04,2.083478550434e+04,-7.969583208766e-01,-8.669613500118e-02,-6.006105868833e-02
1.938200888e+05,-3.101470608368e+05,3.994075153063e+04,2.080434289927e+04,-7.949658743335e-01,-8.681229673476e-02,-6.022606349463e-02
1.943251602e+05,-3.105480744527e+05,3.989687636665e+04,2.077388294308e+04,-7.929830806259e-01,-8.692573579849e-02,-6.039029189162e-02
1.948291802e+05,-3.109472562279e+05,3.985303604991e+04,2.074340381535e+04,-7.910097140024e-01,-8.703647261212e-02,-6.055376910315e-02
1.953321509e+05,-3.113446168561e+05,3.980923197312e+04,2.071290609660e+04,-7.890457077163e-01,-8.714451796959e-02,-6.071650716016e-02
1.958341303e+05,-3.117402106040e+05,3.976546067580e+04,2.068238698174e+04,-7.870907801288e-01,-8.724989385632e-02,-6.087853588298e-02
1.963349936e+05,-3.121339481105e+05,3.972173458347e+04,2.065185474721e+04,-7.851453597509e-01,-8.735258393303e-02,-6.103982620654e-02
1.968346435e+05,-3.125257621630e+05,3.967806378778e+04,2.062131608232e+04,-7.832097657607e-01,-8.745257939514e-02,-6.120035805843e-02
1.973331135e+05,-3.129156884632e+05,3.963444694904e+04,2.059076970220e+04,-7.812838092129e-01,-8.754989830942e-02,-6.136015345629e-02
1.978304058e+05,-3.133037381587e+05,3.959088542450e+04,2.056021620521e+04,-7.793674229013e-01,-8.764455198840e-02,-6.151922429794e-02
1.983264623e+05,-3.136898753399e+05,3.954738585710e+04,2.052965990684e+04,-7.774607723597e-01,-8.773654038759e-02,-6.167756312161e-02
1.988213025e+05,-3.140741246441e+05,3.950394808249e+04,2.049910035411e+04,-7.755637244819e-01,-8.782587816567e-02,-6.183518721904e-02
1.993149035e+05,-3.144564776431e+05,3.946057564734e+04,2.046853970610e+04,-7.736763098016e-01,-8.791257199715e-02,-6.199210025820e-02
1.998072180e+05,-3.148369073307e+05,3.941727422195e+04,2.043798163310e+04,-7.717986508742e-01,-8.799662468784e-02,-6.214829820374e-02
2.002982135e+05,-3.152153982470e+05,3.937404818912e+04,2.040742891583e+04,-7.699308135564e-01,-8.807804211740e-02,-6.230378167314e-02
2.007878410e+05,-3.155919225112e+05,3.933090337220e+04,2.037688537150e+04,-7.680729253022e-01,-8.815682796905e-02,-6.245854609049e-02
2.012760711e+05,-3.159664675254e+05,3.928784386763e+04,2.034635361466e+04,-7.662250384464e-01,-8.823298965860e-02,-6.261259306487e-02
2.017630127e+05,-3.163391266226e+05,3.924486154321e+04,2.031582758351e+04,-7.643866831059e-01,-8.830655551836e-02,-6.276596772719e-02
2.022485031e+05,-3.167097849943e+05,3.920197224125e+04,2.028531824362e+04,-7.625584165504e-01,-8.837751245158e-02,-6.291862948591e-02
2.027326338e+05,-3.170785225765e+05,3.915916932245e+04,2.025482059924e+04,-7.607398357110e-01,-8.844588566497e-02,-6.307061783396e-02
2.032153219e+05,-3.174452859247e+05,3.911646157602e+04,2.022434064068e+04,-7.589311957365e-01,-8.851167494872e-02,-6.322191724782e-02
2.036965592e+05,-3.178100789474e+05,3.907385114915e+04,2.019387964464e+04,-7.571324692025e-01,-8.857489119149e-02,-6.337253574298e-02
2.041763549e+05,-3.181729185321e+05,3.903133864963e+04,2.016343779207e+04,-7.553435650270e-01,-8.863554736292e-02,-6.352248662775e-02
2.046546424e+05,-3.185337643038e+05,3.898893139013e+04,2.013302007745e+04,-7.535646747540e-01,-8.869364702421e-02,-6.367175945874e-02
2.051314350e+05,-3.188926365011e+05,3.894662957382e+04,2.010262641578e+04,-7.517956913924e-01,-8.874920398838e-02,-6.382036875733e-02
2.056067175e+05,-3.192495336352e+05,3.890443593640e+04,2.007225854504e+04,-7.500366153821e-01,-8.880222846931e-02,-6.396831998599e-02
2.060805145e+05,-3.196044841511e+05,3.886234964962e+04,2.004191564272e+04,-7.482872999422e-01,-8.885273495123e-02,-6.411563095288e-02
2.065528129e+05,-3.199574880903e+05,3.882037321701e+04,2.001159928823e+04,-7.465477386040e-01,-8.890073349873e-02,-6.426230763119e-02
2.070235262e+05,-3.203084908144e+05,3.877851566039e+04,1.998131579142e+04,-7.448181946056e-01,-8.894622733510e-02,-6.440833315206e-02
2.074926746e+05,-3.206575175419e+05,3.873677649977e+04,1.995106461342e+04,-7.430985379377e-01,-8.898923074674e-02,-6.455372373371e-02
2.079602981e+05,-3.210046078780e+05,3.869515348109e+04,1.992084392201e+04,-7.413885680408e-01,-8.902975909768e-02,-6.469850156842e-02
2.084263291e+05,-3.213497216224e+05,3.865365389528e+04,1.989065882022e+04,-7.396884778128e-01,-8.906781827591e-02,-6.484265549789e-02
2.088908067e+05,-3.216928976292e+05,3.861227552847e+04,1.986050751543e+04,-7.379980709688e-01,-8.910342325627e-02,-6.498620727661e-02
2.093537035e+05,-3.220341254475e+05,3.857102207249e+04,1.983039251677e+04,-7.363173943843e-01,-8.913658346717e-02,-6.512915799931e-02
2.098149729e+05,-3.223733806330e+05,3.852989891823e+04,1.980031759523e+04,-7.346465640908e-01,-8.916730749610e-02,-6.527150277368e-02
2.102746849e+05,-3.227107244517e+05,3.848890104424e+04,1.977027891350e+04,-7.329852742617e-01,-8.919561159896e-02,-6.541327260433e-02
2.107327450e+05,-3.230460973943e+05,3.844803807365e+04,1.974028336550e+04,-7.313338141143e-01,-8.922150158937e-02,-6.555444769585e-02
2.111892462e+05,-3.233795772280e+05,3.840730290020e+04,1.971032558196e+04,-7.296917971121e-01,-8.924499421001e-02,-6.569506593192e-02
2.116440966e+05,-3.237111064643e+05,3.836670489250e+04,1.968041230356e+04,-7.280595029761e-01,-8.926609606924e-02,-6.583510815417e-02
2.120973366e+05,-3.240407242667e+05,3.832624159597e+04,1.965054158585e+04,-7.264367357616e-01,-8.928482063041e-02,-6.597459588191e-02
2.125489392e+05,-3.243684205895e+05,3.828591655808e+04,1.962071591322e+04,-7.248235420428e-01,-8.930117812781e-02,-6.611352978586e-02
2.129989326e+05,-3.246942253756e+05,3.824572838591e+04,1.959093412475e+04,-7.232197717639e-01,-8.931518078921e-02,-6.625192741986e-02
2.134472801e+05,-3.250181216417e+05,3.820568144655e+04,1.956119933170e+04,-7.216255060954e-01,-8.932683862179e-02,-6.638978635711e-02
2.138939746e+05,-3.253401137323e+05,3.816577746655e+04,1.953151270358e+04,-7.200407214265e-01,-8.933616279475e-02,-6.652711313048e-02
2.143390374e+05,-3.256602263515e+05,3.812601562143e+04,1.950187351605e+04,-7.184652941607e-01,-8.934316487763e-02,-6.666392290893e-02
2.147824620e+05,-3.259784641947e+05,3.808639753845e+04,1.947228287241e+04,-7.168991993969e-01,-8.934785566505e-02,-6.680022228334e-02
2.152241936e+05,-3.262947972925e+05,3.804692915528e+04,1.944274511434e+04,-7.153425830066e-01,-8.935024583361e-02,-6.693600287835e-02
2.156642965e+05,-3.266092809952e+05,3.800760574771e+04,1.941325661566e+04,-7.137951712114e-01,-8.935034680568e-02,-6.707129285874e-02
2.161027785e+05,-3.269219299512e+05,3.796842762291e+04,1.938381750586e+04,-7.122568907426e-01,-8.934816899094e-02,-6.720610294580e-02
2.165395966e+05,-3.272327225191e+05,3.792939962024e+04,1.935443133201e+04,-7.107278470638e-01,-8.934372318290e-02,-6.734042812995e-02
2.169747710e+05,-3.275416823015e+05,3.789052088807e+04,1.932509737266e+04,-7.092079232128e-01,-8.933701983090e-02,-6.747428284924e-02
2.174082526e+05,-3.278487833069e+05,3.785179679561e+04,1.929581960930e+04,-7.076972463809e-01,-8.932807048610e-02,-6.760765998586e-02
2.178400422e+05,-3.281540353126e+05,3.781322819982e+04,1.926659863515e+04,-7.061957679554e-01,-8.931688621117e-02,-6.774056781122e-02
2.182701913e+05,-3.284574837297e+05,3.777481141678e+04,1.923743159816e+04,-7.047032642364e-01,-8.930347625127e-02,-6.787303012137e-02
2.186986813e+05,-3.287591240661e+05,3.773654903873e+04,1.920832040320e+04,-7.032197571618e-01,-8.928785143242e-02,-6.800504895787e-02
2.191255474e+05,-3.290589898803e+05,3.769843880715e+04,1.917926326975e+04,-7.017450816965e-01,-8.927002049239e-02,-6.813664297240e-02
2.195507263e+05,-3.293570454061e+05,3.766048725187e+04,1.915026512516e+04,-7.002794138834e-01,-8.924999624567e-02,-6.826780034003e-02
2.199742713e+05,-3.296533365898e+05,3.762269048839e+04,1.912132295700e+04,-6.988225280840e-01,-8.922778636341e-02,-6.839854507878e-02
2.203961717e+05,-3.299478644890e+05,3.758505031619e+04,1.909243809426e+04,-6.973744195573e-01,-8.920340116799e-02,-6.852888145178e-02
2.208164080e+05,-3.302406239880e+05,3.754756931002e+04,1.906361247548e+04,-6.959351140448e-01,-8.917685172560e-02,-6.865881089461e-02
2.212349815e+05,-3.305316245292e+05,3.751024816553e+04,1.903484660731e+04,-6.945045658424e-01,-8.914814797014e-02,-6.878834121493e-02
2.216519040e+05,-3.308208825802e+05,3.747308665142e+04,1.900614028526e+04,-6.930826948511e-01,-8.911729896064e-02,-6.891748331952e-02
2.220671775e+05,-3.311084078763e+05,3.743608537397e+04,1.897749395332e+04,-6.916694542042e-01,-8.908431423122e-02,-6.904624509330e-02
2.224808240e+05,-3.313942239488e+05,3.739924313617e+04,1.894890665984e+04,-6.902647293611e-01,-8.904920145590e-02,-6.917464059132e-02
2.228928119e+05,-3.316783169696e+05,3.736256353367e+04,1.892038117720e+04,-6.888685895213e-01,-8.901197279593e-02,-6.930266704872e-02
2.233031712e+05,-3.319607157532e+05,3.732604463968e+04,1.889191599481e+04,-6.874808944312e-01,-8.897263496247e-02,-6.943034083983e-02
2.237118599e+05,-3.322413995181e+05,3.728969091744e+04,1.886351458745e+04,-6.861017476667e-01,-8.893120145305e-02,-6.955765588414e-02
2.241189361e+05,-3.325204160600e+05,3.725349792912e+04,1.883517348527e+04,-6.847309159550e-01,-8.888767569263e-02,-6.968463714544e-02
2.245243594e+05,-3.327977456618e+05,3.721746996147e+04,1.880689604320e+04,-6.833684978507e-01,-8.884207110332e-02,-6.981127890685e-02
2.249281661e+05,-3.330734209540e+05,3.718160448580e+04,1.877868028091e+04,-6.820143348335e-01,-8.879439271987e-02,-6.993759926503e-02
2.253303528e+05,-3.333474473041e+05,3.714590248832e+04,1.875052697579e+04,-6.806684024317e-01,-8.874464975054e-02,-7.006360387449e-02
2.257309057e+05,-3.336198229670e+05,3.711036586486e+04,1.872243763389e+04,-6.793307111936e-01,-8.869285282428e-02,-7.018929504626e-02
2.261298276e+05,-3.338905576352e+05,3.707499500205e+04,1.869441257994e+04,-6.780012155793e-01,-8.863901053376e-02,-7.031468029426e-02
2.265271616e+05,-3.341596879342e+05,3.703978673858e+04,1.866644932208e+04,-6.766797379016e-01,-8.858312565265e-02,-7.043977964733e-02
2.269228637e+05,-3.344271915871e+05,3.700474559379e+04,1.863855146818e+04,-6.753663897974e-01,-8.852521290439e-02,-7.056458576246e-02
2.273169764e+05,-3.346931047042e+05,3.696986842400e+04,1.861071653961e+04,-6.740609963078e-01,-8.846527461419e-02,-7.068911844523e-02
2.277094438e+05,-3.349573970614e+05,3.693516076326e+04,1.858294898613e+04,-6.727637082038e-01,-8.840332789503e-02,-7.081336642203e-02
2.281003464e+05,-3.352201300382e+05,3.690061609833e+04,1.855524362902e+04,-6.714742266875e-01,-8.833936847483e-02,-7.093736142213e-02
2.284896593e+05,-3.354812940455e+05,3.686623720996e+04,1.852760272154e+04,-6.701926014072e-01,-8.827340833476e-02,-7.106110184529e-02
2.288773412e+05,-3.357408685658e+05,3.683202831109e+04,1.850002969691e+04,-6.689189356632e-01,-8.820546295328e-02,-7.118458072030e-02
2.292634619e+05,-3.359989075303e+05,3.679798378362e+04,1.847252007073e+04,-6.676529675212e-01,-8.813552828991e-02,-7.130782645545e-02
2.296479870e+05,-3.362553949124e+05,3.676410720807e+04,1.844507677618e+04,-6.663947783852e-01,-8.806361848092e-02,-7.143083416680e-02
2.300309035e+05,-3.365103289830e+05,3.673040026766e+04,1.841770123520e+04,-6.651443795381e-01,-8.798974429706e-02,-7.155360565161e-02
2.304122716e+05,-3.367637567535e+05,3.669685817697e+04,1.839038961242e+04,-6.639015432852e-01,-8.791390200846e-02,-7.167616621944e-02
2.307920664e+05,-3.370156684652e+05,3.666348363552e+04,1.836314415289e+04,-6.626663204464e-01,-8.783610414467e-02,-7.179851384256e-02
2.311702806e+05,-3.372660660151e+05,3.663027778661e+04,1.833596585148e+04,-6.614387047073e-01,-8.775636008860e-02,-7.192065201854e-02
2.315469109e+05,-3.375149540463e+05,3.659724139281e+04,1.830885540258e+04,-6.602186763299e-01,-8.767467848911e-02,-7.204258551543e-02
2.319219901e+05,-3.377623609091e+05,3.656437204822e+04,1.828181089947e+04,-6.590060994326e-01,-8.759105994282e-02,-7.216433073813e-02
2.322955439e+05,-3.380083099491e+05,3.653166798441e+04,1.825483094378e+04,-6.578008627704e-01,-8.750550595190e-02,-7.228590176750e-02
2.326675416e+05,-3.382527874477e+05,3.649913234245e+04,1.822791819054e+04,-6.566030367793e-01,-8.741803078923e-02,-7.240729435666e-02
2.330379630e+05,-3.384957867155e+05,3.646676731797e+04,1.820107454014e+04,-6.554126574371e-01,-8.732864691046e-02,-7.252850755690e-02
2.334068606e+05,-3.387373485860e+05,3.643456875741e+04,1.817429662822e+04,-6.542295279764e-01,-8.723734910388e-02,-7.264956413270e-02
2.337742211e+05,-3.389774706115e+05,3.640253825124e+04,1.814758585240e+04,-6.530536637112e-01,-8.714414778054e-02,-7.277046529390e-02
2.341400789e+05,-3.392161815155e+05,3.637067321377e+04,1.812094013080e+04,-6.518849273574e-01,-8.704904113147e-02,-7.289122794150e-02
2.345043928e+05,-3.394534606394e+05,3.633897763269e+04,1.809436288007e+04,-6.507234234538e-01,-8.695204686286e-02,-7.301184400012e-02
2.348671772e+05,-3.396893234954e+05,3.630745065190e+04,1.806785347851e+04,-6.495690794588e-01,-8.685316845187e-02,-7.313232361904e-02
2.352284653e+05,-3.399237977680e+05,3.627608976658e+04,1.804140990745e+04,-6.484217633382e-01,-8.675240369881e-02,-7.325268327056e-02
2.355882182e+05,-3.401568641808e+05,3.624489873487e+04,1.801503543102e+04,-6.472815728848e-01,-8.664977042730e-02,-7.337291532893e-02
2.359464732e+05,-3.403885529816e+05,3.621387467281e+04,1.798872771223e+04,-6.461483636093e-01,-8.654526494889e-02,-7.349303761589e-02
2.363032320e+05,-3.406188711477e+05,3.618301779132e+04,1.796248702537e+04,-6.450221049246e-01,-8.643889341899e-02,-7.361305601794e-02
2.366584913e+05,-3.408478223829e+05,3.615232872377e+04,1.793631401090e+04,-6.439027822699e-01,-8.633066352449e-02,-7.373297468341e-02
2.370122766e+05,-3.410754288545e+05,3.612180561138e+04,1.791020718438e+04,-6.427902908571e-01,-8.622057403006e-02,-7.385280745232e-02
2.373645590e+05,-3.413016777374e+05,3.609145127126e+04,1.788416906319e+04,-6.416846969633e-01,-8.610864050020e-02,-7.397254974614e-02
2.377153541e+05,-3.415265847882e+05,3.606126467187e+04,1.785819888071e+04,-6.405859271732e-01,-8.599486472546e-02,-7.409221199564e-02
2.380646744e+05,-3.417501636522e+05,3.603124504723e+04,1.783229609316e+04,-6.394939184418e-01,-8.587924917352e-02,-7.421180358071e-02
2.384125392e+05,-3.419724322566e+05,3.600139103903e+04,1.780645963931e+04,-6.384085868665e-01,-8.576179368594e-02,-7.433133625157e-02
2.387589502e+05,-3.421933971558e+05,3.597170279970e+04,1.778068976100e+04,-6.373299041280e-01,-8.564250376742e-02,-7.445081570745e-02
2.391038937e+05,-3.424130549503e+05,3.594218180439e+04,1.775498785864e+04,-6.362578904919e-01,-8.552139044176e-02,-7.457024220516e-02
2.394473859e+05,-3.426314215520e+05,3.591282691798e+04,1.772935306924e+04,-6.351924719729e-01,-8.539845418498e-02,-7.468962645252e-02
2.397894459e+05,-3.428485143651e+05,3.588363678834e+04,1.770378433135e+04,-6.341335673679e-01,-8.527369414524e-02,-7.480898007836e-02
2.401300538e+05,-3.430643259672e+05,3.585461338635e+04,1.767828349718e+04,-6.330812165863e-01,-8.514712363707e-02,-7.492830106768e-02
2.404692158e+05,-3.432788656700e+05,3.582575641834e+04,1.765285044544e+04,-6.320353779019e-01,-8.501874649542e-02,-7.504759654840e-02
2.408069464e+05,-3.434921477373e+05,3.579706490938e+04,1.762748445269e+04,-6.309959854802e-01,-8.488856334376e-02,-7.516687644722e-02
2.411432433e+05,-3.437041759993e+05,3.576853927311e+04,1.760218602249e+04,-6.299630243582e-01,-8.475658096078e-02,-7.528614489294e-02
2.414781253e+05,-3.439149673320e+05,3.574017815359e+04,1.757695409053e+04,-6.289364160358e-01,-8.462279786589e-02,-7.540541337069e-02
2.418115844e+05,-3.441245217076e+05,3.571198245472e+04,1.755178960170e+04,-6.279161643644e-01,-8.448722307707e-02,-7.552468384498e-02
2.421436403e+05,-3.443328566267e+05,3.568395070783e+04,1.752669138804e+04,-6.269021878592e-01,-8.434985423425e-02,-7.564396824919e-02
2.424742755e+05,-3.445399659110e+05,3.565608461622e+04,1.750166112294e+04,-6.258945202951e-01,-8.421070444993e-02,-7.576326498007e-02
2.428035216e+05,-3.447458742827e+05,3.562838171178e+04,1.747669673906e+04,-6.248930450978e-01,-8.406976609161e-02,-7.588259021199e-02
2.431313753e+05,-3.449505846125e+05,3.560084245285e+04,1.745179879499e+04,-6.238977520394e-01,-8.392704593745e-02,-7.600194759160e-02
2.434578327e+05,-3.451540991435e+05,3.557346736855e+04,1.742696792361e+04,-6.229086339159e-01,-8.378255135660e-02,-7.612134034130e-02
2.437829194e+05,-3.453564385652e+05,3.554625449353e+04,1.740220249513e+04,-6.219255938878e-01,-8.363627643973e-02,-7.624078254116e-02
2.441066087e+05,-3.455575910860e+05,3.551920621768e+04,1.737750484424e+04,-6.209486929319e-01,-8.348823860989e-02,-7.636026912483e-02
2.444289302e+05,-3.457575797009e+05,3.549232023968e+04,1.735287303464e+04,-6.199778230427e-01,-8.333842991489e-02,-7.647981561100e-02
2.447498905e+05,-3.459564130486e+05,3.546559617647e+04,1.732830687314e+04,-6.190129459880e-01,-8.318685252300e-02,-7.659942910435e-02
2.450694783e+05,-3.461540887718e+05,3.543903510983e+04,1.730380752023e+04,-6.180540768771e-01,-8.303351703766e-02,-7.671911006661e-02
2.453876849e+05,-3.463506060286e+05,3.541263790393e+04,1.727937595342e+04,-6.171012233981e-01,-8.287843327922e-02,-7.683885975021e-02
2.457045653e+05,-3.465460031937e+05,3.538640014372e+04,1.725500825530e+04,-6.161542031419e-01,-8.272157966794e-02,-7.695870342392e-02
2.460200877e+05,-3.467402651447e+05,3.536032458754e+04,1.723070715388e+04,-6.152130930737e-01,-8.256297686886e-02,-7.707863373807e-02
2.463342873e+05,-3.469334178554e+05,3.533440846407e+04,1.720647023781e+04,-6.142777710097e-01,-8.240261226984e-02,-7.719866862320e-02
2.466471280e+05,-3.471254435112e+05,3.530865486580e+04,1.718230057766e+04,-6.133483268264e-01,-8.224050938375e-02,-7.731879885505e-02
2.469586364e+05,-3.473163627867e+05,3.528306170892e+04,1.715819640673e+04,-6.124246640119e-01,-8.207665971841e-02,-7.743903913296e-02
2.472688217e+05,-3.475061854688e+05,3.525762835981e+04,1.713415730936e+04,-6.115067388106e-01,-8.191106349406e-02,-7.755939747837e-02
2.475776775e+05,-3.476949119437e+05,3.523235543262e+04,1.711018405272e+04,-6.105945529165e-01,-8.174372907639e-02,-7.767987595974e-02
2.478852331e+05,-3.478825642946e+05,3.520724062517e+04,1.708627463680e+04,-6.096880031675e-01,-8.157464540500e-02,-7.780049054508e-02
2.481914786e+05,-3.480691405228e+05,3.518228484902e+04,1.706243011175e+04,-6.087871027959e-01,-8.140382266502e-02,-7.792124185398e-02
2.484964027e+05,-3.482546378432e+05,3.515748910683e+04,1.703865163381e+04,-6.078918687385e-01,-8.123127219525e-02,-7.804212985705e-02
2.488000397e+05,-3.484390811856e+05,3.513285068592e+04,1.701493679676e+04,-6.070021841807e-01,-8.105697941073e-02,-7.816317262342e-02
2.491023773e+05,-3.486224670858e+05,3.510837065840e+04,1.699128682509e+04,-6.061180693408e-01,-8.088095601740e-02,-7.828436974880e-02
2.494034340e+05,-3.488048106407e+05,3.508404760685e+04,1.696770054616e+04,-6.052394549143e-01,-8.070319599711e-02,-7.840573306168e-02
2.497031996e+05,-3.489861097147e+05,3.505988240279e+04,1.694417900504e+04,-6.043663546469e-01,-8.052370991630e-02,-7.852726298248e-02
2.500016872e+05,-3.491663760332e+05,3.503587405835e+04,1.692072144574e+04,-6.034987154886e-01,-8.034249473720e-02,-7.864896918098e-02
2.502988991e+05,-3.493456148996e+05,3.501202243187e+04,1.689732793554e+04,-6.026365153227e-01,-8.015955361470e-02,-7.877085706939e-02
2.505948475e+05,-3.495238373637e+05,3.498832660724e+04,1.687399778212e+04,-6.017797043933e-01,-7.997488368378e-02,-7.889293601288e-02
2.508895334e+05,-3.497010478417e+05,3.496478654138e+04,1.685073115028e+04,-6.009282648531e-01,-7.978848872664e-02,-7.901521090143e-02
2.511829519e+05,-3.498772471917e+05,3.494140265239e+04,1.682752866921e+04,-6.000821959056e-01,-7.960037638204e-02,-7.913768413006e-02
2.514751162e+05,-3.500524469230e+05,3.491817393417e+04,1.680438955995e+04,-5.992414455816e-01,-7.941054291929e-02,-7.926036549377e-02
2.517660259e+05,-3.502266505118e+05,3.489510043719e+04,1.678131409332e+04,-5.984060004800e-01,-7.921899308156e-02,-7.938325923420e-02
2.520556997e+05,-3.503998727531e+05,3.487218070394e+04,1.675830103080e+04,-5.975757929246e-01,-7.902571897872e-02,-7.950637763717e-02
2.523441203e+05,-3.505721069434e+05,3.484941611232e+04,1.673535198154e+04,-5.967508582736e-01,-7.883073658318e-02,-7.962971774735e-02
2.526313186e+05,-3.507433749936e+05,3.482680424771e+04,1.671246473772e+04,-5.959310947968e-01,-7.863402952021e-02,-7.975329708451e-02
2.529172848e+05,-3.509136746148e+05,3.480434588524e+04,1.668964030740e+04,-5.951165166700e-01,-7.843560867566e-02,-7.987711588262e-02
